,Unnamed: 0,Word,Start,End,time_spent,post_pause,speaker,length,std_time_spent,amplitude,time
0,0,we,1.3,1.36,0.06,4.54,2,2,0.1875000000000012,0.6506925375596933,1.33
1,1,the,5.9,5.9,0.0,8.86,2,3,0.0,,5.9
2,2,the,14.76,14.76,0.0,0.5600000000000005,2,3,0.0,,14.76
3,3,for,15.32,15.44,0.1199999999999992,0.0400000000000009,2,3,0.25,0.2998328209343048,15.379999999999999
4,4,london,15.48,15.78,0.2999999999999989,0.0400000000000009,2,6,0.3125000000000009,0.4619623118085106,15.629999999999999
5,5,i,15.82,15.86,0.0399999999999991,0.1400000000000005,2,1,0.249999999999996,0.4318604844771112,15.84
6,6,talked,16.0,16.26,0.2600000000000015,0.0,2,6,0.2708333333333367,0.2180664667720465,16.130000000000003
7,7,about,16.26,16.46,0.1999999999999993,0.0799999999999983,2,5,0.2500000000000007,0.4704676961397671,16.36
8,8,visualization,16.54,17.22,0.6799999999999997,0.0800000000000018,2,13,0.3269230769230789,0.2381281409252778,16.88
9,9,today,17.3,17.54,0.2399999999999984,0.2200000000000024,2,5,0.3,0.0275429728562137,17.42
10,10,and,17.76,18.06,0.2999999999999971,0.0400000000000027,2,3,0.6249999999999981,0.2402438821632,17.91
11,11,i,18.1,18.16,0.0599999999999987,0.0599999999999987,2,1,0.3749999999999943,0.1732141261663632,18.130000000000003
12,12,think,18.22,18.42,0.2000000000000028,0.0799999999999983,2,5,0.2500000000000051,0.1684255823076728,18.32
13,13,the,18.5,18.62,0.120000000000001,0.5399999999999991,2,3,0.2500000000000037,0.2502641329058485,18.560000000000002
14,14,beautiful,19.16,19.54,0.379999999999999,0.0199999999999995,1,9,0.2638888888888899,0.3368188530741021,19.35
15,15,thing,19.56,19.68,0.120000000000001,0.0199999999999995,1,5,0.1500000000000022,0.2370115619513796,19.619999999999997
16,16,about,19.7,19.84,0.1400000000000005,0.0599999999999987,1,5,0.1750000000000018,0.4123961487431238,19.77
17,17,data,19.9,20.1,0.2000000000000028,0.0199999999999995,1,4,0.3125000000000064,0.2338439329529993,20.0
18,18,visualisation,20.12,20.76,0.6400000000000006,0.139999999999997,1,13,0.30769230769231,0.1659082448044784,20.44
19,19,is,20.9,21.06,0.1600000000000001,0.0600000000000022,1,2,0.5000000000000036,0.1965571489493841,20.979999999999997
20,20,that,21.12,21.24,0.1199999999999974,0.0200000000000031,1,4,0.1874999999999971,0.3197967318731609,21.18
21,21,it,21.26,21.32,0.0599999999999987,0.0399999999999991,1,2,0.1874999999999971,0.2869601324517819,21.29
22,22,can,21.36,21.48,0.120000000000001,0.0799999999999983,1,3,0.2500000000000037,0.075086035934326,21.42
23,23,tell,21.56,21.78,0.2200000000000024,0.0599999999999987,1,4,0.343750000000006,0.1213879670480659,21.67
24,24,you,21.84,21.96,0.120000000000001,0.5,1,3,0.2500000000000037,0.4673107051782814,21.9
25,25,answers,22.46,22.84,0.379999999999999,0.0199999999999995,1,7,0.3392857142857156,0.2308289181630319,22.65
26,26,to,22.86,22.94,0.0800000000000018,0.1199999999999974,1,2,0.2500000000000072,0.0729652744059816,22.9
27,27,questions,23.06,23.48,0.4200000000000017,0.0199999999999995,1,9,0.2916666666666698,0.1665769584539279,23.27
28,28,you,23.5,23.58,0.0799999999999983,0.0400000000000027,1,3,0.1666666666666642,0.1552336033542993,23.54
29,29,didn't,23.62,23.8,0.1799999999999997,0.0399999999999991,1,6,0.1875000000000009,0.16913189706307,23.71
30,30,even,23.84,24.04,0.1999999999999993,0.0600000000000022,1,4,0.3125000000000009,0.1779016833565612,23.939999999999998
31,31,know,24.1,24.22,0.1199999999999974,0.0400000000000027,1,4,0.1874999999999971,0.2411439662988922,24.16
32,32,you,24.26,24.34,0.0799999999999983,0.1000000000000014,1,3,0.1666666666666642,0.1362053749741291,24.3
33,33,had,24.44,24.8,0.3599999999999994,0.6400000000000006,1,3,0.7500000000000036,0.0432156003941962,24.62
34,34,one,25.44,25.6,0.1600000000000001,0.0199999999999995,1,3,0.3333333333333357,0.4288289551371761,25.520000000000003
35,35,of,25.62,25.68,0.0599999999999987,0.0399999999999991,1,2,0.1874999999999971,0.5443194708542985,25.65
36,36,the,25.72,25.78,0.0600000000000022,0.0799999999999983,1,3,0.1250000000000054,0.2020913345547789,25.75
37,37,themes,25.86,26.24,0.379999999999999,0.120000000000001,1,6,0.3958333333333349,0.2809365875410241,26.049999999999997
38,38,in,26.36,26.5,0.1400000000000005,0.0799999999999983,1,2,0.4375000000000045,0.290262404809485,26.43
39,39,our,26.58,26.7,0.120000000000001,0.0600000000000022,1,3,0.2500000000000037,0.1913489088113995,26.64
40,40,work,26.76,27.04,0.2799999999999976,0.0800000000000018,1,4,0.4374999999999991,0.1955024612064048,26.9
41,41,is,27.12,27.36,0.2399999999999984,0.379999999999999,1,2,0.75,0.1744934289339456,27.240000000000002
42,42,the,27.74,27.82,0.0800000000000018,0.0599999999999987,1,3,0.1666666666666715,0.0728169061535046,27.78
43,43,multi,27.88,28.16,0.2800000000000011,0.0199999999999995,1,5,0.3500000000000036,0.419920076372988,28.02
44,44,disciplinary,28.18,28.78,0.6000000000000014,0.0799999999999983,1,12,0.3125000000000028,0.1529102461389176,28.48
45,45,aspect,28.86,29.26,0.4000000000000021,0.0199999999999995,1,6,0.4166666666666715,0.0917967654876072,29.060000000000002
46,46,of,29.28,29.38,0.0999999999999978,0.0600000000000022,1,2,0.3124999999999951,0.0826741094804416,29.33
47,47,it,29.44,29.56,0.1199999999999974,0.0800000000000018,1,2,0.3749999999999943,0.0407809393294545,29.5
48,48,that,29.64,29.82,0.1799999999999997,0.3999999999999986,1,4,0.2812500000000014,0.1490266711723302,29.73
49,49,you,30.22,30.32,0.1000000000000014,0.0199999999999995,1,3,0.2083333333333376,0.2083646230823282,30.27
50,50,know,30.34,30.44,0.1000000000000014,0.0399999999999991,1,4,0.1562500000000032,0.2547006257869333,30.39
51,51,you,30.48,30.54,0.0599999999999987,0.0399999999999991,1,3,0.1249999999999981,0.197477314246765,30.509999999999998
52,52,can,30.58,30.68,0.1000000000000014,0.0599999999999987,1,3,0.2083333333333376,0.1405146263125136,30.63
53,53,bring,30.74,30.94,0.2000000000000028,0.0399999999999991,1,5,0.2500000000000051,0.2932991743368607,30.84
54,54,to,30.98,31.08,0.0999999999999978,0.0800000000000018,1,2,0.3124999999999951,0.1492855798581029,31.03
55,55,bear,31.16,31.44,0.2800000000000011,0.1600000000000001,1,4,0.4375000000000045,0.2525521880554043,31.3
56,56,design,31.6,32.28,0.6799999999999997,0.4200000000000017,1,6,0.7083333333333377,0.2733377196062113,31.94
57,57,art,32.7,33.18,0.4799999999999969,0.2999999999999971,2,3,1.0,0.1998807886588841,32.94
58,58,sociology,33.48,34.2,0.720000000000006,0.0799999999999983,1,9,0.5000000000000074,0.2107505472229714,33.84
59,59,even,34.28,34.58,0.2999999999999971,0.4600000000000008,1,4,0.4687499999999985,0.2191028334413532,34.43
60,60,psychology,35.04,35.44,0.3999999999999986,0.0399999999999991,1,10,0.2500000000000007,0.1009699065310184,35.239999999999995
61,61,psycho,35.48,35.78,0.3000000000000042,0.019999999999996,1,6,0.3125000000000064,0.1521174551522482,35.629999999999995
62,62,perception,35.8,36.38,0.5800000000000054,0.5799999999999983,1,10,0.3625000000000057,0.1615415803861451,36.09
63,63,and,36.96,37.32,0.3599999999999994,0.1599999999999966,1,3,0.7500000000000036,0.3425649798078463,37.14
64,64,all,37.48,37.7,0.2200000000000059,0.0399999999999991,1,3,0.4583333333333487,1.0,37.59
65,65,of,37.74,37.84,0.1000000000000014,0.0599999999999951,1,2,0.3125000000000064,0.3296875338049233,37.790000000000006
66,66,that,37.9,38.1,0.2000000000000028,0.0799999999999983,1,4,0.3125000000000064,0.359363474548508,38.0
67,67,ends,38.18,38.38,0.2000000000000028,0.019999999999996,1,4,0.3125000000000064,0.1939834078609465,38.28
68,68,up,38.4,38.54,0.1400000000000005,0.1000000000000014,1,2,0.4375000000000045,0.2291996936973012,38.47
69,69,giving,38.64,38.86,0.2199999999999988,0.0200000000000031,1,6,0.2291666666666669,0.2828984874193107,38.75
70,70,you,38.88,38.92,0.0399999999999991,0.0399999999999991,1,3,0.083333333333332,0.3049874559877815,38.900000000000006
71,71,a,38.96,39.0,0.0399999999999991,0.0799999999999983,1,1,0.249999999999996,0.3337574542071814,38.980000000000004
72,72,view,39.08,39.32,0.240000000000002,0.0399999999999991,1,4,0.3750000000000055,0.269943131990745,39.2
73,73,of,39.36,39.46,0.1000000000000014,0.0799999999999983,1,2,0.3125000000000064,0.300936355451106,39.41
74,74,data,39.54,39.86,0.3200000000000003,0.3999999999999986,1,4,0.5000000000000038,0.4000459498016823,39.7
75,75,that,40.26,40.4,0.1400000000000005,0.0200000000000031,1,4,0.2187500000000022,0.1948423433966069,40.33
76,76,is,40.42,40.5,0.0799999999999983,0.0399999999999991,1,2,0.2499999999999963,0.2693487047107569,40.46
77,77,holistic,40.54,41.12,0.5799999999999983,0.1400000000000005,1,8,0.4531250000000016,0.13462814250632,40.83
78,78,so,41.26,41.38,0.1200000000000045,0.1199999999999974,1,2,0.3750000000000165,0.2144232423318251,41.32
79,79,that,41.5,41.68,0.1799999999999997,0.3800000000000025,1,4,0.2812500000000014,0.319892186541188,41.59
80,80,you,42.06,42.14,0.0799999999999983,0.0399999999999991,1,3,0.1666666666666642,0.2993482176935523,42.1
81,81,don't,42.18,42.32,0.1400000000000005,0.0200000000000031,1,5,0.1750000000000018,0.8238692515971959,42.25
82,82,have,42.34,42.42,0.0799999999999983,0.019999999999996,1,4,0.1249999999999981,0.3286051425939001,42.38
83,83,to,42.44,42.5,0.0600000000000022,0.0600000000000022,1,2,0.1875000000000081,0.3752618132374716,42.47
84,84,go,42.56,42.66,0.0999999999999943,0.1000000000000014,1,2,0.3124999999999842,0.6291755230222297,42.61
85,85,in,42.76,42.86,0.1000000000000014,0.0399999999999991,1,2,0.3125000000000064,0.426672773592853,42.81
86,86,with,42.9,43.0,0.1000000000000014,0.0200000000000031,1,4,0.1562500000000032,0.2722200287002195,42.95
87,87,a,43.02,43.06,0.0399999999999991,0.0599999999999951,1,1,0.249999999999996,0.1277605826439681,43.040000000000006
88,88,particular,43.12,43.74,0.6200000000000045,0.0599999999999951,1,10,0.3875000000000054,0.1752952058523384,43.43
89,89,question,43.8,44.26,0.4600000000000008,0.0399999999999991,1,8,0.359375000000003,0.160668256245237,44.03
90,90,as,44.3,44.44,0.1400000000000005,0.0800000000000054,1,2,0.4375000000000045,0.093640116554623,44.37
91,91,often,44.52,44.8,0.279999999999994,0.0400000000000062,1,5,0.3499999999999947,0.2260407870830829,44.66
92,92,happens,44.84,45.22,0.3799999999999954,0.0200000000000031,1,7,0.3392857142857124,0.1659764527324512,45.03
93,93,and,45.24,45.34,0.1000000000000014,0.0399999999999991,1,3,0.2083333333333376,0.1238622317041381,45.290000000000006
94,94,statistical,45.38,45.9,0.519999999999996,0.0399999999999991,1,11,0.2954545454545451,0.0646051121083221,45.64
95,95,analysis,45.94,46.54,0.6000000000000014,0.3200000000000003,1,8,0.4687500000000041,0.1364292550329562,46.239999999999995
96,96,but,46.86,46.98,0.1199999999999974,0.0400000000000062,1,3,0.2499999999999962,0.3133773985333299,46.92
97,97,instead,47.02,47.38,0.3599999999999994,0.0599999999999951,1,7,0.3214285714285729,0.5094907704053947,47.2
98,98,you,47.44,47.48,0.0399999999999991,0.0600000000000022,1,3,0.083333333333332,0.4255837107892687,47.459999999999994
99,99,start,47.54,47.72,0.1799999999999997,0.0399999999999991,1,5,0.225000000000001,0.3296964403256723,47.629999999999995
100,100,to,47.76,47.82,0.0600000000000022,0.1199999999999974,1,2,0.1875000000000081,0.1172444433796181,47.79
101,101,see,47.94,48.12,0.1799999999999997,0.0800000000000054,1,3,0.3750000000000018,0.1462385429378638,48.03
102,102,the,48.2,48.26,0.0599999999999951,0.0800000000000054,1,3,0.1249999999999906,0.2997113382040887,48.230000000000004
103,103,whole,48.34,48.74,0.3999999999999986,0.1799999999999997,1,5,0.5000000000000014,0.2211936723791813,48.540000000000006
104,104,and,48.92,49.1,0.1799999999999997,0.0399999999999991,1,3,0.3750000000000018,0.3227689927431117,49.010000000000005
105,105,you,49.14,49.2,0.0600000000000022,0.0399999999999991,1,3,0.1250000000000054,0.3297072830465841,49.17
106,106,start,49.24,49.42,0.1799999999999997,0.0599999999999951,1,5,0.225000000000001,0.2341482261705886,49.33
107,107,to,49.48,49.54,0.0600000000000022,0.0799999999999983,1,2,0.1875000000000081,0.1056157911617119,49.51
108,108,realize,49.62,50.04,0.4200000000000017,0.0799999999999983,1,7,0.3750000000000039,0.5294382631571558,49.83
109,109,interesting,50.12,50.5,0.3800000000000025,0.0600000000000022,1,11,0.2159090909090937,0.2876508929688184,50.31
110,110,things,50.56,50.78,0.2199999999999988,0.0,1,6,0.2291666666666669,0.2583135330463955,50.67
111,111,that,50.78,50.86,0.0799999999999983,0.0,1,4,0.1249999999999981,0.1622773612466409,50.82
112,112,you,50.86,50.92,0.0600000000000022,0.0599999999999951,1,3,0.1250000000000054,0.1418023764448064,50.89
113,113,weren't,50.98,51.16,0.1799999999999997,0.0200000000000031,1,7,0.1607142857142864,0.2388057280022591,51.06999999999999
114,114,even,51.18,51.36,0.1799999999999997,0.0399999999999991,1,4,0.2812500000000014,0.1299501207680963,51.269999999999996
115,115,looking,51.4,51.66,0.259999999999998,0.0600000000000022,1,7,0.2321428571428569,0.0261584131413183,51.53
116,116,for,51.72,51.92,0.2000000000000028,0.9399999999999976,1,3,0.4166666666666752,0.0201127936673762,51.82
117,117,visualisation,52.86,53.5,0.6400000000000006,0.0799999999999983,2,13,0.30769230769231,0.3711447446324986,53.18
118,118,is,53.58,53.8,0.2199999999999988,0.1000000000000014,2,2,0.6875000000000008,0.3442007822872265,53.69
119,119,a,53.9,54.02,0.1200000000000045,0.279999999999994,2,1,0.7500000000000331,0.3406535906671089,53.96
120,120,kind,54.3,54.6,0.3000000000000042,0.0,2,4,0.4687500000000096,0.177532405729507,54.45
121,121,of,54.6,54.76,0.1599999999999966,0.2800000000000011,2,2,0.4999999999999926,0.1854233687480939,54.68
122,122,way,55.04,55.26,0.2199999999999988,0.0399999999999991,1,3,0.4583333333333338,0.6102303093497677,55.15
123,123,of,55.3,55.38,0.0800000000000054,0.0599999999999951,1,2,0.2500000000000185,0.5101557306913144,55.34
124,124,investigating,55.44,56.1,0.6600000000000037,0.0599999999999951,1,13,0.3173076923076962,0.2443873756570998,55.769999999999996
125,125,all,56.16,56.32,0.1600000000000037,0.0399999999999991,1,3,0.3333333333333432,0.2657695073247659,56.239999999999995
126,126,sorts,56.36,56.58,0.2199999999999988,0.0,1,5,0.2750000000000003,0.0403918913385559,56.47
127,127,of,56.58,56.64,0.0600000000000022,0.0799999999999983,1,2,0.1875000000000081,0.0600426734492613,56.61
128,128,questions,56.72,57.24,0.5200000000000031,0.1999999999999957,1,9,0.3611111111111156,0.0191273703392767,56.980000000000004
129,129,so,57.44,57.62,0.1799999999999997,0.5800000000000054,2,2,0.5625000000000028,0.3226313565715373,57.53
130,130,one,58.2,58.42,0.2199999999999988,0.0399999999999991,1,3,0.4583333333333338,0.5704820562071565,58.31
131,131,thing,58.46,58.6,0.1400000000000005,0.0399999999999991,1,5,0.1750000000000018,0.3463902000723836,58.53
132,132,that,58.64,58.72,0.0799999999999983,0.0200000000000031,1,4,0.1249999999999981,0.3024093086609734,58.68
133,133,we,58.74,58.8,0.0599999999999951,0.0800000000000054,1,2,0.1874999999999859,0.2512764060109752,58.769999999999996
134,134,often,58.88,59.2,0.3200000000000003,0.0399999999999991,1,5,0.4000000000000029,0.2445159729799596,59.040000000000006
135,135,do,59.24,59.38,0.1400000000000005,0.279999999999994,1,2,0.4375000000000045,0.2047763304948581,59.31
136,136,is,59.66,59.84,0.1800000000000068,0.019999999999996,1,2,0.562500000000025,0.1924831901867864,59.75
137,137,we,59.86,59.94,0.0799999999999983,0.0800000000000054,1,2,0.2499999999999963,0.1924210105015574,59.9
138,138,think,60.02,60.16,0.1399999999999934,0.0200000000000031,1,5,0.1749999999999929,0.2261016706996315,60.09
139,139,about,60.18,60.36,0.1799999999999997,0.0399999999999991,1,5,0.225000000000001,0.3864976934223478,60.269999999999996
140,140,visualisation,60.4,61.02,0.6200000000000045,0.0599999999999951,1,13,0.2980769230769272,0.1934058011637278,60.71
141,141,as,61.08,61.18,0.1000000000000014,0.1199999999999974,1,2,0.3125000000000064,0.1157230879316805,61.129999999999995
142,142,building,61.3,61.64,0.3400000000000034,0.0,1,8,0.2656250000000044,0.2707701961608848,61.47
143,143,a,61.64,61.68,0.0399999999999991,0.0799999999999983,1,1,0.249999999999996,0.2837740321038483,61.66
144,144,scientific,61.76,62.28,0.5200000000000031,0.0399999999999991,1,10,0.325000000000004,0.1026386089390394,62.019999999999996
145,145,instrument,62.32,62.82,0.5,0.1799999999999997,1,10,0.312500000000002,0.029719110262415,62.57
146,146,so,63.0,63.12,0.1199999999999974,0.0600000000000022,1,2,0.3749999999999943,0.2140910733638915,63.06
147,147,there'll,63.18,63.4,0.2199999999999988,0.0399999999999991,1,8,0.1718750000000002,0.3189503433456205,63.29
148,148,be,63.44,63.52,0.0800000000000054,0.0399999999999991,1,2,0.2500000000000185,0.256449379645994,63.480000000000004
149,149,a,63.56,63.6,0.0399999999999991,0.0599999999999951,1,1,0.249999999999996,0.253173328970496,63.58
150,150,some,63.66,63.88,0.2200000000000059,0.0999999999999943,1,4,0.3437500000000115,0.3954499286115456,63.769999999999996
151,151,broad,63.98,64.42,0.4400000000000048,0.039999999999992,1,5,0.5500000000000096,0.5584697044369833,64.2
152,152,area,64.46,64.78,0.3200000000000074,0.1200000000000045,1,4,0.5000000000000149,0.2318588976730686,64.62
153,153,say,64.9,65.04,0.1400000000000005,0.0999999999999943,1,3,0.2916666666666696,0.0743136224665131,64.97
154,154,wikipedia,65.14,65.8,0.6599999999999966,0.1200000000000045,1,9,0.458333333333334,0.1504492100046852,65.47
155,155,or,65.92,66.0,0.0799999999999983,0.0600000000000022,1,2,0.2499999999999963,0.0868309846320121,65.96000000000001
156,156,the,66.06,66.14,0.0799999999999983,0.0600000000000022,1,3,0.1666666666666642,0.0390908855273302,66.1
157,157,collaboration,66.2,66.82,0.6199999999999903,0.0400000000000062,1,13,0.2980769230769204,0.1873983323965969,66.50999999999999
158,158,dynamics,66.86,67.34,0.480000000000004,0.019999999999996,1,8,0.3750000000000055,0.1096333304345651,67.1
159,159,on,67.36,67.44,0.0799999999999983,0.0400000000000062,1,2,0.2499999999999963,0.2009443434083232,67.4
160,160,wikipedia,67.48,68.1,0.6199999999999903,0.5600000000000023,1,9,0.4305555555555517,0.0622513656788712,67.78999999999999
161,161,and,68.66,68.92,0.2600000000000051,0.2000000000000028,1,3,0.541666666666681,0.3540117313396864,68.78999999999999
162,162,will,69.12,69.34,0.2199999999999988,0.1199999999999903,1,4,0.3437500000000004,0.5449027448669851,69.23
163,163,essentially,69.46,69.94,0.480000000000004,0.1200000000000045,1,11,0.2727272727272768,0.1801794057171052,69.69999999999999
164,164,build,70.06,70.34,0.2800000000000011,0.0799999999999983,1,5,0.3500000000000036,0.3902978853362089,70.2
165,165,a,70.42,70.5,0.0799999999999983,0.0799999999999983,1,1,0.4999999999999926,0.1036415308356874,70.46000000000001
166,166,brand,70.58,70.86,0.2800000000000011,0.019999999999996,1,5,0.3500000000000036,0.2937970686038738,70.72
167,167,new,70.88,71.04,0.1600000000000108,0.059999999999988,1,3,0.333333333333358,0.2804519897594826,70.96000000000001
168,168,microscope,71.1,71.78,0.6800000000000068,0.2999999999999971,1,10,0.4250000000000071,0.0816838202197519,71.44
169,169,that,72.08,72.2,0.1200000000000045,0.0600000000000022,1,4,0.1875000000000082,0.1160836360620006,72.14
170,170,helps,72.26,72.5,0.2399999999999948,0.0,1,5,0.2999999999999955,0.1617797716347963,72.38
171,171,us,72.5,72.66,0.1599999999999966,0.2400000000000091,1,2,0.4999999999999926,0.3020571830013615,72.58
172,172,look,72.9,73.26,0.3599999999999994,0.019999999999996,1,4,0.5625000000000028,0.2076774656445421,73.08000000000001
173,173,at,73.28,73.36,0.0799999999999983,0.019999999999996,1,2,0.2499999999999963,0.138348997494396,73.32
174,174,that,73.38,73.52,0.1400000000000005,0.0799999999999983,1,4,0.2187500000000022,0.1956605025568382,73.44999999999999
175,175,data,73.6,73.9,0.3000000000000113,0.4399999999999977,1,4,0.4687500000000207,0.1264086225822756,73.75
176,176,and,74.34,74.58,0.2399999999999948,0.1000000000000085,1,3,0.4999999999999924,0.3307865210173422,74.46000000000001
177,177,by,74.68,74.78,0.0999999999999943,0.0799999999999983,1,2,0.3124999999999842,0.3364657722709362,74.73
178,178,looking,74.86,75.08,0.2199999999999988,0.0,1,7,0.1964285714285716,0.2724509726207316,74.97
179,179,at,75.08,75.18,0.1000000000000085,0.019999999999996,1,2,0.3125000000000286,0.2639373958996953,75.13
180,180,that,75.2,75.32,0.1199999999999903,0.0400000000000062,1,4,0.187499999999986,0.3646604535059551,75.25999999999999
181,181,data,75.36,75.6,0.2399999999999948,0.1000000000000085,1,4,0.3749999999999943,0.3231867140982398,75.47999999999999
182,182,then,75.7,75.86,0.1599999999999966,0.0600000000000022,1,4,0.2499999999999963,0.3256810931080035,75.78
183,183,we'll,75.92,76.08,0.1599999999999966,0.2999999999999971,1,5,0.199999999999997,0.2382631908866347,76.0
184,184,discover,76.38,76.9,0.5200000000000102,0.0799999999999983,1,8,0.4062500000000106,0.3701496320321804,76.64
185,185,interesting,76.98,77.36,0.3799999999999954,0.0400000000000062,1,11,0.2159090909090897,0.2276044111739737,77.17
186,186,dynamics,77.4,77.96,0.5599999999999881,0.0400000000000062,1,8,0.4374999999999935,0.1970115889576,77.68
187,187,we,78.0,78.06,0.0600000000000022,0.0799999999999983,1,2,0.1875000000000081,0.1083267479896886,78.03
188,188,hadn't,78.14,78.38,0.2399999999999948,0.0400000000000062,1,6,0.2499999999999962,0.1555782608132831,78.25999999999999
189,189,seen,78.42,78.6,0.1799999999999926,0.0400000000000062,1,4,0.2812499999999903,0.0903066990343008,78.50999999999999
190,190,before,78.64,79.04,0.4000000000000057,0.6400000000000006,1,6,0.4166666666666753,0.1105442393121675,78.84
191,191,and,79.68,79.82,0.1399999999999863,0.0600000000000022,1,3,0.29166666666664,0.4107472411701739,79.75
192,192,then,79.88,80.16,0.2800000000000011,0.1200000000000045,1,4,0.4375000000000045,0.4447093458433446,80.02
193,193,we,80.28,80.36,0.0799999999999983,0.0600000000000022,1,2,0.2499999999999963,0.1057588901837458,80.32
194,194,can,80.42,80.52,0.0999999999999943,0.0400000000000062,1,3,0.2083333333333228,0.1639187721686746,80.47
195,195,apply,80.56,80.94,0.3799999999999954,0.0600000000000022,1,5,0.4749999999999973,0.3036626102984744,80.75
196,196,sort,81.0,81.16,0.1599999999999966,0.0,1,4,0.2499999999999963,0.1041602596043097,81.08
197,197,of,81.16,81.22,0.0600000000000022,0.0600000000000022,1,2,0.1875000000000081,0.1886741312664653,81.19
198,198,traditional,81.28,81.76,0.480000000000004,0.039999999999992,1,11,0.2727272727272768,0.1990250988269252,81.52000000000001
199,199,scientific,81.8,82.32,0.519999999999996,0.0400000000000062,1,10,0.3249999999999996,0.1484224511876724,82.06
200,200,methods,82.36,82.84,0.480000000000004,0.019999999999996,1,7,0.428571428571435,0.0708896125114297,82.6
201,201,you,82.86,82.92,0.0600000000000022,0.019999999999996,1,3,0.1250000000000054,0.077666465211326,82.89
202,202,know,82.94,83.06,0.1200000000000045,0.4599999999999937,1,4,0.1875000000000082,0.0659043811421989,83.0
203,203,surveys,83.52,84.24,0.7199999999999989,0.1200000000000045,1,7,0.642857142857146,0.2849960510066133,83.88
204,204,interviews,84.36,85.26,0.9000000000000057,0.5,1,10,0.5625000000000072,0.1498394880006836,84.81
205,205,broadskill,85.76,86.32,0.5599999999999881,0.0400000000000062,1,10,0.3499999999999948,0.2156458164103512,86.03999999999999
206,206,statistics,86.36,86.96,0.5999999999999943,0.0600000000000022,1,10,0.3749999999999989,0.1060213808398198,86.66
207,207,on,87.02,87.12,0.1000000000000085,0.0799999999999983,1,2,0.3125000000000286,0.126157956577196,87.07
208,208,databases,87.2,87.96,0.7599999999999909,0.4000000000000057,1,9,0.5277777777777749,0.2635662997002777,87.58
209,209,to,88.36,88.48,0.1200000000000045,0.2000000000000028,2,2,0.3750000000000165,0.3168994849295181,88.42
210,210,confirm,88.68,89.26,0.5799999999999983,0.039999999999992,1,7,0.5178571428571448,0.2832384505250157,88.97
211,211,that,89.3,89.4,0.1000000000000085,0.039999999999992,1,4,0.1562500000000143,0.3897160342689927,89.35
212,212,what,89.44,89.56,0.1200000000000045,0.019999999999996,1,4,0.1875000000000082,0.3132049660788293,89.5
213,213,we,89.58,89.64,0.0600000000000022,0.0600000000000022,1,2,0.1875000000000081,0.2624539789109481,89.61
214,214,saw,89.7,89.94,0.2399999999999948,0.1000000000000085,1,3,0.4999999999999924,0.4475734126384826,89.82
215,215,really,90.04,90.24,0.1999999999999886,0.0600000000000022,1,6,0.2083333333333228,0.2477186050197835,90.14
216,216,was,90.3,90.42,0.1200000000000045,0.039999999999992,1,3,0.250000000000011,0.0775118734583257,90.36
217,217,happening,90.46,90.9,0.4400000000000119,0.6400000000000006,1,9,0.3055555555555658,0.0282461077171617,90.68
218,218,often,91.54,91.9,0.3599999999999994,0.059999999999988,1,5,0.4500000000000021,0.393363265579705,91.72
219,219,people,91.96,92.2,0.2400000000000091,0.019999999999996,1,6,0.2500000000000111,0.1747907462989484,92.08
220,220,who,92.22,92.3,0.0799999999999983,0.0400000000000062,1,3,0.1666666666666642,0.3978728278889346,92.25999999999999
221,221,do,92.34,92.42,0.0799999999999983,0.0600000000000022,1,2,0.2499999999999963,0.312373506408908,92.38
222,222,visualization,92.48,93.08,0.5999999999999943,0.019999999999996,1,13,0.2884615384615376,0.2381626108201765,92.78
223,223,and,93.1,93.16,0.0600000000000022,0.0400000000000062,1,3,0.1250000000000054,0.1231836543990734,93.13
224,224,create,93.2,93.46,0.2599999999999909,0.1000000000000085,1,6,0.2708333333333256,0.2036662057241401,93.33
225,225,visualisations,93.56,94.2,0.6400000000000006,0.019999999999996,1,14,0.2857142857142878,0.1724144633978659,93.88
226,226,from,94.22,94.36,0.1400000000000005,0.0600000000000022,1,4,0.2187500000000022,0.0241880556112264,94.28999999999999
227,227,scratch,94.42,94.92,0.5,0.0999999999999943,1,7,0.4464285714285743,0.0600605373851636,94.67
228,228,but,95.02,95.16,0.1400000000000005,0.0400000000000062,1,3,0.2916666666666696,0.2302123105767425,95.09
229,229,that,95.2,95.32,0.1199999999999903,0.0400000000000062,1,4,0.187499999999986,0.5729193600593933,95.25999999999999
230,230,requires,95.36,95.68,0.3200000000000074,0.019999999999996,1,8,0.2500000000000074,0.2276942867103475,95.52000000000001
231,231,a,95.7,95.74,0.039999999999992,0.0400000000000062,1,1,0.2499999999999516,0.2435214264788237,95.72
232,232,lot,95.78,95.94,0.1599999999999966,0.019999999999996,1,3,0.3333333333333284,0.3387360679208556,95.86
233,233,of,95.96,96.0,0.0400000000000062,0.0600000000000022,1,2,0.1250000000000201,0.1016654449495094,95.97999999999999
234,234,expertise,96.06,96.88,0.8199999999999932,0.0799999999999983,1,9,0.5694444444444434,0.133421569795636,96.47
235,235,and,96.96,97.08,0.1200000000000045,0.0600000000000022,1,3,0.250000000000011,0.0473821648445816,97.02
236,236,time,97.14,97.56,0.4200000000000017,0.5,1,4,0.656250000000007,0.0819495849600845,97.35
237,237,very,98.06,98.28,0.2199999999999988,0.0799999999999983,1,4,0.3437500000000004,0.8351176549379306,98.17
238,238,often,98.36,98.78,0.4200000000000017,0.0999999999999943,1,5,0.5250000000000056,0.20850360273973,98.57
239,239,people,98.88,99.3,0.4200000000000017,0.2199999999999988,1,6,0.4375000000000046,0.2101886895957223,99.09
240,240,just,99.52,99.8,0.2800000000000011,0.1000000000000085,1,4,0.4375000000000045,0.1718767729567562,99.66
241,241,need,99.9,100.2,0.2999999999999971,0.0999999999999943,1,4,0.4687499999999985,0.4226979648745932,100.05000000000001
242,242,the,100.3,100.36,0.0600000000000022,0.0600000000000022,1,3,0.1250000000000054,0.4502261175015608,100.33
243,243,right,100.42,100.6,0.1799999999999926,0.0600000000000022,1,5,0.2249999999999922,0.4897457330649448,100.50999999999999
244,244,bar,100.66,100.88,0.2199999999999988,0.0400000000000062,1,3,0.4583333333333338,0.3538697937476104,100.77
245,245,chart,100.92,101.32,0.3999999999999915,0.0800000000000125,1,5,0.4999999999999926,0.1865750275199421,101.12
246,246,or,101.4,101.48,0.0799999999999983,0.0799999999999983,1,2,0.2499999999999963,0.2033018054065729,101.44
247,247,line,101.56,101.8,0.2399999999999948,0.0400000000000062,1,4,0.3749999999999943,0.2861780873760162,101.68
248,248,chart,101.84,102.1,0.2599999999999909,0.0200000000000102,1,5,0.3249999999999907,0.131759612587957,101.97
249,249,to,102.12,102.2,0.0799999999999983,0.0600000000000022,1,2,0.2499999999999963,0.0750872391444272,102.16
250,250,look,102.26,102.4,0.1400000000000005,0.0,1,4,0.2187500000000022,0.2400945181506393,102.33000000000001
251,251,at,102.4,102.48,0.0799999999999983,0.019999999999996,1,2,0.2499999999999963,0.2745653673194498,102.44
252,252,their,102.5,102.6,0.0999999999999943,0.0400000000000062,1,5,0.1249999999999936,0.3721015362677096,102.55
253,253,data,102.64,102.9,0.2600000000000051,0.039999999999992,1,4,0.4062500000000106,0.4573140271406922,102.77000000000001
254,254,from,102.94,103.06,0.1200000000000045,0.019999999999996,1,4,0.1875000000000082,0.0970656972026957,103.0
255,255,the,103.08,103.14,0.0600000000000022,0.0400000000000062,1,3,0.1250000000000054,0.2403975611361236,103.11
256,256,right,103.18,103.32,0.1399999999999863,0.0400000000000062,1,5,0.174999999999984,0.1897788322450789,103.25
257,257,perspective,103.36,103.96,0.5999999999999943,0.2800000000000011,1,11,0.3409090909090899,0.170721904636781,103.66
258,258,and,104.24,104.36,0.1200000000000045,0.0400000000000062,1,3,0.250000000000011,0.1641373581030565,104.3
259,259,they'll,104.4,104.52,0.1199999999999903,0.0400000000000062,1,7,0.1071428571428491,0.3112338589930699,104.46000000000001
260,260,get,104.56,104.7,0.1400000000000005,0.019999999999996,1,3,0.2916666666666696,0.2120363461396716,104.63
261,261,an,104.72,104.76,0.0400000000000062,0.039999999999992,1,2,0.1250000000000201,0.0923535945264335,104.74000000000001
262,262,important,104.8,105.2,0.4000000000000057,0.019999999999996,1,9,0.2777777777777835,0.0714801480290905,105.0
263,263,insight,105.22,105.68,0.4600000000000079,0.5599999999999881,1,7,0.4107142857142955,0.0351692792601532,105.45
264,264,unfortunately,106.24,106.92,0.6800000000000068,0.1400000000000005,1,13,0.3269230769230823,0.2401087516624246,106.58
265,265,people,107.06,107.42,0.3599999999999994,0.0799999999999983,1,6,0.3750000000000018,0.1397783834345996,107.24000000000001
266,266,are,107.5,107.72,0.2199999999999988,0.3400000000000034,1,3,0.4583333333333338,0.4497668759683956,107.61
267,267,not,108.06,108.32,0.2599999999999909,0.1400000000000005,1,3,0.5416666666666512,0.4637105218293717,108.19
268,268,all,108.46,108.66,0.2000000000000028,0.1200000000000045,1,3,0.4166666666666752,0.672522154379445,108.56
269,269,skilled,108.78,109.26,0.480000000000004,0.1599999999999966,1,7,0.428571428571435,0.2494695163590256,109.02000000000001
270,270,picking,109.42,109.72,0.2999999999999971,0.0400000000000062,1,7,0.267857142857142,0.1230796306623256,109.57
271,271,the,109.76,109.82,0.059999999999988,0.0600000000000022,1,3,0.1249999999999758,0.1860152858828709,109.78999999999999
272,272,right,109.88,110.04,0.1600000000000108,0.059999999999988,1,5,0.2000000000000148,0.1848493130598189,109.96000000000001
273,273,graph,110.1,110.4,0.3000000000000113,0.039999999999992,1,5,0.3750000000000166,0.2461964695597802,110.25
274,274,for,110.44,110.52,0.0799999999999983,0.0400000000000062,1,3,0.1666666666666642,0.1045670898335218,110.47999999999999
275,275,their,110.56,110.78,0.2199999999999988,0.1799999999999926,1,5,0.2750000000000003,0.2164021721691514,110.67
276,276,their,110.96,111.08,0.1200000000000045,0.0400000000000062,1,5,0.1500000000000066,0.1846822950507736,111.02
277,277,data,111.12,111.36,0.2399999999999948,0.0400000000000062,1,4,0.3749999999999943,0.3012862987365344,111.24000000000001
278,278,or,111.4,111.44,0.039999999999992,0.0600000000000022,1,2,0.1249999999999758,0.4004850799986108,111.42
279,279,even,111.5,111.7,0.2000000000000028,0.0799999999999983,1,4,0.3125000000000064,0.5867484263143422,111.6
280,280,knowing,111.78,112.12,0.3400000000000034,0.039999999999992,1,7,0.3035714285714336,0.4726443573938712,111.95
281,281,that,112.16,112.26,0.1000000000000085,0.0,1,4,0.1562500000000143,0.1266001736303841,112.21000000000001
282,282,they,112.26,112.34,0.0799999999999983,0.1199999999999903,1,4,0.1249999999999981,0.1732254944273192,112.30000000000001
283,283,need,112.46,112.68,0.220000000000013,0.059999999999988,1,4,0.3437500000000225,0.2040617174513865,112.57
284,284,to,112.74,112.82,0.0799999999999983,0.0400000000000062,1,2,0.2499999999999963,0.0379626893524551,112.78
285,285,use,112.86,113.02,0.1599999999999966,0.0,1,3,0.3333333333333284,0.1236697512799515,112.94
286,286,a,113.02,113.06,0.0400000000000062,0.039999999999992,1,1,0.2500000000000403,0.1767751301858242,113.03999999999999
287,287,graph,113.1,113.48,0.3800000000000096,0.3999999999999915,1,5,0.4750000000000152,0.1433072931166248,113.28999999999999
288,288,and,113.88,114.04,0.1600000000000108,0.059999999999988,1,3,0.333333333333358,0.2898898660681565,113.96000000000001
289,289,so,114.1,114.24,0.1400000000000005,0.1000000000000085,1,2,0.4375000000000045,0.3596191572877238,114.16999999999999
290,290,our,114.34,114.46,0.1199999999999903,0.0600000000000022,1,3,0.2499999999999814,0.469094692348305,114.4
291,291,work,114.52,114.72,0.2000000000000028,0.019999999999996,1,4,0.3125000000000064,0.2514528546978135,114.62
292,292,with,114.74,114.88,0.1400000000000005,0.0600000000000022,1,4,0.2187500000000022,0.3055936960644773,114.81
293,293,google,114.94,115.2,0.2600000000000051,0.0600000000000022,1,6,0.2708333333333405,0.194806315483687,115.07
294,294,sheets,115.26,115.66,0.3999999999999915,0.3400000000000034,1,6,0.4166666666666606,0.1037995081729724,115.46000000000001
295,295,with,116.0,116.16,0.1599999999999966,0.0799999999999983,1,4,0.2499999999999963,0.3680714089277979,116.08
296,296,designs,116.24,116.78,0.5400000000000063,0.0799999999999983,1,7,0.4821428571428659,0.226474106045237,116.50999999999999
297,297,to,116.86,117.0,0.1400000000000005,0.3599999999999994,1,2,0.4375000000000045,0.1246504327109929,116.93
298,298,help,117.36,117.54,0.1800000000000068,0.059999999999988,1,4,0.2812500000000125,0.2026017722377039,117.45
299,299,people,117.6,117.86,0.2600000000000051,0.0799999999999983,1,6,0.2708333333333405,0.2282910079087978,117.72999999999999
300,300,get,117.94,118.08,0.1400000000000005,0.0400000000000062,1,3,0.2916666666666696,0.3251421735255404,118.00999999999999
301,301,the,118.12,118.16,0.039999999999992,0.0600000000000022,1,3,0.0833333333333172,0.356972604799449,118.14
302,302,graph,118.22,118.48,0.2600000000000051,0.039999999999992,1,5,0.3250000000000085,0.4350198780289528,118.35
303,303,they,118.52,118.6,0.0799999999999983,0.0800000000000125,1,4,0.1249999999999981,0.3626948645906598,118.56
304,304,need,118.68,118.94,0.2599999999999909,0.1599999999999966,1,4,0.4062499999999884,0.2241819656247882,118.81
305,305,without,119.1,119.46,0.3599999999999994,0.0400000000000062,1,7,0.3214285714285729,0.4926595760099831,119.28
306,306,them,119.5,119.7,0.2000000000000028,0.0999999999999943,1,4,0.3125000000000064,0.3164832074265115,119.6
307,307,even,119.8,120.06,0.2600000000000051,0.0799999999999983,1,4,0.4062500000000106,0.3156630572932337,119.93
308,308,knowing,120.14,120.5,0.3599999999999994,0.2999999999999971,1,7,0.3214285714285729,0.3951591188907265,120.32
309,309,that,120.8,120.9,0.1000000000000085,0.019999999999996,1,4,0.1562500000000143,0.0705728363347906,120.85
310,310,they,120.92,121.0,0.0799999999999983,0.0600000000000022,1,4,0.1249999999999981,0.5269452414632206,120.96000000000001
311,311,needed,121.06,121.32,0.2599999999999909,0.0,1,6,0.2708333333333256,0.2458666712668152,121.19
312,312,a,121.32,121.36,0.0400000000000062,0.0400000000000062,1,1,0.2500000000000403,0.2139956463558666,121.34
313,313,graph,121.4,121.76,0.3599999999999994,0.2199999999999988,1,5,0.4500000000000021,0.0468096027964322,121.58000000000001
314,314,something,121.98,122.28,0.2999999999999971,0.039999999999992,1,9,0.2083333333333327,0.2009681503723252,122.13
315,315,like,122.32,122.46,0.1400000000000005,0.0200000000000102,1,4,0.2187500000000022,0.2083892325815406,122.38999999999999
316,316,that,122.48,122.7,0.2199999999999988,0.2399999999999948,1,4,0.3437500000000004,0.3426153059248057,122.59
317,317,you,122.94,123.02,0.0799999999999983,0.0600000000000022,1,3,0.1666666666666642,0.1074460811756293,122.97999999999999
318,318,click,123.08,123.3,0.2199999999999988,0.019999999999996,1,5,0.2750000000000003,0.156443293439664,123.19
319,319,on,123.32,123.44,0.1200000000000045,0.0600000000000022,1,2,0.3750000000000165,0.3725138473263827,123.38
320,320,it,123.5,123.62,0.1200000000000045,0.2599999999999909,1,2,0.3750000000000165,0.1575513179292064,123.56
321,321,and,123.88,124.04,0.1600000000000108,0.019999999999996,2,3,0.333333333333358,0.1879588228613118,123.96000000000001
322,322,you,124.06,124.12,0.0600000000000022,0.0600000000000022,2,3,0.1250000000000054,0.3259350119293567,124.09
323,323,get,124.18,124.42,0.2399999999999948,0.1400000000000005,2,3,0.4999999999999924,0.3376252353124407,124.30000000000001
324,324,a,124.56,124.64,0.0799999999999983,0.0600000000000022,2,1,0.4999999999999926,0.2534217711113887,124.6
325,325,dozen,124.7,125.0,0.2999999999999971,0.0799999999999983,2,5,0.3749999999999988,0.2561972531927916,124.85
326,326,movies,125.08,125.46,0.3799999999999954,5.40000000000002,2,6,0.3958333333333311,0.131426381677505,125.27
327,327,i,130.86,130.92,0.0599999999999738,0.0800000000000125,2,1,0.3749999999998387,0.2503176550103494,130.89
328,328,think,131.0,131.22,0.2199999999999988,0.0600000000000022,2,5,0.2750000000000003,0.3216110595511904,131.11
329,329,for,131.28,131.4,0.1200000000000045,0.0600000000000022,2,3,0.250000000000011,0.3648783590042798,131.34
330,330,me,131.46,131.58,0.1200000000000045,0.0999999999999943,2,2,0.3750000000000165,0.3632349399660772,131.52
331,331,the,131.68,131.78,0.0999999999999943,0.0800000000000125,2,3,0.2083333333333228,0.3987158134818251,131.73000000000002
332,332,digital,131.86,132.22,0.3599999999999852,0.039999999999992,2,7,0.3214285714285603,0.287737544477158,132.04000000000002
333,333,transformation,132.26,132.92,0.6599999999999966,0.0800000000000125,2,14,0.2946428571428575,0.2256820526586296,132.58999999999997
334,334,is,133.0,133.16,0.1599999999999966,0.3199999999999932,2,2,0.4999999999999926,0.1672314543682531,133.07999999999998
335,335,simply,133.48,133.78,0.3000000000000113,0.0800000000000125,2,6,0.3125000000000138,0.2192285315559237,133.63
336,336,making,133.86,134.16,0.2999999999999829,0.0600000000000022,2,6,0.3124999999999842,0.2456295169601025,134.01
337,337,everything,134.22,134.58,0.3600000000000136,0.0999999999999943,2,10,0.2250000000000099,0.1549934592141045,134.4
338,338,move,134.68,135.0,0.3199999999999932,0.3400000000000034,2,4,0.4999999999999926,0.1950545781005261,134.84
339,339,much,135.34,135.56,0.2199999999999988,0.1200000000000045,2,4,0.3437500000000004,0.160008114539446,135.45
340,340,faster,135.68,136.18,0.5,0.1200000000000045,2,6,0.5208333333333367,0.079242262182242,135.93
341,341,so,136.3,136.48,0.1799999999999784,0.6800000000000068,2,2,0.5624999999999362,0.2616817669660092,136.39
342,342,i,137.16,137.26,0.0999999999999943,0.0800000000000125,1,1,0.6249999999999685,0.4416277955624887,137.20999999999998
343,343,think,137.34,137.48,0.1399999999999863,0.0200000000000102,1,5,0.174999999999984,0.3262766998895193,137.41
344,344,about,137.5,137.68,0.1800000000000068,0.0199999999999818,1,5,0.2250000000000099,0.5112628914344205,137.59
345,345,when,137.7,137.8,0.1000000000000227,0.0199999999999818,1,4,0.1562500000000365,0.2741940234902218,137.75
346,346,i,137.82,137.86,0.0400000000000204,0.0599999999999738,1,1,0.2500000000001292,0.2794397373993577,137.84
347,347,first,137.92,138.14,0.2199999999999988,0.0600000000000022,1,5,0.2750000000000003,0.1912478693374481,138.02999999999997
348,348,entered,138.2,138.46,0.2600000000000193,0.0199999999999818,1,7,0.2321428571428759,0.1529092120803691,138.32999999999998
349,349,the,138.48,138.56,0.0800000000000125,0.079999999999984,1,3,0.1666666666666938,0.1470352616448635,138.51999999999998
350,350,field,138.64,139.0,0.3600000000000136,0.0,1,5,0.4500000000000199,0.2290110998985844,138.82
351,351,of,139.0,139.06,0.0600000000000022,0.0600000000000022,1,2,0.1875000000000081,0.2497547186430095,139.03
352,352,visualisation,139.12,139.88,0.7599999999999909,0.5,1,13,0.3653846153846134,0.0970661601437872,139.5
353,353,i,140.38,140.48,0.0999999999999943,0.1400000000000147,2,1,0.6249999999999685,0.3091854311368083,140.43
354,354,went,140.62,140.88,0.2599999999999909,0.1400000000000147,2,4,0.4062499999999884,0.303352130691798,140.75
355,355,to,141.02,141.18,0.1599999999999966,0.1999999999999886,2,2,0.4999999999999926,0.1776507144744561,141.10000000000002
356,356,a,141.38,141.44,0.0600000000000022,0.0800000000000125,1,1,0.3750000000000162,0.110274786633508,141.41
357,357,library,141.52,142.0,0.4799999999999897,0.1399999999999863,1,7,0.4285714285714222,0.1234269725245351,141.76
358,358,a,142.14,142.2,0.0600000000000022,0.0800000000000125,1,1,0.3750000000000162,0.0216011894565422,142.17
359,359,university,142.28,142.72,0.4399999999999977,0.0999999999999943,1,10,0.2750000000000004,0.1924958961860367,142.5
360,360,library,142.82,143.3,0.4800000000000182,0.1599999999999966,1,7,0.4285714285714476,0.1663043602402896,143.06
361,361,i,143.46,143.52,0.0600000000000022,0.1199999999999761,1,1,0.3750000000000162,0.0692703821452613,143.49
362,362,looked,143.64,143.86,0.2200000000000272,0.0,1,6,0.2291666666666965,0.259349168795305,143.75
363,363,up,143.86,143.98,0.1199999999999761,0.0600000000000022,1,2,0.3749999999999278,0.431891601979728,143.92000000000002
364,364,these,144.04,144.22,0.1800000000000068,0.1200000000000045,1,5,0.2250000000000099,0.1526395100361502,144.13
365,365,paper,144.34,144.92,0.5799999999999841,0.2600000000000193,1,5,0.7249999999999849,0.3088729032503885,144.63
366,366,journals,145.18,145.74,0.5600000000000023,0.3999999999999772,2,8,0.4375000000000046,0.1441740695142528,145.46
367,367,and,146.14,146.32,0.1800000000000068,0.1200000000000045,2,3,0.3750000000000166,0.3446384842222167,146.23
368,368,flipped,146.44,146.94,0.5,0.0800000000000125,2,7,0.4464285714285743,0.1780358421126432,146.69
369,369,through,147.02,147.28,0.2599999999999909,0.0999999999999943,2,7,0.2321428571428505,0.5701950753656804,147.15
370,370,old,147.38,147.58,0.200000000000017,0.0599999999999738,2,3,0.4166666666667047,0.4634276225597352,147.48000000000002
371,371,articles,147.64,148.24,0.6000000000000227,0.1399999999999863,2,8,0.4687500000000208,0.2342166127603396,147.94
372,372,and,148.38,148.64,0.2599999999999909,0.3200000000000216,2,3,0.5416666666666512,0.2571173814683232,148.51
373,373,read,148.96,149.18,0.2199999999999988,0.0199999999999818,2,4,0.3437500000000004,0.4837931295752724,149.07
374,374,them,149.2,149.48,0.2800000000000011,0.2199999999999988,2,4,0.4375000000000045,0.4808617670721374,149.33999999999997
375,375,looking,149.7,150.04,0.3400000000000034,0.0400000000000204,1,7,0.3035714285714336,0.3182012362295766,149.87
376,376,for,150.08,150.18,0.0999999999999943,0.0199999999999818,1,3,0.2083333333333228,0.1313732500157737,150.13
377,377,the,150.2,150.26,0.0600000000000022,0.0800000000000125,1,3,0.1250000000000054,0.2772992681193559,150.23
378,378,pain,150.34,150.6,0.2599999999999909,0.039999999999992,1,4,0.4062499999999884,0.1797890278700458,150.47
379,379,stakingly,150.64,151.16,0.5200000000000102,0.1200000000000045,1,9,0.3611111111111206,0.2619888121410609,150.89999999999998
380,380,for,151.28,151.46,0.1800000000000068,0.2800000000000011,1,3,0.3750000000000166,0.1878645783183863,151.37
381,381,things,151.74,151.96,0.2199999999999988,0.0199999999999818,1,6,0.2291666666666669,0.2290464694979223,151.85000000000002
382,382,i,151.98,152.02,0.0400000000000204,0.039999999999992,1,1,0.2500000000001292,0.642602152839336,152.0
383,383,was,152.06,152.16,0.0999999999999943,0.039999999999992,1,3,0.2083333333333228,0.2639427730041475,152.11
384,384,interested,152.2,152.62,0.4200000000000159,0.0199999999999818,1,10,0.2625000000000116,0.1500928141077012,152.41
385,385,in,152.64,152.78,0.1400000000000147,0.539999999999992,1,2,0.4375000000000488,0.1788189988834167,152.70999999999998
386,386,and,153.32,153.68,0.3600000000000136,0.079999999999984,1,3,0.7500000000000333,0.4093865942871796,153.5
387,387,it,153.76,153.86,0.1000000000000227,0.039999999999992,1,2,0.312500000000073,0.3814227468355725,153.81
388,388,took,153.9,154.06,0.1599999999999966,0.0200000000000102,1,4,0.2499999999999963,0.1728537647410588,153.98000000000002
389,389,me,154.08,154.14,0.0599999999999738,0.0400000000000204,1,2,0.1874999999999193,0.3670869548700106,154.11
390,390,a,154.18,154.22,0.039999999999992,0.0600000000000022,1,1,0.2499999999999516,0.5979373342832683,154.2
391,391,long,154.28,154.64,0.3599999999999852,0.0200000000000102,1,4,0.5624999999999806,0.6041719264675636,154.45999999999998
392,392,time,154.66,155.0,0.3400000000000034,0.039999999999992,1,4,0.5312500000000088,0.1695000484399119,154.82999999999998
393,393,of,155.04,155.12,0.0800000000000125,0.079999999999984,1,2,0.2500000000000407,0.2120695974138964,155.07999999999998
394,394,reading,155.2,155.42,0.2199999999999988,0.0400000000000204,1,7,0.1964285714285716,0.2899370628330346,155.31
395,395,these,155.46,155.58,0.1200000000000045,0.039999999999992,1,5,0.1500000000000066,0.1098375649767401,155.52
396,396,paper,155.62,155.9,0.2800000000000011,0.039999999999992,1,5,0.3500000000000036,0.1592785230658835,155.76
397,397,articles,155.94,156.38,0.4399999999999977,0.039999999999992,1,8,0.3437500000000005,0.1699414097784183,156.16
398,398,to,156.42,156.48,0.0600000000000022,0.0400000000000204,1,2,0.1875000000000081,0.1491892566660027,156.45
399,399,get,156.52,156.64,0.1199999999999761,0.0400000000000204,1,3,0.2499999999999518,0.1127866744247441,156.57999999999998
400,400,up,156.68,156.78,0.0999999999999943,0.0200000000000102,1,2,0.3124999999999842,0.0280944081945864,156.73000000000002
401,401,to,156.8,156.88,0.079999999999984,0.0600000000000022,1,2,0.2499999999999516,0.0249891801614537,156.84
402,402,speed,156.94,157.38,0.4399999999999977,0.9000000000000057,1,5,0.5500000000000008,0.0667337059628497,157.16
403,403,today,158.28,158.62,0.3400000000000034,0.9799999999999898,2,5,0.4250000000000071,0.4402665446687208,158.45
404,404,for,159.6,159.68,0.0800000000000125,0.0199999999999818,1,3,0.1666666666666938,0.2365039317586906,159.64
405,405,example,159.7,160.06,0.3600000000000136,0.0200000000000102,1,7,0.3214285714285856,0.2592329163200743,159.88
406,406,in,160.08,160.12,0.039999999999992,0.039999999999992,1,2,0.1249999999999758,0.3476012577113698,160.10000000000002
407,407,machine,160.16,160.44,0.2800000000000011,0.039999999999992,1,7,0.2500000000000026,0.2171699161256625,160.3
408,408,learning,160.48,160.88,0.4000000000000057,0.0999999999999943,1,8,0.3125000000000065,0.223048449793158,160.68
409,409,it,160.98,161.12,0.1400000000000147,0.0600000000000022,1,2,0.4375000000000488,0.0031639328317837,161.05
410,410,says,161.18,161.44,0.2599999999999909,0.2400000000000091,1,4,0.4062499999999884,0.1022994760335971,161.31
411,411,you,161.68,161.8,0.1200000000000045,0.1999999999999886,2,3,0.250000000000011,0.154075451396905,161.74
412,412,the,162.0,162.06,0.0600000000000022,0.079999999999984,1,3,0.1250000000000054,0.1092498175873137,162.03
413,413,field,162.14,162.38,0.2400000000000091,0.0200000000000102,1,5,0.3000000000000133,0.3614204161534856,162.26
414,414,is,162.4,162.48,0.079999999999984,0.0400000000000204,1,2,0.2499999999999516,0.217536071333597,162.44
415,415,growing,162.52,162.86,0.3400000000000034,0.0599999999999738,1,7,0.3035714285714336,0.4235336457862812,162.69
416,416,so,162.92,163.02,0.1000000000000227,0.079999999999984,1,2,0.312500000000073,0.1833395789618586,162.97
417,417,quickly,163.1,163.42,0.3199999999999932,0.1800000000000068,1,7,0.2857142857142815,0.1160818105018471,163.26
418,418,every,163.6,163.86,0.2600000000000193,0.0199999999999818,1,5,0.3250000000000262,0.3104451212605875,163.73000000000002
419,419,time,163.88,164.08,0.200000000000017,0.0599999999999738,1,4,0.3125000000000286,0.2247369103791483,163.98000000000002
420,420,someone,164.14,164.38,0.2400000000000091,0.039999999999992,1,7,0.2142857142857238,0.2250418204147896,164.26
421,421,has,164.42,164.58,0.160000000000025,0.0,1,3,0.3333333333333876,0.1805991600824043,164.5
422,422,a,164.58,164.62,0.039999999999992,0.039999999999992,1,1,0.2499999999999516,0.1085058188447475,164.60000000000002
423,423,result,164.66,165.12,0.4600000000000079,0.3400000000000034,1,6,0.479166666666678,0.1932243291256338,164.89
424,424,they,165.46,165.6,0.1399999999999863,0.200000000000017,2,4,0.21874999999998,0.3335037843258492,165.53
425,425,put,165.8,166.06,0.2599999999999909,0.039999999999992,2,3,0.5416666666666512,0.2663909334266399,165.93
426,426,up,166.1,166.28,0.1800000000000068,0.4000000000000057,2,2,0.562500000000025,0.398440895186706,166.19
427,427,a,166.68,166.76,0.079999999999984,0.0600000000000022,1,1,0.4999999999999033,0.0813520637112648,166.72
428,428,paper,166.82,167.24,0.4200000000000159,0.1399999999999863,1,5,0.5250000000000233,0.1747733916232032,167.03
429,429,on,167.38,167.52,0.1400000000000147,0.039999999999992,1,2,0.4375000000000488,0.1749102849261437,167.45
430,430,something,167.56,167.8,0.2400000000000091,0.039999999999992,1,9,0.1666666666666741,0.1189535410933439,167.68
431,431,called,167.84,168.0,0.1599999999999966,0.0200000000000102,1,6,0.1666666666666642,0.1243227209548627,167.92000000000002
432,432,the,168.02,168.06,0.039999999999992,0.0600000000000022,1,3,0.0833333333333172,0.2757093711856543,168.04000000000002
433,433,archive,168.12,168.64,0.5199999999999818,0.0200000000000102,1,7,0.4642857142857011,0.155508031003531,168.38
434,434,it's,168.66,168.82,0.1599999999999966,0.0400000000000204,1,4,0.2499999999999963,0.0414878667539033,168.74
435,435,this,168.86,169.02,0.1599999999999966,0.0999999999999943,1,4,0.2499999999999963,0.0838763777585458,168.94
436,436,global,169.12,169.6,0.4799999999999897,0.0600000000000022,1,6,0.4999999999999925,0.2005300657234847,169.36
437,437,server,169.66,170.02,0.3600000000000136,0.1399999999999863,1,6,0.3750000000000166,0.1954276527543996,169.84
438,438,everyone,170.16,170.5,0.3400000000000034,0.039999999999992,1,8,0.2656250000000044,0.1571086635225698,170.32999999999998
439,439,has,170.54,170.64,0.0999999999999943,0.0400000000000204,1,3,0.2083333333333228,0.1402977497662755,170.58999999999997
440,440,access,170.68,171.04,0.3599999999999852,0.0400000000000204,1,6,0.374999999999987,0.0859833576907313,170.86
441,441,to,171.08,171.22,0.1399999999999863,0.4399999999999977,1,2,0.4374999999999601,0.0662665296012251,171.15
442,442,and,171.66,171.84,0.1800000000000068,0.039999999999992,2,3,0.3750000000000166,0.4221147592575487,171.75
443,443,you'll,171.88,172.02,0.1400000000000147,0.039999999999992,2,6,0.1458333333333496,0.5901120114137729,171.95
444,444,see,172.06,172.26,0.1999999999999886,0.5,2,3,0.4166666666666456,0.3165058111804123,172.16
445,445,literally,172.76,173.4,0.6400000000000148,0.2199999999999988,2,9,0.4444444444444576,0.5123591610516107,173.07999999999998
446,446,dozens,173.62,174.02,0.4000000000000057,0.0,1,6,0.4166666666666753,0.3852628458105039,173.82
447,447,of,174.02,174.12,0.0999999999999943,0.039999999999992,1,2,0.3124999999999842,0.2980256491503315,174.07
448,448,papers,174.16,174.56,0.4000000000000057,0.0200000000000102,1,6,0.4166666666666753,0.1748396962050648,174.36
449,449,a,174.58,174.64,0.0599999999999738,0.0400000000000204,1,1,0.3749999999998387,0.2825953840847304,174.61
450,450,day,174.68,174.96,0.2800000000000011,0.2800000000000011,1,3,0.5833333333333395,0.0926575147291344,174.82
451,451,come,175.24,175.44,0.1999999999999886,0.0600000000000022,2,4,0.3124999999999842,0.1592566732446175,175.34
452,452,out,175.5,175.72,0.2199999999999988,0.2199999999999988,2,3,0.4583333333333338,0.1025186755558068,175.61
453,453,and,175.94,176.08,0.1400000000000147,0.0199999999999818,1,3,0.2916666666666992,0.2816068314073128,176.01
454,454,it's,176.1,176.22,0.1200000000000045,0.039999999999992,1,4,0.1875000000000082,0.1819593891017921,176.16
455,455,become,176.26,176.7,0.4399999999999977,0.3200000000000216,1,6,0.458333333333334,0.2449675190604321,176.48
456,456,both,177.02,177.3,0.2800000000000011,0.1599999999999966,2,4,0.4375000000000045,0.3567307062248209,177.16000000000003
457,457,this,177.46,177.64,0.1799999999999784,0.4400000000000261,2,4,0.2812499999999681,0.182492895226657,177.55
458,458,amazing,178.08,178.62,0.539999999999992,0.039999999999992,1,7,0.4821428571428531,0.5269880821968232,178.35000000000002
459,459,way,178.66,178.76,0.0999999999999943,0.0400000000000204,1,3,0.2083333333333228,0.5359629194635581,178.70999999999998
460,460,to,178.8,178.86,0.0600000000000022,0.0599999999999738,1,2,0.1875000000000081,0.2520615628370026,178.83
461,461,keep,178.92,179.14,0.2199999999999988,0.0400000000000204,1,4,0.3437500000000004,0.1115452859767137,179.02999999999997
462,462,up,179.18,179.36,0.1800000000000068,0.1399999999999863,1,2,0.562500000000025,0.1456242142862021,179.27
463,463,and,179.5,179.6,0.0999999999999943,0.0600000000000022,1,3,0.2083333333333228,0.2559224234096798,179.55
464,464,to,179.66,179.72,0.0600000000000022,0.039999999999992,1,2,0.1875000000000081,0.1481106825353005,179.69
465,465,see,179.76,179.84,0.0800000000000125,0.0600000000000022,1,3,0.1666666666666938,0.1503637141947682,179.8
466,466,what's,179.9,180.04,0.1399999999999863,0.0200000000000102,1,6,0.14583333333332,0.133217810220034,179.97
467,467,happening,180.06,180.48,0.4199999999999875,0.2600000000000193,1,9,0.2916666666666598,0.1520481549921347,180.26999999999998
468,468,but,180.74,180.84,0.0999999999999943,0.039999999999992,1,3,0.2083333333333228,0.3548328657435086,180.79000000000002
469,469,it,180.88,180.92,0.039999999999992,0.0400000000000204,1,2,0.1249999999999758,0.8071900923802839,180.89999999999998
470,470,also,180.96,181.18,0.2199999999999988,0.039999999999992,1,4,0.3437500000000004,0.3750558568601518,181.07
471,471,means,181.22,181.38,0.1599999999999966,0.0200000000000102,1,5,0.199999999999997,0.368402561390646,181.3
472,472,the,181.4,181.44,0.039999999999992,0.0999999999999943,1,3,0.0833333333333172,0.4064688512818133,181.42000000000002
473,473,field,181.54,181.82,0.2800000000000011,0.0,1,5,0.3500000000000036,0.3072064717715315,181.68
474,474,is,181.82,181.92,0.0999999999999943,0.0400000000000204,1,2,0.3124999999999842,0.2772971106391745,181.87
475,475,moving,181.96,182.22,0.2599999999999909,0.2400000000000091,1,6,0.2708333333333256,0.3227587670530211,182.09
476,476,really,182.46,182.78,0.3199999999999932,0.039999999999992,1,6,0.3333333333333284,0.4771263375962226,182.62
477,477,really,182.82,182.98,0.1599999999999966,0.0800000000000125,1,6,0.1666666666666642,0.5132598260473519,182.89999999999998
478,478,fast,183.06,183.36,0.3000000000000113,0.039999999999992,1,4,0.4687500000000207,0.3761578977368274,183.21
479,479,that,183.4,183.48,0.079999999999984,0.0600000000000022,1,4,0.1249999999999758,0.2574855924831338,183.44
480,480,people,183.54,183.78,0.2400000000000091,0.0600000000000022,1,6,0.2500000000000111,0.1838450682703674,183.66
481,481,can,183.84,183.94,0.0999999999999943,0.0800000000000125,1,3,0.2083333333333228,0.1636597749708944,183.89
482,482,play,184.02,184.24,0.2199999999999988,0.039999999999992,1,4,0.3437500000000004,0.4812621337515204,184.13
483,483,off,184.28,184.4,0.1200000000000045,0.039999999999992,1,3,0.250000000000011,0.6347070200753985,184.34
484,484,each,184.44,184.56,0.1200000000000045,0.0200000000000102,1,4,0.1875000000000082,0.1640077433321566,184.5
485,485,other's,184.58,184.82,0.2399999999999806,0.0200000000000102,1,7,0.2142857142856983,0.2115605150710853,184.7
486,486,ideas,184.84,185.3,0.4600000000000079,0.079999999999984,1,5,0.5750000000000136,0.5416933628873702,185.07
487,487,improve,185.38,185.74,0.3600000000000136,0.0199999999999818,1,7,0.3214285714285856,0.1832749541324239,185.56
488,488,each,185.76,185.9,0.1400000000000147,0.0199999999999818,1,4,0.2187500000000244,0.1864702771154189,185.82999999999998
489,489,other's,185.92,186.18,0.2600000000000193,0.039999999999992,1,7,0.2321428571428759,0.3319656796826568,186.05
490,490,ideas,186.22,186.6,0.3799999999999954,0.4200000000000159,1,5,0.4749999999999973,0.4025147534998216,186.41
491,491,and,187.02,187.18,0.1599999999999966,0.0199999999999818,2,3,0.3333333333333284,0.4105384605090452,187.10000000000002
492,492,i,187.2,187.24,0.0400000000000204,0.0600000000000022,2,1,0.2500000000001292,0.6633998468883087,187.22
493,493,think,187.3,187.52,0.2199999999999988,0.2399999999999806,2,5,0.2750000000000003,0.2227327621633376,187.41000000000003
494,494,i'm,187.76,187.88,0.1200000000000045,0.0200000000000102,1,3,0.250000000000011,0.5174792556771828,187.82
495,495,not,187.9,188.02,0.1200000000000045,0.0199999999999818,1,3,0.250000000000011,0.8695891490877042,187.96
496,496,the,188.04,188.1,0.0600000000000022,0.039999999999992,1,3,0.1250000000000054,0.4554309554592591,188.07
497,497,only,188.14,188.34,0.200000000000017,0.039999999999992,1,4,0.3125000000000286,0.5704294121820022,188.24
498,498,one,188.38,188.5,0.1200000000000045,0.0200000000000102,1,3,0.250000000000011,0.3397093611677043,188.44
499,499,in,188.52,188.58,0.0600000000000022,0.0199999999999818,1,2,0.1875000000000081,0.1981137709002875,188.55
500,500,the,188.6,188.66,0.0600000000000022,0.039999999999992,1,3,0.1250000000000054,0.2520355071148114,188.63
501,501,field,188.7,188.96,0.2600000000000193,0.0199999999999818,1,5,0.3250000000000262,0.4423990347264226,188.82999999999998
502,502,who,188.98,189.06,0.0800000000000125,0.039999999999992,1,3,0.1666666666666938,0.3770330629764241,189.01999999999998
503,503,feel,189.1,189.26,0.1599999999999966,0.0600000000000022,1,4,0.2499999999999963,0.3753600615657337,189.18
504,504,simultaneously,189.32,190.0,0.6800000000000068,0.3799999999999954,1,14,0.3035714285714336,0.2482333631950718,189.66
505,505,grateful,190.38,190.84,0.4600000000000079,0.3199999999999932,2,8,0.3593750000000085,0.2128017516624231,190.61
506,506,but,191.16,191.26,0.0999999999999943,0.0400000000000204,1,3,0.2083333333333228,0.421173190650368,191.20999999999998
507,507,also,191.3,191.52,0.2199999999999988,0.0999999999999943,1,4,0.3437500000000004,0.611924368823138,191.41000000000003
508,508,perennially,191.62,192.22,0.5999999999999943,0.0999999999999943,1,11,0.3409090909090899,0.3420008208684036,191.92000000000002
509,509,behind,192.32,192.84,0.5200000000000102,0.6200000000000045,1,6,0.541666666666681,0.0609507683471656,192.57999999999998
510,510,that,193.46,193.62,0.1599999999999966,0.1599999999999966,2,4,0.2499999999999963,0.2560713019891997,193.54000000000002
511,511,it's,193.78,193.96,0.1800000000000068,0.1200000000000045,2,4,0.2812500000000125,0.0865171127556172,193.87
512,512,it's,194.08,194.24,0.1599999999999966,0.3199999999999932,2,4,0.2499999999999963,0.1308167570459757,194.16000000000003
513,513,the,194.56,194.64,0.079999999999984,0.160000000000025,2,3,0.1666666666666344,0.4264072043785201,194.6
514,514,it's,194.8,194.98,0.1799999999999784,0.0600000000000022,2,4,0.2812499999999681,0.0575092385162132,194.89
515,515,wonderful,195.04,195.68,0.6400000000000148,0.5999999999999943,2,9,0.4444444444444576,0.3361277521752605,195.36
516,516,that,196.28,196.4,0.1200000000000045,0.039999999999992,1,4,0.1875000000000082,0.2983545321099888,196.34
517,517,knowledge,196.44,196.82,0.3799999999999954,0.0200000000000102,1,9,0.2638888888888874,0.4881559642407276,196.63
518,518,is,196.84,196.94,0.0999999999999943,0.039999999999992,1,2,0.3124999999999842,0.2198911435076458,196.89
519,519,moving,196.98,197.24,0.2600000000000193,0.039999999999992,1,6,0.2708333333333552,0.2288990343353141,197.11
520,520,so,197.28,197.4,0.1200000000000045,0.079999999999984,1,2,0.3750000000000165,0.1832800159128496,197.34
521,521,fast,197.48,197.84,0.3600000000000136,0.0600000000000022,1,4,0.562500000000025,0.1337826353703899,197.66
522,522,today,197.9,198.18,0.2800000000000011,0.5999999999999943,1,5,0.3500000000000036,0.1915875237486085,198.04000000000002
523,523,but,198.78,198.92,0.1399999999999863,0.4000000000000057,2,3,0.29166666666664,0.4332639371894196,198.85
524,524,it's,199.32,199.48,0.1599999999999966,0.0600000000000022,1,4,0.2499999999999963,0.1572364502927278,199.39999999999998
525,525,also,199.54,199.84,0.3000000000000113,0.1399999999999863,1,4,0.4687500000000207,0.3509907918444111,199.69
526,526,really,199.98,200.22,0.2400000000000091,0.039999999999992,1,6,0.2500000000000111,0.3052063157561864,200.1
527,527,really,200.26,200.42,0.1599999999999966,0.0600000000000022,1,6,0.1666666666666642,0.2280747604148433,200.33999999999997
528,528,hard,200.48,200.68,0.200000000000017,0.0199999999999818,1,4,0.3125000000000286,0.0717330461963579,200.57999999999998
529,529,to,200.7,200.76,0.0600000000000022,0.0600000000000022,1,2,0.1875000000000081,0.0350416271468097,200.73
530,530,keep,200.82,200.98,0.1599999999999966,0.0400000000000204,1,4,0.2499999999999963,0.0249617345241457,200.89999999999998
531,531,up,201.02,201.2,0.1799999999999784,0.660000000000025,1,2,0.5624999999999362,0.021253447907299,201.11
532,532,google,201.86,202.16,0.2999999999999829,0.0200000000000102,1,6,0.3124999999999842,0.6460159171344149,202.01
533,533,scholar,202.18,202.56,0.3799999999999954,0.039999999999992,1,7,0.3392857142857124,0.5223480071371446,202.37
534,534,shows,202.6,202.86,0.2600000000000193,0.0199999999999818,1,5,0.3250000000000262,0.3413617867282028,202.73000000000002
535,535,here,202.88,203.04,0.1599999999999966,0.0200000000000102,1,4,0.2499999999999963,0.406738079914454,202.95999999999998
536,536,it,203.06,203.18,0.1200000000000045,0.2199999999999988,1,2,0.3750000000000165,0.1608221408642648,203.12
537,537,citation,203.4,203.9,0.5,0.039999999999992,1,8,0.3906250000000025,0.1567579029328846,203.65
538,538,data,203.94,204.22,0.2800000000000011,0.3000000000000113,1,4,0.4375000000000045,0.0766808998141597,204.07999999999998
539,539,and,204.52,204.76,0.2399999999999806,0.0400000000000204,1,3,0.4999999999999628,0.2982324685197239,204.64
540,540,i,204.8,204.84,0.039999999999992,0.0600000000000022,1,1,0.2499999999999516,0.443216630352101,204.82
541,541,think,204.9,205.02,0.1200000000000045,0.039999999999992,1,5,0.1500000000000066,0.4967863653770236,204.96
542,542,that's,205.06,205.22,0.1599999999999966,0.0600000000000022,1,6,0.1666666666666642,0.5255773160481855,205.14
543,543,interesting,205.28,205.74,0.4600000000000079,0.0600000000000022,1,11,0.2613636363636425,0.2777760279455357,205.51
544,544,from,205.8,205.94,0.1399999999999863,0.039999999999992,1,4,0.21874999999998,0.259180393927086,205.87
545,545,a,205.98,206.02,0.0400000000000204,0.0600000000000022,1,1,0.2500000000001292,0.4138419568218512,206.0
546,546,vanity,206.08,206.44,0.3599999999999852,0.0600000000000022,1,6,0.374999999999987,0.1904566524563656,206.26
547,547,point,206.5,206.72,0.2199999999999988,0.0,1,5,0.2750000000000003,0.0885621022221352,206.61
548,548,of,206.72,206.8,0.0800000000000125,0.0199999999999818,1,2,0.2500000000000407,0.0699478724122345,206.76
549,549,view,206.82,207.02,0.200000000000017,0.2999999999999829,1,4,0.3125000000000286,0.0327617348590832,206.92000000000002
550,550,however,207.32,207.76,0.4399999999999977,0.1800000000000068,1,7,0.3928571428571434,0.4391857482713077,207.54
551,551,it's,207.94,208.1,0.1599999999999966,0.039999999999992,1,4,0.2499999999999963,0.1539505664864029,208.01999999999998
552,552,interesting,208.14,208.52,0.3800000000000239,0.0600000000000022,1,11,0.2159090909091059,0.2774317740883937,208.32999999999998
553,553,from,208.58,208.7,0.1199999999999761,0.0200000000000102,1,4,0.1874999999999639,0.3142988085308155,208.64
554,554,another,208.72,209.06,0.3400000000000034,0.0600000000000022,1,7,0.3035714285714336,0.3761304284258115,208.89
555,555,point,209.12,209.32,0.1999999999999886,0.0200000000000102,1,5,0.2499999999999873,0.1129362043973187,209.22
556,556,if,209.34,209.44,0.0999999999999943,0.0,1,2,0.3124999999999842,0.0973510156586894,209.39
557,557,you,209.44,209.52,0.0800000000000125,0.0600000000000022,1,3,0.1666666666666938,0.1149603357075371,209.48000000000002
558,558,as,209.58,209.66,0.079999999999984,0.039999999999992,1,2,0.2499999999999516,0.1855980624077847,209.62
559,559,well,209.7,210.02,0.3200000000000216,0.3199999999999932,1,4,0.5000000000000371,0.2927931290623051,209.86
560,560,which,210.34,210.52,0.1800000000000068,0.0199999999999818,1,5,0.2250000000000099,0.3833768706799037,210.43
561,561,is,210.54,210.68,0.1400000000000147,0.039999999999992,1,2,0.4375000000000488,0.4498394306690425,210.61
562,562,that,210.72,210.88,0.1599999999999966,0.1599999999999966,1,4,0.2499999999999963,0.4208200567836714,210.8
563,563,i'll,211.04,211.2,0.1599999999999966,0.0400000000000204,1,4,0.2499999999999963,0.3656385803382102,211.12
564,564,go,211.24,211.34,0.0999999999999943,0.0999999999999943,1,2,0.3124999999999842,0.4687423426426743,211.29000000000002
565,565,there,211.44,211.66,0.2199999999999988,0.1200000000000045,1,5,0.2750000000000003,0.5079537091052272,211.55
566,566,i'll,211.78,211.94,0.1599999999999966,0.0600000000000022,1,4,0.2499999999999963,0.1920803360829086,211.86
567,567,see,212.0,212.12,0.1200000000000045,0.079999999999984,1,3,0.250000000000011,0.2351348031335544,212.06
568,568,papers,212.2,212.6,0.4000000000000057,0.039999999999992,1,6,0.4166666666666753,0.2890152153046031,212.39999999999998
569,569,that,212.64,212.76,0.1200000000000045,0.0800000000000125,1,4,0.1875000000000082,0.0947170310851856,212.7
570,570,cite,212.84,213.06,0.2199999999999988,0.0600000000000022,1,4,0.3437500000000004,0.3158785140109328,212.95
571,571,my,213.12,213.22,0.0999999999999943,0.039999999999992,1,2,0.3124999999999842,0.3577993346089724,213.17000000000002
572,572,own,213.26,213.38,0.1200000000000045,0.039999999999992,1,3,0.250000000000011,0.2831851229943242,213.32
573,573,papers,213.42,213.8,0.3800000000000239,0.039999999999992,1,6,0.3958333333333608,0.080480701576409,213.61
574,574,and,213.84,213.96,0.1200000000000045,0.0199999999999818,1,3,0.250000000000011,0.2279069955857352,213.9
575,575,they're,213.98,214.12,0.1400000000000147,0.1399999999999863,1,7,0.1250000000000139,0.591237291434117,214.05
576,576,really,214.26,214.62,0.3600000000000136,0.1200000000000045,1,6,0.3750000000000166,0.6183020109958266,214.44
577,577,interesting,214.74,215.28,0.539999999999992,0.1399999999999863,1,11,0.3068181818181793,0.09923081154477,215.01
578,578,and,215.42,215.56,0.1400000000000147,0.039999999999992,1,3,0.2916666666666992,0.2723271298097977,215.49
579,579,they,215.6,215.68,0.0800000000000125,0.0999999999999943,1,4,0.1250000000000203,0.3853053398720774,215.64
580,580,often,215.78,216.14,0.3599999999999852,0.0600000000000022,1,5,0.4499999999999844,0.4742176843591206,215.95999999999998
581,581,are,216.2,216.42,0.2199999999999988,0.3200000000000216,1,3,0.4583333333333338,0.4478810421552618,216.31
582,582,important,216.74,217.22,0.4799999999999897,0.039999999999992,2,9,0.3333333333333284,0.1977710634714677,216.98000000000002
583,583,ideas,217.26,217.74,0.4800000000000182,0.3199999999999932,2,5,0.6000000000000267,0.3625789000309078,217.5
584,584,that,218.06,218.22,0.1599999999999966,0.3400000000000034,2,4,0.2499999999999963,0.3656194119565982,218.14
585,585,in,218.56,218.66,0.0999999999999943,0.039999999999992,1,2,0.3124999999999842,0.401837322192327,218.61
586,586,the,218.7,218.74,0.0400000000000204,0.0600000000000022,1,3,0.0833333333333763,0.6340480758399848,218.72
587,587,past,218.8,219.06,0.2599999999999909,0.039999999999992,1,4,0.4062499999999884,0.3335969644906082,218.93
588,588,i,219.1,219.14,0.039999999999992,0.0600000000000022,1,1,0.2499999999999516,0.4967352496927251,219.12
589,589,would,219.2,219.34,0.1400000000000147,0.039999999999992,1,5,0.1750000000000195,0.4161503776359768,219.26999999999998
590,590,not,219.38,219.54,0.1599999999999966,0.0400000000000204,1,3,0.3333333333333284,0.5259164345917036,219.45999999999998
591,591,have,219.58,219.66,0.079999999999984,0.039999999999992,1,4,0.1249999999999758,0.2519312427360433,219.62
592,592,had,219.7,219.8,0.1000000000000227,0.039999999999992,1,3,0.2083333333333819,0.2161351364717861,219.75
593,593,access,219.84,220.2,0.3599999999999852,0.0400000000000204,1,6,0.374999999999987,0.1648472244027524,220.01999999999998
594,594,to,220.24,220.36,0.1200000000000045,0.1399999999999863,1,2,0.3750000000000165,0.0849963381677284,220.3
595,595,for,220.5,220.68,0.1800000000000068,0.3199999999999932,1,3,0.3750000000000166,0.1513270429257789,220.59
596,596,weeks,221.0,221.42,0.4199999999999875,0.0200000000000102,1,5,0.5249999999999878,0.2598887823923719,221.20999999999998
597,597,or,221.44,221.52,0.0800000000000125,0.0600000000000022,1,2,0.2500000000000407,0.3013411070311435,221.48000000000002
598,598,months,221.58,221.9,0.3199999999999932,0.039999999999992,1,6,0.3333333333333284,0.2668109167848427,221.74
599,599,or,221.94,222.0,0.0600000000000022,0.0600000000000022,1,2,0.1875000000000081,0.2375971518606245,221.97
600,600,maybe,222.06,222.28,0.2199999999999988,0.0,1,5,0.2750000000000003,0.2428521851789077,222.17000000000002
601,601,i,222.28,222.3,0.0200000000000102,0.0600000000000022,1,1,0.1250000000000646,0.71120106076813,222.29000000000002
602,602,never,222.36,222.54,0.1799999999999784,0.0400000000000204,1,5,0.2249999999999745,0.2258221782304134,222.45
603,603,would,222.58,222.68,0.0999999999999943,0.0,1,5,0.1249999999999936,0.2608985352761437,222.63
604,604,have,222.68,222.74,0.0600000000000022,0.039999999999992,1,4,0.093750000000004,0.2454314602794471,222.71
605,605,seen,222.78,222.98,0.1999999999999886,0.0200000000000102,1,4,0.3124999999999842,0.3033633712912048,222.88
606,606,them,223.0,223.16,0.1599999999999966,0.4399999999999977,1,4,0.2499999999999963,0.182107923314283,223.07999999999998
607,607,now,223.6,223.78,0.1800000000000068,0.0600000000000022,1,3,0.3750000000000166,0.4473834437425073,223.69
608,608,i,223.84,223.88,0.039999999999992,0.0999999999999943,1,1,0.2499999999999516,0.8758036877703131,223.86
609,609,see,223.98,224.08,0.1000000000000227,0.079999999999984,1,3,0.2083333333333819,0.1093581894764272,224.03
610,610,them,224.16,224.28,0.1200000000000045,0.0600000000000022,1,4,0.1875000000000082,0.2937925402663501,224.22
611,611,as,224.34,224.46,0.1200000000000045,0.039999999999992,1,2,0.3750000000000165,0.1297153426683528,224.4
612,612,soon,224.5,224.84,0.3400000000000034,0.039999999999992,1,4,0.5312500000000088,0.2108820802963856,224.67000000000002
613,613,as,224.88,225.06,0.1800000000000068,0.1399999999999863,1,2,0.562500000000025,0.258666384152432,224.97
614,614,they're,225.2,225.36,0.160000000000025,0.1399999999999863,1,7,0.1428571428571661,0.1262575450325709,225.28
615,615,indexed,225.5,226.14,0.6399999999999864,0.1000000000000227,1,7,0.5714285714285631,0.0984613846163154,225.82
616,616,and,226.24,226.44,0.1999999999999886,0.3400000000000034,1,3,0.4166666666666456,0.4246041815948957,226.34
617,617,it's,226.78,226.94,0.1599999999999966,0.0,1,4,0.2499999999999963,0.2173659208292883,226.86
618,618,a,226.94,227.0,0.0600000000000022,0.039999999999992,1,1,0.3750000000000162,0.7271946273131017,226.97
619,619,great,227.04,227.24,0.200000000000017,0.0199999999999818,1,5,0.2500000000000229,0.6784631577670509,227.14
620,620,example,227.26,227.68,0.4200000000000159,0.0199999999999818,1,7,0.3750000000000166,0.2988019247447549,227.47
621,621,of,227.7,227.76,0.0600000000000022,0.0400000000000204,1,2,0.1875000000000081,0.2962207012305452,227.73
622,622,how,227.8,227.9,0.0999999999999943,0.0199999999999818,1,3,0.2083333333333228,0.2965140853432172,227.85000000000002
623,623,the,227.92,227.98,0.0600000000000022,0.0200000000000102,1,3,0.1250000000000054,0.363338250074765,227.95
624,624,world,228.0,228.22,0.2199999999999988,0.0200000000000102,1,5,0.2750000000000003,0.3296402352009457,228.11
625,625,is,228.24,228.36,0.1200000000000045,0.039999999999992,1,2,0.3750000000000165,0.1724995023462672,228.3
626,626,moving,228.4,228.68,0.2800000000000011,0.1399999999999863,1,6,0.2916666666666697,0.182339153030871,228.54000000000002
627,627,so,228.82,228.94,0.1200000000000045,0.0600000000000022,1,2,0.3750000000000165,0.1003759356410687,228.88
628,628,much,229.0,229.16,0.1599999999999966,0.039999999999992,1,4,0.2499999999999963,0.139473148393931,229.07999999999998
629,629,faster,229.2,229.56,0.3600000000000136,0.039999999999992,1,6,0.3750000000000166,0.0801727933420946,229.38
630,630,now,229.6,229.78,0.1800000000000068,0.0600000000000022,1,3,0.3750000000000166,0.0516139515804518,229.69
631,631,which,229.84,230.02,0.1800000000000068,0.0199999999999818,1,5,0.2250000000000099,0.1588965344823318,229.93
632,632,is,230.04,230.18,0.1400000000000147,0.7599999999999909,1,2,0.4375000000000488,0.3265416431975139,230.11
633,633,great,230.94,231.24,0.3000000000000113,0.0600000000000022,1,5,0.3750000000000166,0.3767836997574539,231.09
634,634,on,231.3,231.38,0.079999999999984,0.0200000000000102,1,2,0.2499999999999516,0.3446271712812653,231.34
635,635,the,231.4,231.44,0.039999999999992,0.039999999999992,1,3,0.0833333333333172,0.3408746494056987,231.42000000000002
636,636,one,231.48,231.6,0.1200000000000045,0.039999999999992,1,3,0.250000000000011,0.4064460317798943,231.54
637,637,hand,231.64,231.9,0.2600000000000193,0.1200000000000045,1,4,0.4062500000000328,0.2079377866925875,231.76999999999998
638,638,because,232.02,232.46,0.4399999999999977,0.039999999999992,1,7,0.3928571428571434,0.1441740808297083,232.24
639,639,we,232.5,232.58,0.0800000000000125,0.0599999999999738,1,2,0.2500000000000407,0.1189527112932742,232.54000000000002
640,640,like,232.64,232.82,0.1800000000000068,0.0200000000000102,1,4,0.2812500000000125,0.188811878078049,232.73
641,641,intellectual,232.84,233.32,0.4799999999999897,0.0600000000000022,1,12,0.2499999999999962,0.2119909531122828,233.07999999999998
642,642,speed,233.38,233.72,0.3400000000000034,0.1800000000000068,1,5,0.4250000000000071,0.1831839299459458,233.55
643,643,but,233.9,234.0,0.0999999999999943,0.039999999999992,1,3,0.2083333333333228,0.3009799697427738,233.95
644,644,on,234.04,234.12,0.0800000000000125,0.039999999999992,1,2,0.2500000000000407,0.4335738141711928,234.07999999999998
645,645,the,234.16,234.2,0.039999999999992,0.0400000000000204,1,3,0.0833333333333172,0.4942866756468133,234.18
646,646,other,234.24,234.36,0.1200000000000045,0.039999999999992,1,5,0.1500000000000066,0.4946824073000922,234.3
647,647,hand,234.4,234.6,0.1999999999999886,0.039999999999992,1,4,0.3124999999999842,0.2817806199922132,234.5
648,648,it,234.64,234.72,0.0800000000000125,0.039999999999992,1,2,0.2500000000000407,0.2534739240457744,234.68
649,649,also,234.76,235.04,0.2800000000000011,0.5200000000000102,1,4,0.4375000000000045,0.4220035976596293,234.89999999999998
650,650,it's,235.56,235.72,0.1599999999999966,0.0200000000000102,2,4,0.2499999999999963,0.2782076087657424,235.64
651,651,a,235.74,235.78,0.039999999999992,0.039999999999992,2,1,0.2499999999999516,0.8517667861689407,235.76
652,652,real,235.82,235.98,0.1599999999999966,0.0400000000000204,2,4,0.2499999999999963,0.5069106108134175,235.89999999999998
653,653,challenge,236.02,236.5,0.4799999999999897,0.1800000000000068,2,9,0.3333333333333284,0.1146726440233439,236.26
654,654,of,236.68,236.82,0.1399999999999863,0.0800000000000125,2,2,0.4374999999999601,0.2953188033889863,236.75
655,655,there's,236.9,237.08,0.1800000000000068,0.0199999999999818,2,7,0.1607142857142928,0.2286387962672756,236.99
656,656,a,237.1,237.16,0.0600000000000022,0.0200000000000102,2,1,0.3750000000000162,0.275767623150553,237.13
657,657,lot,237.18,237.36,0.1800000000000068,0.039999999999992,2,3,0.3750000000000166,0.2432909080194383,237.27
658,658,to,237.4,237.46,0.0600000000000022,0.0600000000000022,2,2,0.1875000000000081,0.0741879433188013,237.43
659,659,keep,237.52,237.68,0.1599999999999966,0.039999999999992,2,4,0.2499999999999963,0.0333488350044551,237.60000000000002
660,660,up,237.72,237.82,0.0999999999999943,0.0400000000000204,2,2,0.3124999999999842,0.0122992634423009,237.76999999999998
661,661,with,237.86,238.04,0.1799999999999784,5.0800000000000125,2,4,0.2812499999999681,0.0573550616632478,237.95
662,662,understanding,243.12,243.84,0.7199999999999989,0.0999999999999943,2,13,0.3461538461538478,0.3449945652621611,243.48000000000002
663,663,the,243.94,244.0,0.0600000000000022,0.0999999999999943,2,3,0.1250000000000054,0.1211108138247588,243.97
664,664,right,244.1,244.34,0.2400000000000091,0.0999999999999943,2,5,0.3000000000000133,0.314243460866161,244.22
665,665,role,244.44,244.76,0.3199999999999932,0.0600000000000022,2,4,0.4999999999999926,0.3188027869770755,244.6
666,666,for,244.82,244.92,0.0999999999999943,0.0400000000000204,2,3,0.2083333333333228,0.1130371246818056,244.87
667,667,machine,244.96,245.34,0.3799999999999954,0.039999999999992,2,7,0.3392857142857124,0.1621199001323467,245.15
668,668,learning,245.38,245.84,0.4600000000000079,0.3199999999999932,2,8,0.3593750000000085,0.0692042290405677,245.61
669,669,in,246.16,246.34,0.1800000000000068,0.0999999999999943,2,2,0.562500000000025,0.1388975783205287,246.25
670,670,today's,246.44,246.76,0.3199999999999932,0.0400000000000204,2,7,0.2857142857142815,0.0932513344769286,246.6
671,671,economy,246.8,247.3,0.5,0.4399999999999977,2,7,0.4464285714285743,0.0332322713290527,247.05
672,672,that,247.74,247.96,0.2199999999999988,0.3199999999999932,2,4,0.3437500000000004,0.2587828076167681,247.85000000000002
673,673,we,248.28,248.36,0.0800000000000125,0.0999999999999943,2,2,0.2500000000000407,0.2058580460115388,248.32
674,674,know,248.46,248.68,0.2199999999999988,0.0600000000000022,2,4,0.3437500000000004,0.5651790906193879,248.57
675,675,that,248.74,248.86,0.1200000000000045,0.3799999999999954,2,4,0.1875000000000082,0.3784133939025024,248.8
676,676,the,249.24,249.3,0.0600000000000022,0.0600000000000022,1,3,0.1250000000000054,0.1676425165778212,249.27
677,677,technology,249.36,249.98,0.6199999999999761,0.0400000000000204,1,10,0.3874999999999876,0.2154125487124397,249.67000000000002
678,678,is,250.02,250.08,0.0600000000000022,0.0199999999999818,1,2,0.1875000000000081,0.087825541505649,250.05
679,679,extremely,250.1,250.66,0.5600000000000023,0.039999999999992,1,9,0.388888888888893,0.1431252674246257,250.38
680,680,powerful,250.7,251.26,0.5600000000000023,0.5400000000000205,1,8,0.4375000000000046,0.0793434911523548,250.98
681,681,and,251.8,252.02,0.2199999999999988,0.079999999999984,1,3,0.4583333333333338,0.1632065411902344,251.91000000000003
682,682,it's,252.1,252.24,0.1400000000000147,0.079999999999984,1,4,0.2187500000000244,0.0295734817726828,252.17000000000002
683,683,getting,252.32,252.52,0.200000000000017,0.039999999999992,1,7,0.1785714285714449,0.2749424865571634,252.42000000000002
684,684,more,252.56,252.72,0.1599999999999966,0.039999999999992,1,4,0.2499999999999963,0.2751933807572623,252.64
685,685,powerful,252.76,253.2,0.4399999999999977,0.0600000000000022,1,8,0.3437500000000005,0.1398080575880041,252.98
686,686,every,253.26,253.48,0.2199999999999988,0.0600000000000022,1,5,0.2750000000000003,0.1873469792094045,253.37
687,687,year,253.54,253.78,0.2400000000000091,0.4199999999999875,1,4,0.3750000000000166,0.060256678887258,253.66
688,688,and,254.2,254.34,0.1400000000000147,0.0200000000000102,1,3,0.2916666666666992,0.3128564856123811,254.26999999999998
689,689,it,254.36,254.4,0.039999999999992,0.039999999999992,1,2,0.1249999999999758,0.8648752208512885,254.38
690,690,can,254.44,254.52,0.0800000000000125,0.039999999999992,1,3,0.1666666666666938,0.1481187730859809,254.48000000000002
691,691,do,254.56,254.62,0.0600000000000022,0.0600000000000022,1,2,0.1875000000000081,0.4175837742765177,254.59
692,692,a,254.68,254.72,0.039999999999992,0.0600000000000022,1,1,0.2499999999999516,0.4419818878482659,254.7
693,693,whole,254.78,255.04,0.2599999999999909,0.0400000000000204,1,5,0.3249999999999907,0.2979617749708062,254.91
694,694,lot,255.08,255.2,0.1199999999999761,0.0200000000000102,1,3,0.2499999999999518,0.7983723049187561,255.14
695,695,of,255.22,255.28,0.0600000000000022,0.0800000000000125,1,2,0.1875000000000081,0.3980426464732154,255.25
696,696,good,255.36,255.62,0.2599999999999909,0.079999999999984,1,4,0.4062499999999884,0.2984792255281671,255.49
697,697,for,255.7,255.78,0.0800000000000125,0.039999999999992,1,3,0.1666666666666938,0.0401551041168252,255.74
698,698,the,255.82,255.88,0.0600000000000022,0.039999999999992,1,3,0.1250000000000054,0.1240798384744376,255.85
699,699,world,255.92,256.3,0.3800000000000239,0.5199999999999818,1,5,0.4750000000000329,0.0870606055971115,256.11
700,700,i,256.82,256.92,0.1000000000000227,0.079999999999984,1,1,0.625000000000146,0.187104846566497,256.87
701,701,think,257.0,257.18,0.1800000000000068,0.079999999999984,1,5,0.2250000000000099,0.3824936314856281,257.09000000000003
702,702,what,257.26,257.46,0.1999999999999886,0.160000000000025,1,4,0.3124999999999842,0.3839364933789649,257.36
703,703,companies,257.62,258.08,0.4599999999999795,0.0400000000000204,1,9,0.3194444444444323,0.2085696847187033,257.85
704,704,need,258.12,258.24,0.1200000000000045,0.0199999999999818,1,4,0.1875000000000082,0.2559899193473559,258.18
705,705,to,258.26,258.32,0.0600000000000022,0.0400000000000204,1,2,0.1875000000000081,0.2052958564642617,258.28999999999996
706,706,figure,258.36,258.62,0.2599999999999909,0.0199999999999818,1,6,0.2708333333333256,0.3222522315581165,258.49
707,707,out,258.64,258.76,0.1200000000000045,0.0400000000000204,1,3,0.250000000000011,0.4658573933360658,258.7
708,708,right,258.8,258.96,0.1599999999999681,0.0400000000000204,1,5,0.1999999999999614,0.233044972402811,258.88
709,709,now,259.0,259.22,0.2200000000000272,0.0999999999999659,1,3,0.458333333333393,0.3111568912647792,259.11
710,710,is,259.32,259.48,0.160000000000025,0.3199999999999932,1,2,0.5000000000000815,0.1488874998706266,259.4
711,711,what,259.8,259.98,0.1800000000000068,0.0199999999999818,1,4,0.2812500000000125,0.5142623420866579,259.89
712,712,is,260.0,260.1,0.1000000000000227,0.0399999999999636,1,2,0.312500000000073,0.5125539939589951,260.05
713,713,the,260.14,260.18,0.0400000000000204,0.0400000000000204,1,3,0.0833333333333763,0.1799451324124041,260.15999999999997
714,714,best,260.22,260.42,0.1999999999999886,0.0399999999999636,1,4,0.3124999999999842,0.2103418043045984,260.32000000000005
715,715,way,260.46,260.56,0.1000000000000227,0.0199999999999818,1,3,0.2083333333333819,0.342574561232652,260.51
716,716,to,260.58,260.64,0.0600000000000022,0.0400000000000204,1,2,0.1875000000000081,0.2873310530829743,260.61
717,717,deploy,260.68,261.2,0.5199999999999818,0.0400000000000204,1,6,0.5416666666666512,0.0936271142258373,260.94
718,718,it,261.24,261.4,0.1599999999999681,0.4000000000000341,1,2,0.4999999999999036,0.0942057082821862,261.32
719,719,how,261.8,261.98,0.1800000000000068,0.0199999999999818,1,3,0.3750000000000166,0.4287410447347833,261.89
720,720,do,262.0,262.08,0.079999999999984,0.0,1,2,0.2499999999999516,0.4454414073191927,262.03999999999996
721,721,you,262.08,262.18,0.1000000000000227,0.0999999999999659,1,3,0.2083333333333819,0.7026344371917237,262.13
722,722,best,262.28,262.58,0.3000000000000113,0.1400000000000432,1,4,0.4687500000000207,0.3499904512642879,262.42999999999995
723,723,understand,262.72,263.42,0.6999999999999886,0.0399999999999636,1,10,0.4374999999999958,0.2390274900951938,263.07000000000005
724,724,what,263.46,263.6,0.1400000000000432,0.0199999999999818,1,4,0.2187500000000689,0.1540280579586338,263.53
725,725,it's,263.62,263.74,0.1200000000000045,0.0600000000000022,1,4,0.1875000000000082,0.063202054234948,263.68
726,726,doing,263.8,264.18,0.3799999999999954,0.4200000000000159,1,5,0.4749999999999973,0.1081030338908755,263.99
727,727,it's,264.6,264.86,0.2599999999999909,0.0399999999999636,1,4,0.4062499999999884,0.2359250408892398,264.73
728,728,a,264.9,264.96,0.0600000000000022,0.1400000000000432,1,1,0.3750000000000162,0.4275176428319019,264.92999999999995
729,729,new,265.1,265.28,0.1799999999999499,0.0400000000000204,1,3,0.3749999999998981,0.430223122979418,265.19
730,730,kind,265.32,265.5,0.1800000000000068,0.0,1,4,0.2812500000000125,0.1760073438412576,265.40999999999997
731,731,of,265.5,265.56,0.0600000000000022,0.0400000000000204,1,2,0.1875000000000081,0.2438427250658431,265.53
732,732,engineering,265.6,266.12,0.5199999999999818,0.0199999999999818,1,11,0.2954545454545371,0.211680465862711,265.86
733,733,in,266.14,266.22,0.0800000000000409,0.0399999999999636,1,2,0.2500000000001294,0.0490464948445426,266.18
734,734,my,266.26,266.36,0.1000000000000227,0.079999999999984,1,2,0.312500000000073,0.1732748343394684,266.31
735,735,view,266.44,266.64,0.1999999999999886,0.0800000000000409,1,4,0.3124999999999842,0.0586659853454893,266.53999999999996
736,736,that,266.72,266.86,0.1399999999999863,0.3199999999999932,1,4,0.21874999999998,0.1300004382637563,266.79
737,737,just,267.18,267.42,0.2400000000000091,0.0199999999999818,1,4,0.3750000000000166,0.3929387951840094,267.3
738,738,as,267.44,267.56,0.1200000000000045,0.0400000000000204,1,2,0.3750000000000165,0.4929674594958744,267.5
739,739,there,267.6,267.7,0.0999999999999659,0.0200000000000386,1,5,0.1249999999999581,0.2690881640848468,267.65
740,740,was,267.72,267.8,0.079999999999984,0.0199999999999818,1,3,0.1666666666666344,0.1806974291556682,267.76
741,741,a,267.82,267.88,0.0600000000000022,0.1000000000000227,1,1,0.3750000000000162,0.2978681862890898,267.85
742,742,big,267.98,268.16,0.1800000000000068,0.0600000000000022,1,3,0.3750000000000166,0.2128397901786654,268.07000000000005
743,743,shift,268.22,268.64,0.4199999999999591,0.1399999999999863,1,5,0.5249999999999523,0.0954556716901584,268.43
744,744,from,268.78,268.96,0.1800000000000068,0.0800000000000409,1,4,0.2812500000000125,0.1092136936242759,268.87
745,745,hardware,269.04,269.6,0.5600000000000023,0.2799999999999727,1,8,0.4375000000000046,0.2209412151913796,269.32000000000005
746,746,to,269.88,269.96,0.079999999999984,0.0800000000000409,1,2,0.2499999999999516,0.0143596902075716,269.91999999999996
747,747,software,270.04,270.52,0.4799999999999613,0.4399999999999977,1,8,0.3749999999999722,0.1415352015673384,270.28
748,748,i,270.96,271.06,0.1000000000000227,0.079999999999984,1,1,0.625000000000146,0.0680909043260736,271.01
749,749,think,271.14,271.3,0.160000000000025,0.0600000000000022,1,5,0.2000000000000326,0.2332034227261358,271.22
750,750,the,271.36,271.44,0.079999999999984,0.1000000000000227,1,3,0.1666666666666344,0.3090838885022691,271.4
751,751,switch,271.54,272.0,0.4599999999999795,0.0600000000000022,1,6,0.4791666666666484,0.1275758583249555,271.77
752,752,from,272.06,272.2,0.1399999999999863,0.079999999999984,1,4,0.21874999999998,0.2028439869266443,272.13
753,753,software,272.28,272.8,0.5200000000000387,0.3600000000000136,1,8,0.4062500000000328,0.3276175209339234,272.53999999999996
754,754,traditional,273.16,273.6,0.4399999999999977,0.0199999999999818,1,11,0.2500000000000003,0.1852619028558791,273.38
755,755,software,273.62,273.92,0.3000000000000113,0.0199999999999818,1,8,0.2343750000000103,0.1470891654573965,273.77
756,756,engineering,273.94,274.46,0.5199999999999818,0.3600000000000136,1,11,0.2954545454545371,0.1137453552115178,274.2
757,757,to,274.82,274.9,0.079999999999984,0.0600000000000022,1,2,0.2499999999999516,0.057261764475402,274.86
758,758,machine,274.96,275.24,0.2800000000000295,0.0399999999999636,1,7,0.250000000000028,0.2668498092177563,275.1
759,759,learning,275.28,275.6,0.32000000000005,0.5799999999999841,1,8,0.2500000000000407,0.2185299021321728,275.44
760,760,that's,276.18,276.4,0.2199999999999704,0.0400000000000204,1,6,0.2291666666666373,0.3111631373962135,276.28999999999996
761,761,equally,276.44,276.84,0.3999999999999772,0.0800000000000409,1,7,0.3571428571428391,0.3308606636535771,276.64
762,762,big,276.92,277.18,0.2599999999999909,0.1399999999999863,1,3,0.5416666666666512,0.2331840197664272,277.05
763,763,and,277.32,277.44,0.1200000000000045,0.0400000000000204,1,3,0.250000000000011,0.2220832927359935,277.38
764,764,it's,277.48,277.6,0.1200000000000045,0.0399999999999636,1,4,0.1875000000000082,0.1661719448941541,277.54
765,765,going,277.64,277.74,0.1000000000000227,0.0,1,5,0.1250000000000292,0.2377914246529617,277.69
766,766,to,277.74,277.78,0.0399999999999636,0.0400000000000204,1,2,0.124999999999887,0.259041343143964,277.76
767,767,have,277.82,278.0,0.1800000000000068,0.079999999999984,1,4,0.2812500000000125,0.2065183732470687,277.90999999999997
768,768,equally,278.08,278.44,0.3600000000000136,0.0400000000000204,1,7,0.3214285714285856,0.1620381852065275,278.26
769,769,profound,278.48,278.86,0.3799999999999954,0.0199999999999818,1,8,0.2968749999999983,0.1404336605360206,278.67
770,770,repercussions,278.88,279.6,0.7200000000000273,0.7399999999999523,1,13,0.3461538461538615,0.0279879531436342,279.24
771,771,what,280.34,280.54,0.2000000000000454,0.0399999999999636,1,4,0.312500000000073,0.4315291950972515,280.44
772,772,does,280.58,280.72,0.1400000000000432,0.0199999999999818,1,4,0.2187500000000689,0.2802230805195183,280.65
773,773,a,280.74,280.78,0.0399999999999636,0.0400000000000204,1,1,0.2499999999997741,0.396185885837072,280.76
774,774,machine,280.82,281.14,0.3199999999999932,0.0400000000000204,1,7,0.2857142857142815,0.1783413363275336,280.98
775,775,learning,281.18,281.46,0.2799999999999727,0.0400000000000204,1,8,0.2187499999999801,0.238828266952726,281.32
776,776,system,281.5,281.86,0.3600000000000136,0.1200000000000045,1,6,0.3750000000000166,0.0948759654585511,281.68
777,777,pick,281.98,282.28,0.2999999999999545,0.0200000000000386,1,4,0.468749999999932,0.0620746546681398,282.13
778,778,up,282.3,282.44,0.1399999999999863,0.1000000000000227,1,2,0.4374999999999601,0.1359390802774494,282.37
779,779,from,282.54,282.68,0.1399999999999863,0.0199999999999818,1,4,0.21874999999998,0.0474065491123464,282.61
780,780,the,282.7,282.76,0.0600000000000022,0.0600000000000022,1,3,0.1250000000000054,0.1189413845223216,282.73
781,781,world,282.82,283.16,0.3400000000000318,0.1599999999999681,1,5,0.4250000000000425,0.0275875721693761,282.99
782,782,because,283.32,283.66,0.3400000000000318,0.0399999999999636,1,7,0.3035714285714589,0.122751045454458,283.49
783,783,we,283.7,283.76,0.0600000000000022,0.0600000000000022,1,2,0.1875000000000081,0.3161415455457795,283.73
784,784,know,283.82,283.94,0.1200000000000045,0.0600000000000022,1,4,0.1875000000000082,0.5303063051558677,283.88
785,785,it,284.0,284.1,0.1000000000000227,0.0399999999999636,1,2,0.312500000000073,0.3409162223891948,284.05
786,786,picks,284.14,284.34,0.1999999999999886,0.0200000000000386,1,5,0.2499999999999873,0.0506880053425847,284.24
787,787,up,284.36,284.5,0.1399999999999863,0.0400000000000204,1,2,0.4374999999999601,0.2407199977346673,284.43
788,788,on,284.54,284.64,0.0999999999999659,0.160000000000025,1,2,0.3124999999998955,0.2894018689451186,284.59000000000003
789,789,all,284.8,284.98,0.1800000000000068,0.0600000000000022,1,3,0.3750000000000166,0.508744614182647,284.89
790,790,sorts,285.04,285.28,0.2399999999999522,0.0200000000000386,1,5,0.2999999999999422,0.1114732253842902,285.15999999999997
791,791,of,285.3,285.38,0.079999999999984,0.0600000000000022,1,2,0.2499999999999516,0.0695116050255468,285.34000000000003
792,792,subtle,285.44,285.7,0.2599999999999909,0.079999999999984,1,6,0.2708333333333256,0.147718161569984,285.57
793,793,queues,285.78,286.22,0.4400000000000545,0.339999999999975,1,6,0.4583333333333931,0.1310934821678831,286.0
794,794,in,286.56,286.68,0.1200000000000045,0.0400000000000204,1,2,0.3750000000000165,0.0694223185380383,286.62
795,795,general,286.72,287.02,0.2999999999999545,0.0400000000000204,1,7,0.267857142857104,0.8478419812028861,286.87
796,796,that's,287.06,287.22,0.160000000000025,0.0199999999999818,1,6,0.1666666666666938,0.17402222696432,287.14
797,797,exactly,287.24,287.7,0.4599999999999795,0.0600000000000022,1,7,0.4107142857142701,0.2659304876363469,287.47
798,798,what,287.76,287.88,0.1200000000000045,0.0400000000000204,1,4,0.1875000000000082,0.1720370547673779,287.82
799,799,we,287.92,287.96,0.0399999999999636,0.0800000000000409,1,2,0.124999999999887,0.1188072058510379,287.94
800,800,want,288.04,288.18,0.1399999999999863,0.0400000000000204,1,4,0.21874999999998,0.1728412377235768,288.11
801,801,to,288.22,288.28,0.0599999999999454,0.0600000000000022,1,2,0.1874999999998306,0.0,288.25
802,802,happen,288.34,288.7,0.3600000000000136,0.3199999999999932,1,6,0.3750000000000166,0.0968467129642803,288.52
803,803,but,289.02,289.14,0.1200000000000045,0.0600000000000022,1,3,0.250000000000011,0.3098723230385722,289.08
804,804,sometimes,289.2,289.66,0.4600000000000364,0.1199999999999477,1,9,0.3194444444444718,0.3096353068838578,289.43
805,805,the,289.78,289.84,0.0600000000000022,0.0400000000000204,1,3,0.1250000000000054,0.2803821413386087,289.80999999999995
806,806,reality,289.88,290.3,0.4200000000000159,0.0399999999999636,1,7,0.3750000000000166,0.5929064461287695,290.09000000000003
807,807,can,290.34,290.44,0.1000000000000227,0.0400000000000204,1,3,0.2083333333333819,0.0807273985167339,290.39
808,808,be,290.48,290.54,0.0600000000000022,0.0399999999999636,1,2,0.1875000000000081,0.1591138314606053,290.51
809,809,a,290.58,290.6,0.0200000000000386,0.0399999999999636,1,1,0.125000000000242,0.4157535672426073,290.59000000000003
810,810,little,290.64,290.82,0.1800000000000068,0.0400000000000204,1,6,0.1875000000000083,0.3121070022864965,290.73
811,811,bit,290.86,290.98,0.1200000000000045,0.0199999999999818,1,3,0.250000000000011,0.1650828323025657,290.92
812,812,more,291.0,291.14,0.1399999999999863,0.0600000000000022,1,4,0.21874999999998,0.198528931729486,291.07
813,813,complex,291.2,291.8,0.6000000000000227,0.3799999999999954,1,7,0.5357142857143096,0.0930079250734592,291.5
814,814,there,292.18,292.34,0.1599999999999681,0.0,1,5,0.1999999999999614,0.2763928982481352,292.26
815,815,are,292.34,292.4,0.0600000000000022,0.0600000000000022,1,3,0.1250000000000054,0.3694696427903817,292.37
816,816,certainly,292.46,292.84,0.3799999999999954,0.1200000000000045,1,9,0.2638888888888874,0.2910132865252616,292.65
817,817,our,292.96,293.2,0.2400000000000091,0.4600000000000364,1,3,0.5000000000000222,0.4627016221806826,293.08
818,818,biases,293.66,294.2,0.5399999999999636,0.0600000000000022,1,6,0.5624999999999658,0.3152244136286538,293.93
819,819,built,294.26,294.52,0.2599999999999909,0.0200000000000386,1,5,0.3249999999999907,0.1413727187348283,294.39
820,820,into,294.54,294.88,0.339999999999975,0.1200000000000045,1,4,0.5312499999999644,0.155723121940171,294.71000000000004
821,821,data,295.0,295.28,0.2799999999999727,0.0400000000000204,1,4,0.4374999999999602,0.2574831919900748,295.14
822,822,sets,295.32,295.66,0.3400000000000318,0.079999999999984,1,4,0.5312500000000532,0.191534110424621,295.49
823,823,potentially,295.74,296.32,0.5799999999999841,0.4399999999999977,1,11,0.3295454545454477,0.1262100039266764,296.03
824,824,and,296.76,297.12,0.3600000000000136,0.2799999999999727,2,3,0.7500000000000333,0.288629551892171,296.94
825,825,the,297.4,297.46,0.0600000000000022,0.0200000000000386,1,3,0.1250000000000054,0.0561248553997942,297.42999999999995
826,826,extent,297.48,297.86,0.3799999999999954,0.0199999999999818,1,6,0.3958333333333311,0.2159918570774212,297.67
827,827,that,297.88,297.98,0.1000000000000227,0.0,1,4,0.1562500000000365,0.2542524341732429,297.93
828,828,a,297.98,298.02,0.0399999999999636,0.0200000000000386,1,1,0.2499999999997741,0.3859502189963082,298.0
829,829,machine,298.04,298.34,0.2999999999999545,0.0200000000000386,1,7,0.267857142857104,0.1646595512869701,298.19
830,830,is,298.36,298.44,0.079999999999984,0.0600000000000022,1,2,0.2499999999999516,0.1421236750318258,298.4
831,831,picking,298.5,298.8,0.3000000000000113,0.0199999999999818,1,7,0.2678571428571547,0.0986447071594818,298.65
832,832,up,298.82,298.92,0.1000000000000227,0.0600000000000022,1,2,0.312500000000073,0.2018827228172358,298.87
833,833,on,298.98,299.04,0.0600000000000022,0.0399999999999636,1,2,0.1875000000000081,0.2506975374822955,299.01
834,834,those,299.08,299.24,0.160000000000025,0.0399999999999636,1,5,0.2000000000000326,0.142499325523416,299.15999999999997
835,835,biases,299.28,299.78,0.5,0.0400000000000204,1,6,0.5208333333333367,0.2250581824125655,299.53
836,836,it's,299.82,299.96,0.1399999999999863,0.0200000000000386,1,4,0.21874999999998,0.0257279985807272,299.89
837,837,important,299.98,300.38,0.3999999999999772,0.0199999999999818,1,9,0.2777777777777638,0.1979050097987318,300.18
838,838,that,300.4,300.48,0.0800000000000409,0.0399999999999636,1,4,0.1250000000000647,0.305434054385338,300.44
839,839,we,300.52,300.56,0.0400000000000204,0.1000000000000227,1,2,0.1250000000000646,0.3029207559339833,300.53999999999996
840,840,understand,300.66,301.2,0.5399999999999636,0.0400000000000204,1,10,0.3374999999999795,0.2223744327004768,300.93
841,841,them,301.24,301.42,0.1800000000000068,0.1399999999999863,1,4,0.2812500000000125,0.1905472666239857,301.33000000000004
842,842,and,301.56,301.7,0.1399999999999863,0.0400000000000204,1,3,0.29166666666664,0.1634411202816496,301.63
843,843,we,301.74,301.8,0.0600000000000022,0.0600000000000022,1,2,0.1875000000000081,0.2143010127815462,301.77
844,844,think,301.86,302.0,0.1399999999999863,0.0199999999999818,1,5,0.174999999999984,0.112674141680995,301.93
845,845,about,302.02,302.18,0.160000000000025,0.0400000000000204,1,5,0.2000000000000326,0.2906887768303405,302.1
846,846,ways,302.22,302.52,0.2999999999999545,0.0600000000000022,1,4,0.468749999999932,0.2699432896527582,302.37
847,847,to,302.58,302.7,0.1200000000000045,0.6399999999999864,1,2,0.3750000000000165,0.0523470246220992,302.64
848,848,sort,303.34,303.5,0.160000000000025,0.0,2,4,0.2500000000000407,0.2729913195670809,303.41999999999996
849,849,of,303.5,303.56,0.0600000000000022,0.3999999999999772,2,2,0.1875000000000081,0.3677896295691018,303.53
850,850,improve,303.96,304.42,0.4600000000000364,0.0399999999999636,1,7,0.4107142857143209,0.3127843115608458,304.19
851,851,machine,304.46,304.78,0.3199999999999932,0.0400000000000204,1,7,0.2857142857142815,0.2385414435950343,304.62
852,852,learning,304.82,305.16,0.3400000000000318,0.2999999999999545,1,8,0.2656250000000266,0.267442219525726,304.99
853,853,by,305.46,305.62,0.160000000000025,0.2799999999999727,2,2,0.5000000000000815,0.5007491585902729,305.53999999999996
854,854,removing,305.9,306.34,0.4399999999999977,0.0600000000000022,2,8,0.3437500000000005,0.3313034261117201,306.12
855,855,biases,306.4,306.98,0.5800000000000409,0.0999999999999659,2,6,0.6041666666667133,0.1764789087291895,306.69
856,856,potentially,307.08,307.58,0.5,0.0600000000000022,2,11,0.2840909090909109,0.1278130890731836,307.33
857,857,where,307.64,307.78,0.1399999999999863,0.0400000000000204,2,5,0.174999999999984,0.1484457558034783,307.71
858,858,they've,307.82,307.98,0.160000000000025,2.9399999999999977,2,7,0.1428571428571661,0.1474587708554783,307.9
859,859,the,310.92,310.96,0.0399999999999636,,2,3,0.083333333333258,0.0852453611686699,310.94
