Unnamed: 0,Word,Start,End,time_spent,post_pause,speaker,intensity,length,std_time_spent,amplitude
0,by,0.16,0.38,0.22,0.06,0,0.06102750955525439,2,0.6111111111110881,0.7414416628958719
1,his,0.44,0.54,0.1,0.0399999999999999,0,0.04288189600384425,3,0.18518518518517818,0.4956585518226706
2,luck,0.58,0.84,0.26,0.04,0,0.05790696076732977,4,0.3611111111110975,0.6991736961953346
3,ran,0.88,1.08,0.2,0.0599999999999998,0,0.05152897218457696,3,0.37037037037035636,0.6127835682552121
4,out,1.14,1.4,0.26,0.1400000000000001,0,0.023471818302140568,3,0.4814814814814633,0.23274821979222993
5,that's,1.54,1.82,0.28,0.02,0,0.03538996106720218,6,0.2592592592592495,0.39417997291053475
6,the,1.84,1.92,0.0799999999999998,0.04,0,0.03379022507440476,3,0.14814814814814217,0.37251148051750843
7,subject,1.96,2.52,0.56,0.02,0,0.039181200477889255,7,0.44444444444442766,0.4455324727608132
8,of,2.54,2.62,0.08,0.06,0,0.056400852679125035,2,0.22222222222221383,0.6787733977715482
9,tonight's,2.68,3.1,0.4199999999999999,0.02,0,0.038729943746161656,9,0.2592592592592494,0.4394201810434513
10,water's,3.12,3.48,0.3599999999999999,0.06,0,0.04584052791581042,7,0.2857142857142749,0.535733347518239
11,words,3.54,4.0,0.4599999999999999,0.4400000000000004,0,0.024452673569710946,5,0.5111111111110918,0.24603394631191822
12,by,4.44,4.58,0.1399999999999996,0.0599999999999996,0,0.04277303020352486,2,0.3888888888888731,0.4941839599045652
13,his,4.64,4.74,0.1000000000000005,0.0599999999999996,0,0.04920008652875212,3,0.18518518518517912,0.5812387125135942
14,always,4.8,5.02,0.2199999999999997,0.04,0,0.05328445261568169,6,0.20370370370369575,0.6365616257214208
15,been,5.06,5.18,0.1200000000000001,0.0200000000000004,0,0.045072185029068054,4,0.16666666666666052,0.5253261102793623
16,a,5.2,5.24,0.04,0.08,0,0.05565456468231824,1,0.22222222222221383,0.6686648949594453
17,lucky,5.32,5.78,0.4599999999999999,0.08,0,0.04478091887088848,5,0.5111111111110918,0.5213808977184924
18,guy,5.86,6.2,0.3399999999999998,0.08,0,0.055730798585710326,3,0.6296296296296056,0.6696974864390266
19,his,6.28,6.42,0.1399999999999996,0.04,0,0.054834556764949284,3,0.2592592592592487,0.6575578526726368
20,whole,6.46,6.62,0.1600000000000001,0.04,0,0.05168816616205402,5,0.17777777777777115,0.6149398574838774
21,political,6.66,7.1,0.4399999999999995,0.04,0,0.04180317636716737,9,0.2716049382715944,0.481047248240842
22,life,7.14,7.48,0.3400000000000007,0.3799999999999999,0,0.03673489863067623,4,0.47222222222220533,0.4123972096886306
23,he,7.86,7.94,0.08,0.0599999999999996,0,0.00628854141754358,2,0.22222222222221383,0.0
24,wanted,8.0,8.26,0.2599999999999998,0.0600000000000005,0,0.050716839971164746,6,0.24074074074073146,0.6017832027150948
25,senate,8.32,8.66,0.3399999999999998,0.0399999999999991,0,0.04195867393181231,6,0.3148148148148028,0.4831534693997165
26,seat,8.7,8.92,0.2200000000000006,0.0400000000000009,0,0.04687482699785643,4,0.30555555555554487,0.5497429727891172
27,because,8.96,9.26,0.2999999999999989,0.0400000000000009,0,0.036828807043650796,7,0.23809523809522823,0.41366920315589156
28,a,9.3,9.34,0.0399999999999991,0.0999999999999996,0,0.0783050779312376,1,0.22222222222220883,0.975467064968821
29,union,9.44,9.82,0.3800000000000008,0.08,0,0.05395520560026368,5,0.4222222222222071,0.6456470035646729
30,strike,9.9,10.28,0.379999999999999,0.1000000000000014,0,0.03722235086297403,6,0.3518518518518377,0.4189997710081633
31,just,10.38,10.66,0.2799999999999993,0.0999999999999996,0,0.04032184438949501,4,0.38888888888887324,0.46098254329311444
32,happened,10.76,11.4,0.6400000000000006,0.4199999999999999,0,0.029269900722027908,8,0.44444444444442804,0.3112834939719228
33,to,11.82,11.9,0.08,0.0600000000000005,0,0.02672541438857444,2,0.22222222222221383,0.27681831783733923
34,knock,11.96,12.24,0.2799999999999993,0.0600000000000005,0,0.03643303053410724,5,0.3111111111110986,0.40830839341916336
35,out,12.3,12.48,0.1799999999999997,0.0399999999999991,0,0.049588826958734886,3,0.33333333333332016,0.5865042182519588
36,as,12.52,12.6,0.08,0.0400000000000009,0,0.042740317969635774,2,0.22222222222221383,0.4937408712984602
37,opponents,12.64,13.14,0.5,0.08,0,0.03154131900155896,9,0.3086419753086303,0.34204995164556234
38,mailings,13.22,13.68,0.4599999999999991,0.0600000000000005,0,0.04659958058744331,8,0.31944444444443176,0.5460147483964065
39,during,13.74,13.98,0.2400000000000002,0.0199999999999995,0,0.045093576744119956,6,0.22222222222221402,0.5256158619739937
40,the,14.0,14.06,0.0600000000000005,0.0599999999999987,0,0.0445704038451318,3,0.11111111111110784,0.5185294626974863
41,final,14.12,14.46,0.3400000000000016,0.0599999999999987,0,0.028632644464035614,5,0.3777777777777652,0.3026518307219336
42,week,14.52,14.88,0.3600000000000012,0.5999999999999996,0,0.02911316979048564,4,0.4999999999999828,0.3091605668057115
43,then,15.48,15.74,0.2599999999999998,0.1600000000000001,0,0.045653402586996336,4,0.36111111111109717,0.533198726941965
44,obama,15.9,16.34,0.4399999999999995,0.0800000000000018,0,0.043918819580833046,5,0.4888888888888699,0.5097037259897162
45,plucked,16.42,16.8,0.379999999999999,0.0199999999999995,0,0.025535580764480956,7,0.3015873015872894,0.26070197054708893
46,him,16.82,16.96,0.1400000000000005,0.0199999999999995,0,0.05021374365408366,3,0.2592592592592504,0.594968741598565
47,out,16.98,17.16,0.1799999999999997,0.0,0,0.04939228499016794,3,0.33333333333332016,0.5838420488877777
48,of,17.16,17.24,0.0799999999999983,0.0400000000000027,0,0.042061137504318134,2,0.2222222222222091,0.48454134286846445
49,a,17.28,17.32,0.0399999999999991,0.0799999999999983,0,0.07586701062260842,1,0.22222222222220883,0.9424433390736897
50,useless,17.4,17.94,0.5400000000000027,0.0399999999999991,0,0.044456687613919986,7,0.4285714285714145,0.516989171485642
51,heap,17.98,18.18,0.1999999999999993,0.0199999999999995,0,0.03252155191503685,4,0.2777777777777663,0.35532724835246926
52,of,18.2,18.3,0.1000000000000014,0.0799999999999983,0,0.051028850667871314,2,0.2777777777777712,0.6060094009369068
53,senators,18.38,18.94,0.5600000000000023,0.0399999999999991,0,0.0424708658953025,8,0.3888888888888758,0.49009113143559335
54,to,18.98,19.04,0.0599999999999987,0.0600000000000022,0,0.0410403643065299,2,0.16666666666665678,0.47071492627793615
55,become,19.1,19.46,0.3599999999999994,0.0799999999999983,0,0.039066125356030726,6,0.33333333333332016,0.44397377531708204
56,v,19.54,19.66,0.120000000000001,0.1400000000000005,0,0.032257322281125995,1,0.666666666666647,0.35174824666832416
57,p,19.8,19.92,0.120000000000001,0.7999999999999972,0,0.020886012486049106,1,0.666666666666647,0.1977233694993751
58,the,20.72,20.78,0.0600000000000022,0.0399999999999991,0,0.030722527997744237,3,0.11111111111111098,0.3309593925048551
59,twenty,20.82,21.06,0.2399999999999984,0.0600000000000022,0,0.04417416261887785,6,0.22222222222221238,0.5131623583530543
60,twenty,21.12,21.42,0.3000000000000007,0.0999999999999978,0,0.041417158361825634,6,0.27777777777776796,0.4758186178605929
61,dam,21.52,21.8,0.2800000000000011,0.0799999999999983,0,0.0445775760197122,3,0.518518518518501,0.518626610108707
62,field,21.88,22.12,0.240000000000002,0.0199999999999995,0,0.04193894032357952,5,0.2666666666666588,0.4828861768328152
63,was,22.14,22.26,0.120000000000001,0.0199999999999995,0,0.053330298183726615,3,0.2222222222222157,0.6371826058999678
64,so,22.28,22.44,0.1600000000000001,0.1199999999999974,0,0.0486582844706079,2,0.44444444444442793,0.5738999804801325
65,weak,22.56,22.84,0.2800000000000011,0.0800000000000018,0,0.04590174678386049,4,0.38888888888887574,0.5365625597023901
66,all,22.92,23.1,0.1799999999999997,0.0599999999999987,0,0.06541067264217608,3,0.33333333333332016,0.8008117942387776
67,he,23.16,23.2,0.0399999999999991,0.0800000000000018,0,0.04497733948722718,2,0.11111111111110442,0.5240414233615555
68,had,23.28,23.42,0.1400000000000005,0.0199999999999995,0,0.04926770367512705,3,0.2592592592592504,0.5821545896511092
69,to,23.44,23.5,0.0599999999999987,0.0599999999999987,0,0.04285233109085648,2,0.16666666666665678,0.4952580938126863
70,do,23.56,23.76,0.2000000000000028,0.1799999999999997,0,0.04799650023583652,2,0.5555555555555424,0.5649360847363775
71,to,23.94,24.02,0.0799999999999983,0.0399999999999991,0,0.06574140276227679,2,0.2222222222222091,0.8052915478505064
72,win,24.06,24.2,0.1400000000000005,0.0399999999999991,0,0.05477398130010933,3,0.2592592592592504,0.6567373554124649
73,the,24.24,24.3,0.0600000000000022,0.0399999999999991,0,0.04929656867087113,3,0.11111111111111098,0.5825455672521143
74,nomination,24.34,25.14,0.8000000000000007,0.0599999999999987,0,0.04670275820085521,10,0.44444444444442804,0.5474122935797445
75,was,25.2,25.32,0.120000000000001,0.0799999999999983,0,0.05676426386526833,3,0.2222222222222157,0.6836958178195691
76,not,25.4,25.74,0.3399999999999998,0.4400000000000013,0,0.03656802890427004,3,0.6296296296296056,0.410136952112669
77,be,26.18,26.28,0.1000000000000014,0.0399999999999991,0,0.0305642956238485,2,0.2777777777777712,0.3288161282377965
78,a,26.32,26.36,0.0399999999999991,0.0600000000000022,0,0.04975252735371492,1,0.22222222222220883,0.5887215470983003
79,crazy,26.42,26.72,0.2999999999999971,0.0600000000000022,0,0.03381282838113544,5,0.33333333333331755,0.37281764327321065
80,socialist,26.78,27.5,0.7199999999999989,0.5,0,0.03362065702338878,9,0.444444444444427,0.3702146740193844
81,trump,28.0,28.34,0.3399999999999998,0.0399999999999991,0,0.030023437190631462,5,0.37777777777776334,0.32149017764430277
82,was,28.38,28.54,0.1600000000000001,0.0600000000000022,0,0.04800710872727997,3,0.2962962962962853,0.5650797772063718
83,positioned,28.6,29.08,0.4799999999999969,0.0400000000000027,0,0.03372755216452901,10,0.2666666666666549,0.3716625732746847
84,to,29.12,29.18,0.0599999999999987,0.0599999999999987,0,0.03084418310509968,2,0.16666666666665678,0.33260721613336186
85,smoke,29.24,29.68,0.4400000000000013,0.5399999999999991,0,0.0370732081155142,5,0.4888888888888719,0.4169796261196576
86,before,30.22,30.52,0.3000000000000007,0.0599999999999987,0,0.032943822467137895,6,0.27777777777776796,0.3610469210279588
87,covered,30.58,31.0,0.4200000000000017,0.0399999999999991,0,0.05053870593763919,7,0.3333333333333221,0.5993703696177798
88,hit,31.04,31.26,0.2200000000000024,0.5599999999999987,0,0.024776162277470173,3,0.40740740740739645,0.25041561468399337
89,the,31.82,31.88,0.0599999999999987,0.0400000000000027,0,0.029336504024352797,3,0.11111111111110451,0.31218563854844983
90,virus,31.92,32.3,0.3799999999999954,0.0600000000000022,0,0.04784783293799976,5,0.4222222222222012,0.5629223798333363
91,scrambled,32.36,32.82,0.4600000000000008,0.0399999999999991,0,0.03878668794779574,9,0.2839506172839404,0.44018878367975656
92,the,32.86,32.9,0.0399999999999991,0.0600000000000022,0,0.07106805226159474,3,0.0740740740740696,0.8774412429726719
93,race,32.96,33.34,0.3800000000000025,0.019999999999996,0,0.04469071864114341,4,0.5277777777777614,0.5201591317515576
94,and,33.36,33.46,0.1000000000000014,0.1000000000000014,0,0.036812856246014034,3,0.1851851851851808,0.41345314892018575
95,gave,33.56,33.82,0.259999999999998,0.1000000000000014,0,0.043880356849019655,4,0.36111111111109473,0.509182746643458
96,frail,33.92,34.3,0.3799999999999954,0.0800000000000054,0,0.04301343918529583,5,0.4222222222222012,0.49744030983741255
97,joe,34.38,34.76,0.3799999999999954,0.0800000000000054,0,0.049790208131121144,3,0.7037037037036685,0.5892319348386937
98,the,34.84,34.9,0.0599999999999951,0.0600000000000022,0,0.04390524520355017,3,0.11111111111109784,0.5095198604692689
99,perfect,34.96,35.38,0.4200000000000017,0.0599999999999951,0,0.029569610407872225,7,0.3333333333333221,0.3153430744758768
100,opportunity,35.44,36.12,0.6799999999999997,0.0399999999999991,0,0.0323542645411029,11,0.3434343434343303,0.3530613337228944
101,to,36.16,36.22,0.0600000000000022,0.0799999999999983,0,0.0524859208548871,2,0.1666666666666665,0.6257454788932744
102,hide,36.3,36.74,0.4400000000000048,0.1799999999999997,0,0.03154901375944554,4,0.6111111111110947,0.34215417746999977
103,before,36.92,37.2,0.2800000000000011,0.0399999999999991,0,0.027201136918681163,6,0.2592592592592505,0.28326199983938205
104,election,37.24,37.66,0.4199999999999946,0.0400000000000062,0,0.03628701178201935,8,0.2916666666666519,0.4063305631814859
105,day,37.7,37.94,0.2399999999999948,0.0399999999999991,0,0.05699621937262318,3,0.44444444444441805,0.68683766508016
106,and,37.98,38.08,0.1000000000000014,0.3200000000000003,0,0.029171427685657596,3,0.1851851851851808,0.3099496724856805
107,claim,38.4,38.92,0.5200000000000031,0.0599999999999951,0,0.03705256242683872,5,0.5777777777777594,0.416699979384179
108,he,38.98,39.04,0.0600000000000022,0.0399999999999991,0,0.04824352768993882,2,0.1666666666666665,0.5682820821598175
109,was,39.08,39.2,0.1200000000000045,0.0599999999999951,0,0.06031192655556146,3,0.22222222222222215,0.731749060581967
110,just,39.26,39.48,0.2199999999999988,0.1000000000000014,0,0.03114172582207599,4,0.30555555555554237,0.3366374449513853
111,following,39.58,40.08,0.5,0.0200000000000031,0,0.028500222273154054,9,0.3086419753086303,0.30085816648689484
112,the,40.1,40.16,0.0599999999999951,0.0800000000000054,0,0.026216168162143328,3,0.11111111111109784,0.2699205559358245
113,science,40.24,40.78,0.5399999999999991,0.4799999999999969,0,0.013743142912667575,7,0.42857142857141173,0.10097289585119193
114,then,41.26,41.44,0.1799999999999997,0.0200000000000031,0,0.03929576455690783,4,0.24999999999999012,0.4470842481074359
115,the,41.46,41.52,0.0600000000000022,0.0399999999999991,0,0.05239867010714876,3,0.11111111111111098,0.6245636637861779
116,liberal,41.56,41.8,0.2399999999999948,0.0400000000000062,0,0.056716535457227595,7,0.19047619047617917,0.6830493344928088
117,media,41.84,42.12,0.279999999999994,0.0399999999999991,0,0.05606002239181573,5,0.3111111111110927,0.6741568369633112
118,blacked,42.16,42.48,0.3200000000000003,0.0200000000000031,0,0.03422754638049067,7,0.25396825396824463,0.37843501629897214
119,out,42.5,42.68,0.1799999999999997,0.0399999999999991,0,0.05255398374265794,3,0.33333333333332016,0.6266673936170476
120,the,42.72,42.76,0.0399999999999991,0.0399999999999991,0,0.023206922743055556,3,0.0740740740740696,0.22916019812314012
121,republic,42.8,43.3,0.5,0.0400000000000062,0,0.03575696603511196,8,0.3472222222222091,0.3991510708861762
122,in,43.34,43.4,0.0599999999999951,0.0399999999999991,0,0.03641036560566067,2,0.16666666666664676,0.4080013959946856
123,october,43.44,43.88,0.4400000000000048,0.0599999999999951,0,0.03435502674525066,7,0.3492063492063398,0.38016174328798713
124,surprise,43.94,44.64,0.7000000000000028,0.0799999999999983,0,0.03314951509575184,8,0.48611111111109473,0.36383303647356363
125,hunter's,44.72,45.0,0.2800000000000011,0.0399999999999991,0,0.027754113555997176,8,0.19444444444443787,0.29075209202531227
126,laptop,45.04,45.58,0.5399999999999991,0.5799999999999983,0,0.03153795117523765,6,0.49999999999998035,0.3420043342941038
127,by,46.16,46.32,0.1600000000000037,0.0600000000000022,0,0.04303175305563306,2,0.4444444444444379,0.4976883719938408
128,in,46.38,46.44,0.0599999999999951,0.0600000000000022,0,0.0267440092356387,2,0.16666666666664676,0.2770701858355436
129,china,46.5,46.84,0.3400000000000034,0.0399999999999991,0,0.031978815289136486,5,0.37777777777776733,0.34797585755880844
130,connections,46.88,47.44,0.5599999999999952,0.0600000000000022,0,0.02961743314327219,11,0.2828282828282697,0.3159908354707493
131,totally,47.5,47.9,0.3999999999999986,0.0399999999999991,0,0.03558682984505651,7,0.31746031746030434,0.396846568920481
132,ignored,47.94,48.4,0.4600000000000008,0.5600000000000023,0,0.020631803888476814,7,0.3650793650793519,0.1942801031807216
133,a,48.96,49.04,0.0799999999999983,0.0600000000000022,1,0.011114695715525794,1,0.4444444444444182,0.06537046622957472
134,new,49.1,49.26,0.1599999999999966,0.0600000000000022,1,0.05459492222792437,3,0.2962962962962788,0.6543119926269734
135,book,49.32,49.66,0.3399999999999963,0.4200000000000017,1,0.040068316144817304,4,0.4722222222221993,0.4575484923834955
136,claims,50.08,50.42,0.3400000000000034,0.019999999999996,0,0.038792989119475915,6,0.31481481481480605,0.44027413331946824
137,the,50.44,50.5,0.0600000000000022,0.0600000000000022,0,0.05373115568384472,3,0.11111111111111098,0.6426122378711832
138,biden,50.56,50.88,0.3200000000000003,0.0599999999999951,0,0.0489833425232072,5,0.35555555555554247,0.5783029056951381
139,family,50.94,51.32,0.3800000000000025,0.0799999999999983,0,0.044487107865692876,6,0.3518518518518409,0.5174012150960269
140,own,51.4,51.66,0.259999999999998,0.1000000000000014,0,0.04606328192710377,3,0.48148148148145964,0.5387505601214172
141,slaves,51.76,52.62,0.8599999999999994,0.480000000000004,0,0.03560335915381475,6,0.7962962962962656,0.3970704591140519
142,geneologists,53.1,54.1,1.0,0.0599999999999951,0,0.04424271840897818,12,0.4629629629629455,0.5140909494599465
143,uncovered,54.16,54.68,0.5200000000000031,0.0200000000000031,0,0.03731606066091801,9,0.3209876543209775,0.4202690742263465
144,evidence,54.7,55.14,0.4399999999999977,0.0399999999999991,0,0.03903085948068858,8,0.3055555555555424,0.4434960975283561
145,that,55.18,55.3,0.1199999999999974,0.0800000000000054,0,0.04640968766792741,4,0.16666666666665678,0.5434426406857933
146,jose,55.38,55.68,0.2999999999999971,0.0399999999999991,0,0.049678933395189674,4,0.4166666666666469,0.587724713784768
147,ancestors,55.72,56.38,0.6600000000000037,0.0399999999999991,0,0.03945305181485078,9,0.40740740740739434,0.4492147107385211
148,on,56.42,56.52,0.1000000000000014,0.0399999999999991,0,0.04413922714267999,2,0.2777777777777712,0.5126891558348586
149,his,56.56,56.66,0.0999999999999943,0.0400000000000062,0,0.036275843752214425,3,0.18518518518516763,0.40617929174047146
150,dad's,56.7,57.04,0.3399999999999963,0.0,0,0.03713002738530308,5,0.3777777777777594,0.41774924555732784
151,side,57.04,57.34,0.3000000000000042,0.3999999999999986,0,0.047011441023892195,4,0.4166666666666568,0.5515934156104731
152,held,57.74,57.96,0.2199999999999988,0.0600000000000022,0,0.046739526739613936,4,0.30555555555554237,0.5479103250086698
153,black,58.02,58.34,0.3200000000000003,0.019999999999996,0,0.042191704384594006,5,0.35555555555554247,0.4863098768420557
154,slaves,58.36,58.82,0.4600000000000008,0.0600000000000022,0,0.047764065537616765,6,0.4259259259259106,0.5617877468150415
155,here,58.88,59.2,0.3200000000000003,0.0599999999999951,0,0.05085525382943705,4,0.44444444444442804,0.603658024341017
156,in,59.26,59.32,0.0600000000000022,0.0200000000000031,0,0.04409341386836853,2,0.1666666666666665,0.5120686130763116
157,the,59.34,59.4,0.0599999999999951,0.0600000000000022,0,0.04475154862292139,3,0.11111111111109784,0.5209830764545328
158,nineteenth,59.46,60.04,0.5799999999999983,0.0399999999999991,0,0.02523705994554341,10,0.3222222222222091,0.2566584932961977
159,century,60.08,60.62,0.5399999999999991,0.5800000000000054,0,0.029143991083484897,7,0.42857142857141173,0.3095780425366475
160,the,61.2,61.26,0.0599999999999951,0.0600000000000022,0,0.015180995765276597,3,0.11111111111109784,0.12044867419169665
161,media,61.32,61.64,0.3200000000000003,0.0399999999999991,0,0.051176140367849614,5,0.35555555555554247,0.6080044462180784
162,brush,61.68,61.98,0.2999999999999971,0.0600000000000022,0,0.04529991697742465,5,0.33333333333331755,0.5284107492528124
163,that,62.04,62.26,0.2199999999999988,0.0200000000000031,0,0.04781043517223414,4,0.30555555555554237,0.5624158254977103
164,aside,62.28,62.68,0.3999999999999986,0.0399999999999991,0,0.03562922056029443,5,0.44444444444442605,0.3974207529701013
165,before,62.72,63.0,0.2800000000000011,0.0399999999999991,0,0.02826347141000187,6,0.2592592592592505,0.297651365927082
166,the,63.04,63.1,0.0600000000000022,0.0399999999999991,0,0.041843670926486914,3,0.11111111111111098,0.48159574877750877
167,election,63.14,63.56,0.4200000000000017,0.0599999999999951,0,0.03313657848974783,8,0.29166666666665686,0.36365780959234606
168,also,63.62,64.0,0.3800000000000025,0.4200000000000017,0,0.04420822112596409,4,0.5277777777777614,0.5136236822871527
169,that,64.42,64.6,0.1799999999999926,0.0600000000000022,1,0.04153526961638243,4,0.2499999999999803,0.47741843985148236
170,one,64.66,64.88,0.2199999999999988,0.2800000000000011,1,0.054039264113552615,3,0.4074074074073898,0.6467855797197204
171,who,65.16,65.26,0.1000000000000085,0.059999999999988,0,0.020161420688066894,3,0.18518518518519392,0.18790874262761786
172,would,65.32,65.48,0.1600000000000108,0.0,0,0.06284606483788177,5,0.17777777777778306,0.76607407192169
173,have,65.48,65.52,0.039999999999992,0.0600000000000022,0,0.06385761702141794,4,0.05555555555554235,0.7797755894800802
174,really,65.58,65.82,0.2399999999999948,0.0600000000000022,0,0.05852952295420121,6,0.22222222222220903,0.7076063276239869
175,hurt,65.88,66.14,0.2600000000000051,0.7600000000000051,0,0.0258498046278808,4,0.3611111111111046,0.26495814620634917
176,but,66.9,67.0,0.0999999999999943,0.0400000000000062,0,0.03458025666321216,3,0.18518518518516763,0.38321249215280234
177,male,67.04,67.28,0.2399999999999948,0.0600000000000022,0,0.05707029024039086,4,0.33333333333331355,0.6878409581497634
178,ballots,67.34,67.8,0.4599999999999937,0.0400000000000062,0,0.05098422213229721,7,0.3650793650793463,0.6054049055151913
179,gave,67.84,68.04,0.2000000000000028,0.0799999999999983,0,0.053203193508848855,4,0.2777777777777712,0.6354609676464641
180,by,68.12,68.32,0.1999999999999886,0.0400000000000062,0,0.051362461081437785,2,0.555555555555503,0.6105281682467293
181,in,68.36,68.42,0.0600000000000022,0.019999999999996,0,0.02804312846557894,2,0.1666666666666665,0.2946668113277095
182,the,68.44,68.5,0.0600000000000022,0.0600000000000022,0,0.06347379446570295,3,0.11111111111111098,0.7745766965588559
183,win,68.56,68.82,0.2599999999999909,0.2600000000000051,0,0.0286439835411829,3,0.4814814814814464,0.30280541900651065
184,installed,69.08,69.64,0.5600000000000023,0.019999999999996,0,0.039607304757491725,9,0.3456790123456674,0.45130407343915796
185,in,69.66,69.74,0.0799999999999983,0.0400000000000062,0,0.039945554841402706,2,0.2222222222222091,0.45588568528209017
186,the,69.78,69.82,0.039999999999992,0.0800000000000125,0,0.05664877340096195,3,0.07407407407405646,0.6821314945446306
187,office,69.9,70.3,0.3999999999999915,0.0400000000000062,0,0.043577693325051375,6,0.37037037037034853,0.5050831562758717
188,by,70.34,70.48,0.1400000000000005,0.0799999999999983,0,0.04001981477579871,2,0.38888888888887563,0.45689153926725473
189,very,70.56,70.84,0.2800000000000011,0.0799999999999983,0,0.05212535061108707,4,0.38888888888887574,0.6208615395307111
190,powerful,70.92,71.5,0.5799999999999983,0.0799999999999983,0,0.036817699351539286,8,0.4027777777777614,0.4135187489915132
191,forces,71.58,72.12,0.5400000000000063,0.039999999999992,0,0.0371515157591779,6,0.4999999999999869,0.41804030649984675
192,with,72.16,72.28,0.1200000000000045,0.039999999999992,0,0.03568287429175229,4,0.16666666666666663,0.39814749505578706
193,the,72.32,72.38,0.0600000000000022,0.0600000000000022,0,0.04718609245455995,3,0.11111111111111098,0.5539590767032373
194,wind,72.44,72.7,0.2600000000000051,0.039999999999992,0,0.049399604311626495,4,0.3611111111111046,0.5839411894097518
195,that,72.74,72.84,0.1000000000000085,0.039999999999992,0,0.04667402686986253,4,0.13888888888889545,0.5470231264735098
196,is,72.88,72.98,0.1000000000000085,0.0600000000000022,0,0.035098619525935376,2,0.2777777777777909,0.3902337392825265
197,back,73.04,73.38,0.3399999999999892,0.5,0,0.02421588956220509,4,0.4722222222221894,0.24282669681041832
198,he,73.88,73.98,0.1000000000000085,0.0600000000000022,0,0.04210625819338152,2,0.2777777777777909,0.4851525045302262
199,had,74.04,74.18,0.1400000000000005,0.039999999999992,0,0.051588230855958456,3,0.2592592592592504,0.6135862294917112
200,warped,74.22,74.5,0.2800000000000011,0.0400000000000062,0,0.040844066188603416,6,0.2592592592592505,0.4680560598811019
201,speed,74.54,74.96,0.4199999999999875,0.0400000000000062,0,0.04319515708146478,5,0.46666666666663514,0.4999016865074018
202,vaccines,75.0,75.72,0.7199999999999989,0.019999999999996,0,0.02407093773743583,8,0.49999999999998035,0.24086331814887083
203,a,75.74,75.78,0.0400000000000062,0.039999999999992,0,0.06159788032237635,1,0.22222222222224827,0.7491673593134256
204,recovering,75.82,76.36,0.5400000000000063,0.0400000000000062,0,0.03506481003739266,10,0.29999999999999216,0.38977578831524295
205,economy,76.4,77.0,0.5999999999999943,0.2999999999999971,0,0.03266088438142184,7,0.4761904761904537,0.35721451256453796
206,a,77.3,77.38,0.0799999999999983,0.0600000000000022,0,0.011095129173088506,1,0.4444444444444182,0.0651054365760137
207,secure,77.44,77.82,0.3799999999999954,0.0400000000000062,0,0.033846507224394695,6,0.35185185185183426,0.3732738246445462
208,border,77.86,78.2,0.3400000000000034,0.1599999999999966,0,0.047789890288797814,6,0.31481481481480605,0.5621375441735043
209,no,78.36,78.52,0.1599999999999966,0.0799999999999983,0,0.05541608555246643,2,0.4444444444444182,0.6654346849533223
210,inflation,78.6,79.24,0.6400000000000006,0.0600000000000022,0,0.036138893525346334,9,0.3950617283950472,0.4043242950644729
211,low,79.3,79.54,0.2400000000000091,0.039999999999992,0,0.05502005337046928,3,0.4444444444444445,0.6600704121222829
212,gas,79.58,79.92,0.3400000000000034,0.0799999999999983,0,0.040876979046827064,3,0.6296296296296121,0.4685018659523929
213,prices,80.0,80.6,0.5999999999999943,0.4600000000000079,0,0.039946155735514695,6,0.5555555555555293,0.4558938244185185
214,and,81.06,81.18,0.1200000000000045,0.059999999999988,0,0.02518341456591317,3,0.22222222222222215,0.2559318643363741
215,trump,81.24,81.56,0.3200000000000074,0.039999999999992,0,0.03891201841047291,5,0.3555555555555503,0.4418863901531759
216,was,81.6,81.74,0.1400000000000005,0.0600000000000022,0,0.048163603994890364,3,0.2592592592592504,0.5671995122945539
217,off,81.8,82.02,0.2199999999999988,0.0600000000000022,0,0.041419355384199136,3,0.4074074074073898,0.47584837662253976
218,twitter,82.08,82.48,0.4000000000000057,0.539999999999992,0,0.02558228715477076,7,0.31746031746031,0.26133461059973323
219,plus,83.02,83.36,0.3400000000000034,0.0600000000000022,0,0.04259847452978587,4,0.4722222222222091,0.49181959584349366
220,house,83.42,83.68,0.2600000000000051,0.0,0,0.039325351472219494,5,0.2888888888888837,0.44748500413983777
221,and,83.68,83.76,0.0799999999999983,0.059999999999988,0,0.03445237347868835,3,0.1481481481481394,0.38148030895287033
222,senate,83.82,84.16,0.3400000000000034,0.0400000000000062,0,0.04836687889674099,6,0.31481481481480605,0.5699528795278191
223,majorities,84.2,84.88,0.6799999999999926,0.0400000000000062,0,0.05100884653177677,10,0.3777777777777594,0.605738444058556
224,in,84.92,84.98,0.0600000000000022,0.0600000000000022,0,0.04037859650696216,2,0.1666666666666665,0.46175125314971693
225,a,85.04,85.08,0.039999999999992,0.0799999999999983,0,0.042709229484437006,1,0.2222222222221694,0.4933197764377625
226,sedated,85.16,85.76,0.6000000000000085,0.059999999999988,0,0.038911547556305506,7,0.476190476190465,0.4418800124133547
227,media,85.82,86.26,0.4400000000000119,0.4200000000000017,0,0.028939381797788953,5,0.48888888888888365,0.3068066010171676
228,the,86.68,86.78,0.0999999999999943,0.0999999999999943,1,0.04227436783632724,3,0.18518518518516763,0.4874295568287081
229,coast,86.88,87.44,0.5600000000000023,0.1800000000000068,1,0.028340242346938774,5,0.6222222222222012,0.2986912315489799
230,was,87.62,87.8,0.1799999999999926,0.0600000000000022,1,0.03777541787475986,3,0.33333333333330706,0.4264910873201498
231,clear,87.86,88.32,0.4599999999999937,0.7800000000000011,1,0.027078861152703835,5,0.5111111111110848,0.28160576936331577
232,but,89.1,89.18,0.0800000000000125,0.059999999999988,0,0.029392588435927756,3,0.1481481481481657,0.3129453043002057
233,jose,89.24,89.62,0.3800000000000096,0.019999999999996,0,0.051403939346949035,4,0.5277777777777712,0.6110899931258049
234,lock,89.64,89.94,0.2999999999999971,0.1400000000000005,0,0.050196576568995656,4,0.4166666666666469,0.5947362126973497
235,ran,90.08,90.32,0.2399999999999948,0.0600000000000022,0,0.04404661390516493,3,0.44444444444441805,0.5114347055745507
236,out,90.38,90.64,0.2600000000000051,0.519999999999996,0,0.023694647724624707,3,0.4814814814814728,0.23576645384321027
237,never,91.16,91.42,0.2600000000000051,0.0600000000000022,0,0.05360844570700876,5,0.2888888888888837,0.6409501259904791
238,being,91.48,91.68,0.2000000000000028,0.019999999999996,0,0.05178965181450184,5,0.22222222222221694,0.6163144849836447
239,an,91.7,91.76,0.0600000000000022,0.059999999999988,0,0.03713794342064083,2,0.1666666666666665,0.4178564685942985
240,executive,91.82,92.42,0.6000000000000085,0.039999999999992,0,0.0419747212035856,9,0.37037037037036163,0.4833708303817247
241,his,92.46,92.54,0.0800000000000125,0.039999999999992,0,0.03674707391094459,3,0.1481481481481657,0.4125621243802208
242,entire,92.58,92.98,0.4000000000000057,0.039999999999992,0,0.04697916286061951,6,0.37037037037036163,0.5511562065094189
243,left,93.02,93.22,0.2000000000000028,0.0400000000000062,0,0.044210023079869966,4,0.2777777777777712,0.5136480898298209
244,joe,93.26,93.46,0.1999999999999886,0.0400000000000062,0,0.048134652827602396,3,0.37037037037033527,0.566807367496304
245,froze,93.5,94.04,0.5400000000000063,0.3799999999999954,0,0.02970219467392474,5,0.5999999999999843,0.317138934026033
246,he,94.42,94.48,0.0600000000000022,0.0600000000000022,0,0.02040281173233182,2,0.1666666666666665,0.19117839463891795
247,couldn't,94.54,94.76,0.2199999999999988,0.039999999999992,0,0.0426751150344726,8,0.15277777777777118,0.4928576947549884
248,handle,94.8,95.06,0.2600000000000051,0.019999999999996,0,0.04337382254208775,6,0.2407407407407364,0.5023217178074637
249,the,95.08,95.14,0.0600000000000022,0.0600000000000022,0,0.0456351859048741,3,0.11111111111111098,0.5329519812040626
250,pressure,95.2,95.64,0.4399999999999977,0.5,0,0.018300920092083946,8,0.3055555555555424,0.16270818253971178
251,everything,96.14,96.76,0.6200000000000045,0.039999999999992,0,0.03921260782118627,10,0.344444444444434,0.4459578865680793
252,around,96.8,97.16,0.3599999999999994,0.0600000000000022,0,0.04556923940999288,6,0.33333333333332016,0.532058733112431
253,to,97.22,97.28,0.0600000000000022,0.0799999999999983,0,0.06131002205569728,2,0.1666666666666665,0.7452683067885787
254,begin,97.36,97.76,0.4000000000000057,0.059999999999988,0,0.04258614883941858,5,0.444444444444434,0.4916526438406851
255,cracking,97.82,98.42,0.6000000000000085,0.019999999999996,0,0.029146343528188186,8,0.41666666666665686,0.30960990650069387
256,and,98.44,98.56,0.1200000000000045,0.2599999999999909,0,0.0347990582409179,3,0.22222222222222215,0.3861761688741145
257,he's,98.82,98.98,0.1600000000000108,0.019999999999996,0,0.031071868342877517,4,0.22222222222222884,0.3356912224100264
258,officially,99.0,99.48,0.480000000000004,0.0799999999999983,0,0.04126970027309426,10,0.2666666666666588,0.4738212917465641
259,lost,99.56,99.86,0.2999999999999971,0.0600000000000022,0,0.04814896241157053,4,0.4166666666666469,0.567001191422725
260,control,99.92,100.28,0.3599999999999994,0.039999999999992,0,0.0340931998839394,7,0.28571428571427443,0.37661528726139487
261,of,100.32,100.38,0.0600000000000022,0.0400000000000062,0,0.02918096356381094,2,0.1666666666666665,0.3100788363628183
262,the,100.42,100.48,0.0600000000000022,0.0600000000000022,0,0.03495153079678052,3,0.11111111111111098,0.3882414161597476
263,country,100.54,100.98,0.4399999999999977,0.3399999999999892,0,0.015773572668147516,7,0.3492063492063342,0.1284751536670307
264,and,101.32,101.46,0.1400000000000005,0.0400000000000062,0,0.03407493223061174,3,0.2592592592592504,0.3763678511163365
265,even,101.5,101.72,0.2199999999999988,0.0400000000000062,0,0.04593808330031823,4,0.30555555555554237,0.5370547393707845
266,his,101.76,101.88,0.1199999999999903,0.0400000000000062,0,0.044024933853207084,3,0.22222222222219587,0.5111410483442052
267,own,101.92,102.04,0.1200000000000045,0.039999999999992,0,0.046633615875820815,3,0.22222222222222215,0.5464757578321028
268,agenda,102.08,102.54,0.4600000000000079,0.5599999999999881,0,0.0363292902822644,6,0.42592592592591716,0.40690322727423184
269,is,103.1,103.24,0.1400000000000005,0.0400000000000062,0,0.03444852294526442,2,0.38888888888887563,0.38142815331307656
270,market,103.28,103.76,0.480000000000004,0.039999999999992,0,0.0417098681852841,6,0.4444444444444314,0.4797833849293657
271,two,103.8,103.96,0.1599999999999966,0.0600000000000022,0,0.038663816560152706,3,0.2962962962962788,0.43852448548277223
272,trillion,104.02,104.44,0.4200000000000017,0.0400000000000062,0,0.048105883889238976,8,0.29166666666665686,0.5664176909966254
273,dollar,104.48,104.8,0.3199999999999932,0.0600000000000022,0,0.053981458789366984,6,0.2962962962962788,0.6460026041331035
274,build,104.86,105.1,0.2399999999999948,0.0200000000000102,0,0.04602241660281734,5,0.26666666666665084,0.538197037557428
275,back,105.12,105.34,0.2199999999999988,0.0600000000000022,0,0.03819100956552129,4,0.30555555555554237,0.43212029453334855
276,better,105.4,105.64,0.2399999999999948,0.0400000000000062,0,0.049500045142025995,6,0.22222222222220903,0.5853016647502203
277,welfare,105.68,106.14,0.4599999999999937,0.0400000000000062,0,0.046396102988013596,7,0.3650793650793463,0.5432586356157696
278,plans,106.18,106.48,0.2999999999999971,0.1199999999999903,0,0.03328817054708168,5,0.33333333333331755,0.36571113048777554
279,dead,106.6,106.88,0.2800000000000011,0.0600000000000022,0,0.042775647478811095,4,0.38888888888887574,0.4942194110101761
280,this,106.94,107.14,0.2000000000000028,0.0400000000000062,0,0.031235903785342262,4,0.2777777777777712,0.33791308948886767
281,year,107.18,107.44,0.2599999999999909,0.3200000000000074,0,0.017296043674130308,4,0.36111111111108485,0.14909708851145026
282,mansion,107.76,108.16,0.3999999999999915,0.0600000000000022,0,0.027762866723023846,7,0.31746031746029874,0.2908706540467872
283,killed,108.22,108.54,0.3200000000000074,0.019999999999996,0,0.04049937362843901,6,0.29629629629629195,0.4633871844219741
284,it,108.56,108.7,0.1400000000000005,0.4200000000000017,0,0.013848253156824485,2,0.38888888888887563,0.10239661860056909
285,and,109.12,109.26,0.1400000000000005,0.0,0,0.021888359719817986,3,0.2592592592592504,0.2113002056197601
286,it,109.26,109.32,0.059999999999988,0.0400000000000062,0,0.043708449498506,2,0.16666666666662705,0.5068542542336593
287,probably,109.36,109.86,0.5,0.0600000000000022,0,0.04752205708129606,8,0.3472222222222091,0.5585097319310586
288,won't,109.92,110.18,0.2600000000000051,0.059999999999988,0,0.05582237010764843,5,0.2888888888888837,0.670937826617323
289,be,110.24,110.32,0.0799999999999983,0.0800000000000125,0,0.04863389549341872,2,0.2222222222222091,0.5735696307417526
290,coming,110.4,110.72,0.3199999999999932,0.0600000000000022,0,0.03501495914934984,6,0.2962962962962788,0.38910055590614245
291,back,110.78,111.1,0.3199999999999932,0.6000000000000085,0,0.02527786220282384,4,0.4444444444444182,0.25721116161489527
292,inflations,111.7,112.34,0.6400000000000006,0.1199999999999903,0,0.03660370270951805,10,0.35555555555554247,0.41062015532940416
293,ravaging,112.46,113.18,0.7200000000000131,0.039999999999992,0,0.04171581080891558,8,0.49999999999999023,0.4798638780204339
294,the,113.22,113.28,0.0600000000000022,0.0600000000000022,0,0.039516365356906655,3,0.11111111111111098,0.45007229537160437
295,nation,113.34,113.76,0.4200000000000017,0.059999999999988,0,0.02573390903437888,6,0.3888888888888758,0.26338833543914236
296,costing,113.82,114.3,0.480000000000004,0.0600000000000022,0,0.0334830136345988,7,0.3809523809523698,0.368350288435529
297,the,114.36,114.42,0.0600000000000022,0.0999999999999943,0,0.038632993344907406,3,0.11111111111111098,0.4381069837149315
298,average,114.52,114.9,0.3800000000000096,0.039999999999992,0,0.03174010232519543,7,0.30158730158729785,0.3447424802599528
299,family,114.94,115.3,0.3599999999999994,0.0600000000000022,0,0.033926862167393,6,0.33333333333332016,0.37436223578172145
300,an,115.36,115.42,0.0600000000000022,0.039999999999992,0,0.029301419189637662,2,0.1666666666666665,0.3117104129627542
301,extra,115.46,115.86,0.4000000000000057,0.1200000000000045,0,0.02796684144035218,5,0.444444444444434,0.2936335003106072
302,thirty,115.98,116.28,0.2999999999999971,0.0999999999999943,0,0.04416614396952357,6,0.27777777777776463,0.5130537454048443
303,five,116.38,116.64,0.2600000000000051,0.0799999999999983,0,0.03898616346954447,4,0.3611111111111046,0.4428906881471612
304,hundred,116.72,117.06,0.3400000000000034,0.0799999999999983,0,0.035677287679394674,7,0.26984126984126233,0.39807182415263875
305,dollars,117.14,117.6,0.4599999999999937,0.0600000000000022,0,0.04245033628969024,7,0.3650793650793463,0.4898130570501673
306,this,117.66,117.86,0.2000000000000028,0.019999999999996,0,0.02530017601930095,4,0.2777777777777712,0.2575134032127405
307,year,117.88,118.18,0.3000000000000113,0.7199999999999989,0,0.014631358728387188,4,0.41666666666666663,0.11300381703627482
308,only,118.9,119.22,0.3199999999999932,0.2199999999999988,1,0.04952815438614411,4,0.4444444444444182,0.5856824056631518
309,seventeen,119.44,120.3,0.8599999999999994,0.0600000000000022,0,0.04579726182313708,9,0.5308641975308438,0.5351473064438435
310,percent,120.36,120.76,0.4000000000000057,0.019999999999996,0,0.035824380818408094,7,0.31746031746031,0.4000642070071403
311,of,120.78,120.84,0.0600000000000022,0.0600000000000022,0,0.036521213845781365,2,0.1666666666666665,0.4095028401446266
312,americans,120.9,121.5,0.5999999999999943,0.0400000000000062,0,0.03494036177839191,9,0.3703703703703529,0.388090131328325
313,say,121.54,121.68,0.1400000000000005,0.0799999999999983,0,0.03817130664347212,3,0.2592592592592504,0.43185341761211593
314,they're,121.76,121.92,0.1599999999999966,0.0799999999999983,0,0.04750561011351155,7,0.12698412698411948,0.5582869570494958
315,better,122.0,122.28,0.2800000000000011,0.039999999999992,0,0.047934956947576275,6,0.2592592592592505,0.5641024782666143
316,off,122.32,122.5,0.1800000000000068,0.0999999999999943,0,0.037451969222657235,3,0.33333333333333337,0.42210996150365515
317,now,122.6,123.0,0.4000000000000057,0.4399999999999977,0,0.04263582813496492,3,0.7407407407407233,0.49232555202208717
318,compared,123.44,123.96,0.519999999999996,0.0200000000000102,0,0.03460329655637796,8,0.36111111111109473,0.3835245684904275
319,to,123.98,124.06,0.0799999999999983,0.0799999999999983,0,0.04820437442148083,2,0.2222222222222091,0.5677517494651955
320,last,124.14,124.52,0.3799999999999954,0.0200000000000102,0,0.028461085254757056,4,0.5277777777777515,0.30032805390004347
321,year,124.54,124.9,0.3599999999999994,0.3999999999999915,0,0.03768932431913738,4,0.49999999999998024,0.4253249464297194
322,this,125.3,125.46,0.1599999999999966,0.0,0,0.0319309104867533,4,0.2222222222222091,0.34732698496314074
323,is,125.46,125.56,0.1000000000000085,0.019999999999996,0,0.043229318908553006,2,0.2777777777777909,0.5003644099153428
324,according,125.58,125.92,0.3400000000000034,0.019999999999996,0,0.034355036366760246,9,0.20987654320987076,0.3801618736117457
325,to,125.94,126.02,0.0799999999999983,0.0600000000000022,0,0.04713502222177934,2,0.2222222222222091,0.5532673282175502
326,a,126.08,126.14,0.0600000000000022,0.0400000000000062,0,0.04956911624784462,1,0.333333333333333,0.5862372358305407
327,fox,126.18,126.52,0.3399999999999892,0.0400000000000062,0,0.023685735687504168,3,0.6296296296295859,0.23564573991952395
328,business,126.56,127.0,0.4399999999999977,0.0400000000000062,0,0.030116903587754942,8,0.3055555555555424,0.3227561839879696
329,poll,127.04,127.32,0.2799999999999869,0.3000000000000113,0,0.02379892124958242,4,0.38888888888885603,0.23717884319527405
330,eighty,127.62,127.9,0.2800000000000011,0.059999999999988,0,0.041150697659318565,6,0.2592592592592505,0.4722093962569591
331,one,127.96,128.14,0.1799999999999926,0.0600000000000022,0,0.05559284328423209,3,0.33333333333330706,0.667828875984478
332,percent,128.2,128.62,0.4200000000000159,0.0600000000000022,0,0.038823523077075574,7,0.33333333333333337,0.44068771708013627
333,say,128.68,128.92,0.2399999999999806,0.4200000000000159,0,0.05595109900649713,3,0.44444444444439174,0.6726814650539304
334,not,129.34,129.56,0.2199999999999988,0.079999999999984,0,0.04087817007869673,3,0.4074074074073898,0.4685179985299706
335,so,129.64,129.76,0.1200000000000045,0.0800000000000125,0,0.03529302549470309,2,0.33333333333333326,0.39286697643813734
336,much,129.84,130.16,0.3199999999999932,0.539999999999992,0,0.019757863345329994,4,0.4444444444444182,0.1824425411727433
337,inflation,130.7,131.28,0.5800000000000125,0.0,0,0.04242733800203361,9,0.3580246913580189,0.48950154426094206
338,is,131.28,131.32,0.039999999999992,0.0200000000000102,0,0.02556964761816185,2,0.1111111111110847,0.26116340753616857
339,a,131.34,131.38,0.039999999999992,0.0600000000000022,0,0.05790653358511373,1,0.2222222222221694,0.6991679099939613
340,top,131.44,131.7,0.2599999999999909,0.0600000000000022,0,0.03848603024192449,3,0.4814814814814464,0.43611636220402067
341,issue,131.76,132.08,0.3200000000000216,0.0599999999999738,0,0.0489410716119537,5,0.3555555555555661,0.577730344395607
342,in,132.14,132.2,0.0600000000000022,0.0400000000000204,0,0.03658633185261952,2,0.1666666666666665,0.4103848663303063
343,the,132.24,132.3,0.0600000000000022,0.0600000000000022,0,0.05203392392113095,3,0.11111111111111098,0.6196231611078005
344,country,132.36,132.76,0.3999999999999772,0.0400000000000204,0,0.03786213673701903,7,0.3174603174602874,0.42766569801569887
345,but,132.8,132.96,0.1599999999999966,0.2999999999999829,0,0.04862284065644487,3,0.2962962962962788,0.5734198925024728
346,all,133.26,133.4,0.1400000000000147,0.0600000000000022,0,0.04072517417262664,3,0.2592592592592767,0.46644566244341
347,democrats,133.46,134.04,0.5799999999999841,0.0600000000000022,0,0.035813401625130116,9,0.35802469135800136,0.399915493364954
348,carry,134.1,134.34,0.2400000000000091,0.0600000000000022,0,0.047270344498476474,5,0.2666666666666667,0.5551002742389067
349,on,134.4,134.52,0.1200000000000045,0.039999999999992,0,0.06034744389563551,2,0.33333333333333326,0.7322301444712338
350,about,134.56,134.84,0.2800000000000011,0.039999999999992,0,0.048628831473530636,5,0.31111111111110057,0.573501038375939
351,as,134.88,134.96,0.0800000000000125,0.079999999999984,0,0.05448815828007635,2,0.22222222222224858,0.6528658703904231
352,january,135.04,135.62,0.5800000000000125,0.0999999999999943,0,0.04510632272676043,7,0.46031746031745285,0.5257885068536051
353,sixth,135.72,136.22,0.5,0.7400000000000091,0,0.01787385348019416,5,0.5555555555555346,0.15692354702940656
354,the,136.96,137.02,0.0600000000000022,0.039999999999992,0,0.03005289436738237,3,0.11111111111111098,0.32188917636235437
355,borders,137.06,137.44,0.3799999999999954,0.0600000000000022,0,0.05920020081943139,7,0.3015873015872865,0.7166906879724082
356,wide,137.5,137.76,0.2599999999999909,0.0400000000000204,0,0.059267247344901505,4,0.36111111111108485,0.7175988360253801
357,open,137.8,138.14,0.339999999999975,0.0800000000000125,0,0.045378161030037015,4,0.47222222222216964,0.5294705682894935
358,meanwhile,138.22,138.64,0.4199999999999875,0.0400000000000204,0,0.05680058772485929,9,0.25925925925924176,0.684187826050162
359,illegals,138.68,139.16,0.4799999999999897,0.039999999999992,0,0.05505128746580555,8,0.3333333333333136,0.6604934792785163
360,bring,139.2,139.42,0.2199999999999988,0.0,0,0.04539224266440715,5,0.2444444444444339,0.5296613046288672
361,in,139.42,139.5,0.0800000000000125,0.039999999999992,0,0.04362714425776821,2,0.22222222222224858,0.5057529712729882
362,in,139.54,139.62,0.0800000000000125,0.0600000000000022,0,0.046472069357528165,2,0.22222222222224858,0.5442876033375458
363,drugs,139.68,140.14,0.4599999999999795,0.0600000000000022,0,0.04809138108014379,5,0.511111111111069,0.5662212498276004
364,crime,140.2,140.6,0.4000000000000057,0.0200000000000102,0,0.035648171215100624,5,0.444444444444434,0.3976774403993769
365,and,140.62,140.7,0.079999999999984,0.0400000000000204,0,0.033152582423757265,3,0.14814814814811292,0.36387458356249064
366,covered,140.74,141.18,0.4399999999999977,0.5199999999999818,0,0.03720851466474374,7,0.3492063492063342,0.4188123591117934
367,another,141.7,142.04,0.3400000000000034,0.0800000000000125,0,0.04715167316926771,7,0.26984126984126233,0.5534928660129196
368,massive,142.12,142.72,0.5999999999999943,0.039999999999992,0,0.03514848451044914,7,0.4761904761904537,0.3909091626289285
369,caravan,142.76,143.38,0.6200000000000045,0.039999999999992,0,0.045462376109928176,7,0.4920634920634771,0.5306112651458597
370,heading,143.42,143.66,0.2400000000000091,0.0200000000000102,0,0.04922423359127722,7,0.1904761904761905,0.5815657855075099
371,to,143.68,143.76,0.079999999999984,0.0600000000000022,0,0.060121402178221546,2,0.2222222222221694,0.7291683997481397
372,america,143.82,144.3,0.4800000000000182,0.079999999999984,0,0.04222273015651573,7,0.380952380952381,0.4867301222487356
373,right,144.38,144.6,0.2199999999999988,0.039999999999992,0,0.03368443898185458,5,0.2444444444444339,0.37107860337275955
374,now,144.64,144.94,0.3000000000000113,0.5600000000000023,0,0.021690233710671768,3,0.5555555555555555,0.20861658035823288
375,c,145.5,145.64,0.1399999999999863,0.1000000000000227,0,0.03952632368981819,1,0.7777777777776723,0.450207181416497
376,b,145.74,145.82,0.079999999999984,0.1200000000000045,0,0.04874803365763623,1,0.4444444444443388,0.5751156370541919
377,p,145.94,146.06,0.1200000000000045,0.1800000000000068,0,0.04480526002176044,1,0.6666666666666665,0.5217105996473613
378,just,146.24,146.42,0.1799999999999784,0.0400000000000204,0,0.04946048243516157,4,0.24999999999996056,0.5847657861948842
379,sees,146.46,146.74,0.2800000000000011,0.0600000000000022,0,0.04650078894908968,4,0.38888888888887574,0.5446766114326836
380,over,146.8,147.0,0.1999999999999886,0.0800000000000125,0,0.04684245483675241,4,0.2777777777777515,0.5493044904834202
381,three,147.08,147.26,0.1799999999999784,0.0800000000000125,0,0.04163734857007039,5,0.19999999999996845,0.47880110364190426
382,million,147.34,147.7,0.3599999999999852,0.0400000000000204,0,0.05709333893152892,7,0.2857142857142632,0.6881531536562987
383,a,147.74,147.78,0.039999999999992,0.0600000000000022,0,0.04211308139792375,1,0.2222222222221694,0.4852449251273654
384,meth,147.84,148.26,0.4199999999999875,0.0400000000000204,0,0.030827991752101387,4,0.583333333333294,0.3323879035650031
385,at,148.3,148.42,0.1199999999999761,0.0400000000000204,0,0.03295915161040545,2,0.3333333333332544,0.361254554928665
386,the,148.46,148.52,0.0600000000000022,0.039999999999992,0,0.0379511457632098,3,0.11111111111111098,0.4288713290795801
387,border,148.56,148.9,0.3400000000000034,0.5,0,0.0450373712310445,6,0.31481481481480605,0.5248545558972378
388,just,149.4,149.62,0.2199999999999988,0.0199999999999818,0,0.024135494448430415,4,0.30555555555554237,0.24173774155836028
389,in,149.64,149.7,0.0600000000000022,0.0600000000000022,0,0.061254050095515634,2,0.1666666666666665,0.7445101641957513
390,two,149.76,149.9,0.1400000000000147,0.039999999999992,0,0.039020213333194144,3,0.2592592592592767,0.44335189500554184
391,days,149.94,150.2,0.2599999999999909,0.0200000000000102,0,0.052370453013937945,4,0.36111111111108485,0.6241814620526763
392,alone,150.22,150.62,0.4000000000000057,0.9399999999999976,0,0.03637621613586841,5,0.444444444444434,0.40753883996684664
393,you,151.56,151.64,0.079999999999984,0.0400000000000204,0,0.03486859933589321,3,0.14814814814811292,0.38711810597764884
394,have,151.68,151.76,0.079999999999984,0.0400000000000204,0,0.03935327335279815,4,0.1111111111110847,0.4478632072056197
395,seen,151.8,152.06,0.2599999999999909,0.1200000000000045,0,0.04666634876857394,4,0.36111111111108485,0.546919126263404
396,like,152.18,152.3,0.1200000000000045,0.039999999999992,0,0.0415067492518926,4,0.16666666666666663,0.4770321302955452
397,this,152.34,152.5,0.1599999999999966,0.1200000000000045,0,0.045173078437511074,4,0.2222222222222091,0.5266927158087729
398,every,152.62,152.94,0.3199999999999932,0.0600000000000022,0,0.03694241928135186,5,0.3555555555555346,0.4152080857711882
399,single,153.0,153.34,0.3400000000000034,0.039999999999992,0,0.04014561350256248,6,0.31481481481480605,0.45859548839774
400,day,153.38,153.66,0.2800000000000011,0.4000000000000057,0,0.030206129780316143,3,0.518518518518501,0.3239647565796197
401,cartels,154.06,154.58,0.5200000000000102,0.0599999999999738,0,0.037844141719438174,7,0.41269841269840524,0.4274219547334831
402,get,154.64,154.78,0.1400000000000147,0.0600000000000022,0,0.04664388396495131,3,0.2592592592592767,0.5466148395382198
403,rich,154.84,155.18,0.3400000000000034,0.039999999999992,0,0.035165327524238864,4,0.4722222222222091,0.39113730197055824
404,while,155.22,155.42,0.1999999999999886,0.0400000000000204,0,0.056601246252081565,5,0.22222222222220114,0.6814877372817987
405,american,155.46,155.9,0.4399999999999977,0.0600000000000022,0,0.03960818650672864,8,0.3055555555555424,0.4513160167702568
406,wages,155.96,156.34,0.3799999999999954,0.039999999999992,0,0.05208327141677669,5,0.4222222222222012,0.6202915750453682
407,get,156.38,156.52,0.1400000000000147,0.0600000000000022,0,0.04938894357733793,3,0.2592592592592767,0.5837967893081876
408,wiped,156.58,157.0,0.4199999999999875,0.0200000000000102,0,0.029382974047754022,5,0.46666666666663514,0.3128150770014863
409,out,157.02,157.3,0.2800000000000011,0.3799999999999954,0,0.04370396956680738,3,0.518518518518501,0.5067935733673352
410,because,157.68,157.94,0.2599999999999909,0.0800000000000125,0,0.04520564110059088,7,0.20634920634919135,0.5271337784718736
411,by,158.02,158.22,0.1999999999999886,0.0600000000000022,0,0.05301171819639314,2,0.555555555555503,0.6328674263558516
412,this,158.28,158.4,0.1200000000000045,0.0600000000000022,0,0.03457627761391015,4,0.16666666666666663,0.3831585957599473
413,destroyed,158.46,158.92,0.4599999999999795,0.0200000000000102,0,0.036512422829610786,9,0.28395061728392723,0.40938376545487976
414,the,158.94,159.0,0.0600000000000022,0.0800000000000125,0,0.04105480421877952,3,0.11111111111111098,0.4709105155064999
415,dollar,159.08,159.46,0.3799999999999954,0.6399999999999864,0,0.03183403338377566,6,0.35185185185183426,0.34601478046291034
416,don't,160.1,160.32,0.2199999999999988,0.0200000000000102,0,0.04113350551513219,5,0.2444444444444339,0.4719765279291853
417,ask,160.34,160.56,0.2199999999999988,0.039999999999992,0,0.0350277188438112,3,0.4074074074073898,0.38927338651295385
418,comment,160.6,160.94,0.3400000000000034,0.0800000000000125,0,0.05893735464563429,7,0.26984126984126233,0.7131304253146312
419,about,161.02,161.34,0.3199999999999932,0.0200000000000102,0,0.053537431487691106,5,0.3555555555555346,0.6399882353547683
420,it,161.36,161.46,0.0999999999999943,0.0199999999999818,0,0.020252565137383077,2,0.2777777777777515,0.1891432980889979
421,though,161.48,161.68,0.200000000000017,0.3599999999999852,0,0.059085864977501415,6,0.18518518518519392,0.7151420041069051
422,she's,162.04,162.24,0.200000000000017,0.079999999999984,1,0.039252068828833614,5,0.22222222222223273,0.4464923876031735
423,really,162.32,162.7,0.3799999999999954,0.1000000000000227,1,0.062038330121830805,6,0.35185185185183426,0.7551332706712739
424,busy,162.8,163.2,0.3999999999999772,0.6800000000000068,1,0.04683279958712001,4,0.555555555555503,0.5491737097144967
425,redesigning,163.88,164.54,0.6599999999999966,0.0200000000000102,0,0.04234202090124244,11,0.33333333333331905,0.4883459204843864
426,her,164.56,164.64,0.079999999999984,0.0600000000000022,0,0.04373501974438864,3,0.14814814814811292,0.5072141493497165
427,office,164.7,165.18,0.4800000000000182,0.9000000000000057,0,0.01477601360571898,6,0.4444444444444445,0.11496317353209069
428,looks,166.08,166.26,0.1799999999999784,0.0400000000000204,0,0.023104455495667597,5,0.19999999999996845,0.22777227487795654
429,beautiful,166.3,166.8,0.5,0.7399999999999807,0,0.0332615734281994,9,0.3086419753086303,0.3653508713757897
430,how,167.54,167.68,0.1400000000000147,0.039999999999992,0,0.039573439587888726,3,0.2592592592592767,0.4508453682695331
431,can,167.72,167.84,0.1200000000000045,0.039999999999992,0,0.034400397868023076,3,0.22222222222222215,0.3807762970850409
432,we,167.88,167.94,0.0600000000000022,0.039999999999992,0,0.05296073100464144,2,0.1666666666666665,0.6321768026644502
433,get,167.98,168.1,0.1200000000000045,0.039999999999992,0,0.037020942070947305,3,0.22222222222222215,0.4162716803122179
434,back,168.14,168.32,0.1800000000000068,0.0600000000000022,0,0.04046435559177375,4,0.25,0.4629128636187189
435,to,168.38,168.46,0.0800000000000125,0.0600000000000022,0,0.03739048618308,2,0.22222222222224858,0.42127717110487833
436,work,168.52,168.8,0.2800000000000011,0.8599999999999852,0,0.02400248545753867,4,0.38888888888887574,0.23993612909210452
437,covent,169.66,170.02,0.3600000000000136,0.0199999999999818,0,0.047319398295161526,6,0.33333333333333337,0.5557647100114997
438,cases,170.04,170.44,0.4000000000000057,0.0200000000000102,0,0.0423359687095867,5,0.444444444444434,0.48826394328974676
439,are,170.46,170.52,0.0600000000000022,0.0600000000000022,0,0.04715818144206467,3,0.11111111111111098,0.5535810208461093
440,back,170.58,170.86,0.2800000000000011,0.0199999999999818,0,0.03560494341663377,4,0.38888888888887574,0.39709191802164484
441,up,170.88,171.12,0.2400000000000091,0.0600000000000022,0,0.04348042113981009,2,0.6666666666666667,0.5037656003694949
442,after,171.18,171.48,0.2999999999999829,0.0400000000000204,0,0.03459202542236513,5,0.33333333333330173,0.3833719004985104
443,bid,171.52,171.76,0.2399999999999806,0.0200000000000102,0,0.042736757008847374,3,0.44444444444439174,0.49369263793239065
444,and,171.78,171.84,0.0600000000000022,0.039999999999992,0,0.032657706908718345,3,0.11111111111111098,0.3571714735609682
445,promised,171.88,172.3,0.4200000000000159,0.0199999999999818,0,0.02889433196471173,8,0.2916666666666667,0.30619639910276675
446,and,172.32,172.4,0.0800000000000125,0.039999999999992,0,0.030590559079263217,3,0.1481481481481657,0.32917186786385394
447,shut,172.44,172.62,0.1800000000000068,0.039999999999992,0,0.04256359051324523,4,0.25,0.4913470903485542
448,it,172.66,172.72,0.0600000000000022,0.039999999999992,0,0.00953442493533872,2,0.1666666666666665,0.04396563097327278
449,down,172.76,173.08,0.3200000000000216,0.039999999999992,0,0.04838923369946123,4,0.4444444444444577,0.5702556762860792
450,but,173.12,173.26,0.1399999999999863,0.4800000000000182,0,0.045634945349512575,3,0.2592592592592241,0.5329487228714097
451,covered,173.74,174.1,0.3599999999999852,0.0200000000000102,0,0.049999951174950596,7,0.2857142857142632,0.5920729133315019
452,is,174.12,174.22,0.0999999999999943,0.039999999999992,0,0.04221263375141723,2,0.2777777777777515,0.48659336601016956
453,here,174.26,174.38,0.1200000000000045,0.0200000000000102,0,0.06221052704664765,4,0.16666666666666663,0.7574656853773852
454,to,174.4,174.48,0.079999999999984,0.0600000000000022,0,0.039379292875190444,2,0.2222222222221694,0.448215642748463
455,stay,174.54,174.9,0.3600000000000136,0.3400000000000034,0,0.02793137676981962,4,0.5,0.2931531298325309
456,so,175.24,175.36,0.1200000000000045,0.079999999999984,0,0.032789540308853574,2,0.33333333333333326,0.35895716260018373
457,planned,175.44,175.82,0.3799999999999954,0.0800000000000125,0,0.03382504585321656,7,0.3015873015872865,0.3729831294547079
458,accordingly,175.9,176.5,0.5999999999999943,0.8199999999999932,0,0.027182024136151856,11,0.3030303030302887,0.2830031163831677
459,if,177.32,177.44,0.1200000000000045,0.0200000000000102,0,0.03996799321942319,2,0.33333333333333326,0.456189614071364
460,you,177.46,177.5,0.039999999999992,0.039999999999992,0,0.06271649488245819,3,0.07407407407405646,0.7643190413378302
461,don't,177.54,177.68,0.1400000000000147,0.039999999999992,0,0.054788528308924014,5,0.15555555555556602,0.6569343952685796
462,like,177.72,177.84,0.1200000000000045,0.039999999999992,0,0.04613851834136432,4,0.16666666666666663,0.5397696405680804
463,your,177.88,177.96,0.0800000000000125,0.0199999999999818,0,0.05420756610342705,4,0.11111111111112429,0.6490652373655724
464,dumb,177.98,178.18,0.200000000000017,0.039999999999992,0,0.04854143968785431,4,0.2777777777777909,0.5723173129039446
465,governor,178.22,178.62,0.4000000000000057,0.0600000000000022,0,0.05197908051159917,8,0.27777777777777124,0.6188803047817583
466,slapping,178.68,179.06,0.3799999999999954,0.0600000000000022,0,0.04000631774691099,8,0.26388888888887574,0.45670872143412555
467,mandates,179.12,179.58,0.4600000000000079,0.0199999999999818,0,0.04737028407589825,8,0.31944444444443787,0.5564539600863692
468,and,179.6,179.66,0.0600000000000022,0.0600000000000022,0,0.04225316700030707,3,0.11111111111111098,0.48714239059871944
469,lock,179.72,179.96,0.2400000000000091,0.0199999999999818,0,0.04058306197370441,4,0.33333333333333337,0.4645207466353224
470,downs,179.98,180.26,0.2800000000000011,0.0400000000000204,0,0.036620107637781674,5,0.31111111111110057,0.4108423607838597
471,back,180.3,180.54,0.2399999999999806,0.0600000000000022,0,0.037151792242233264,4,0.3333333333332938,0.41804405147464824
472,on,180.6,180.74,0.1400000000000147,0.039999999999992,0,0.04645557854605756,2,0.38888888888891504,0.5440642345913811
473,you,180.78,180.88,0.0999999999999943,0.2400000000000091,0,0.035742152899571285,3,0.18518518518516763,0.398950426332184
474,move,181.12,181.36,0.2400000000000091,0.0199999999999818,0,0.04699868788254234,4,0.33333333333333337,0.551420673765837
475,to,181.38,181.46,0.0800000000000125,0.0600000000000022,0,0.05095933840658659,2,0.22222222222224858,0.6050678543869438
476,texas,181.52,181.92,0.3999999999999772,0.0400000000000204,0,0.03602669298513676,5,0.4444444444444023,0.40280453395203264
477,or,181.96,182.02,0.0600000000000022,0.0600000000000022,0,0.04465636284353151,2,0.1666666666666665,0.5196937810045834
478,florida,182.08,182.42,0.339999999999975,0.0,0,0.042814265191753784,7,0.2698412698412398,0.4947424895824544
479,if,182.42,182.54,0.1200000000000045,0.0200000000000102,0,0.02207366643488993,2,0.33333333333333326,0.2138101929951717
480,you,182.56,182.62,0.0600000000000022,0.0600000000000022,0,0.03000275834617701,3,0.11111111111111098,0.321210081812381
481,can,182.68,182.92,0.2399999999999806,0.5200000000000102,0,0.037622441690434855,3,0.44444444444439174,0.42441901836546925
482,everybody,183.44,183.82,0.3799999999999954,0.0400000000000204,0,0.040686820768089306,9,0.2345679012345562,0.4659261639397784
483,else,183.86,184.12,0.2599999999999909,0.0199999999999818,0,0.03970655504163805,4,0.36111111111108485,0.4526484227797449
484,is,184.14,184.34,0.200000000000017,0.5799999999999841,0,0.03012847900390625,2,0.5555555555555818,0.32291297349445697
485,there's,184.92,185.12,0.200000000000017,0.0199999999999818,0,0.035297533930564416,7,0.15873015873016622,0.39292804339456355
486,a,185.14,185.2,0.0600000000000022,0.0800000000000125,0,0.04966437122809193,1,0.333333333333333,0.5875274686090615
487,permanent,185.28,185.9,0.6200000000000045,0.0600000000000022,0,0.04202356785655711,9,0.38271604938270437,0.48403246038386466
488,pandemic,185.96,186.66,0.6999999999999886,0.039999999999992,0,0.042310225743478196,8,0.48611111111108485,0.487915253713587
489,in,186.7,186.78,0.0800000000000125,0.039999999999992,0,0.037916101295661496,2,0.22222222222224858,0.42839665026888446
490,the,186.82,186.88,0.0600000000000022,0.039999999999992,0,0.0549247897401148,3,0.11111111111111098,0.6587800621776908
491,blue,186.92,187.16,0.2400000000000091,0.039999999999992,0,0.05607246577694663,4,0.33333333333333337,0.6743253831467229
492,states,187.2,187.64,0.4399999999999977,0.5600000000000023,0,0.01945263625321696,6,0.40740740740738995,0.17830822716507294
493,along,188.2,188.56,0.3600000000000136,0.0200000000000102,0,0.042876088129660136,5,0.39999999999999997,0.495579883918626
494,with,188.58,188.74,0.1599999999999966,0.039999999999992,0,0.04430401081941566,4,0.2222222222222091,0.5149211577788781
495,high,188.78,188.98,0.1999999999999886,0.0400000000000204,0,0.04232154552087762,4,0.2777777777777515,0.48806858058225444
496,crime,189.02,189.42,0.3999999999999772,0.0600000000000022,0,0.037036712369680945,5,0.4444444444444023,0.4164852896825666
497,taxes,189.48,189.92,0.4399999999999977,0.0200000000000102,0,0.02669161370158859,5,0.48888888888886795,0.27636048608751956
498,and,189.94,190.02,0.0800000000000125,0.039999999999992,0,0.032625626544563135,3,0.1481481481481657,0.3567369436574138
499,gas,190.06,190.36,0.3000000000000113,0.079999999999984,0,0.03958029310899707,3,0.5555555555555555,0.450938199505856
500,presses,190.44,190.92,0.4799999999999897,0.8200000000000216,0,0.015085554807724956,7,0.3809523809523584,0.11915592234264029
501,this,191.74,191.94,0.1999999999999886,0.1800000000000068,0,0.05357600966819019,4,0.2777777777777515,0.6405107784584085
502,by,192.12,192.36,0.2400000000000091,0.079999999999984,0,0.046173470541102726,2,0.6666666666666667,0.5402430696073476
503,and,192.44,192.52,0.0800000000000125,0.0999999999999943,0,0.06146644194380226,3,0.1481481481481657,0.7473870208581384
504,actually,192.62,193.02,0.4000000000000057,0.079999999999984,0,0.037874502930241104,8,0.27777777777777124,0.4278331986314065
505,believe,193.1,193.64,0.539999999999992,0.1800000000000068,0,0.04830617881435946,7,0.42857142857140607,0.5691306943177206
506,in,193.82,193.96,0.1400000000000147,0.0600000000000022,0,0.05185064545023739,2,0.38888888888891504,0.6171406463864695
507,this,194.02,194.2,0.1799999999999784,0.0600000000000022,0,0.048818398435039524,4,0.24999999999996056,0.5760687309714163
508,environment,194.26,194.94,0.6800000000000068,0.2400000000000091,0,0.03876006477623602,11,0.34343434343433393,0.43982817168314126
509,the,195.18,195.24,0.0600000000000022,0.0600000000000022,0,0.04675833888785549,3,0.11111111111111098,0.5481651363606078
510,democrats,195.3,195.92,0.6199999999999761,0.0,0,0.03277584542196415,9,0.3827160493826869,0.35877166477196526
511,are,195.92,196.02,0.1000000000000227,0.0199999999999818,0,0.03862886666710955,3,0.1851851851852202,0.4380510876877909
512,going,196.04,196.16,0.1200000000000045,0.0,0,0.04207619157417741,5,0.1333333333333333,0.4847452508880993
513,to,196.16,196.22,0.0600000000000022,0.0600000000000022,0,0.04046733507313516,2,0.1666666666666665,0.4629532208210983
514,win,196.28,196.5,0.2199999999999988,1.4000000000000057,0,0.03445193940058268,3,0.4074074074073898,0.38147442934637715
515,i,197.9,198.0,0.0999999999999943,0.0999999999999943,1,0.027644759889632938,1,0.555555555555503,0.28927089194077865
516,believe,198.1,198.4,0.3000000000000113,0.0,1,0.04774707843206727,7,0.23809523809523808,0.5615576557443673
517,we're,198.4,198.5,0.0999999999999943,0.0200000000000102,1,0.03669851566928855,5,0.11111111111110057,0.41190440092167513
518,going,198.52,198.64,0.1199999999999761,0.0,1,0.03842941595583546,5,0.13333333333330175,0.4353495192793256
519,to,198.64,198.7,0.0600000000000022,0.0800000000000125,1,0.043069887053128544,2,0.1666666666666665,0.4982048986197134
520,win,198.78,199.12,0.3400000000000034,0.4199999999999875,1,0.047984711055646216,3,0.6296296296296121,0.5647763997868459
521,let,199.54,199.64,0.0999999999999943,0.0200000000000102,1,0.009970874743126417,3,0.18518518518516763,0.04987736227304053
522,me,199.66,199.72,0.0600000000000022,0.0600000000000022,1,0.06215451471929918,2,0.1666666666666665,0.7567069960095579
523,say,199.78,199.92,0.1399999999999863,0.0400000000000204,1,0.03897008719782556,3,0.2592592592592241,0.44267293435965016
524,this,199.96,200.1,0.1399999999999863,0.039999999999992,1,0.02973677002190385,4,0.19444444444441808,0.31760725859211436
525,again,200.14,200.4,0.2600000000000193,0.039999999999992,1,0.03610317856359291,5,0.28888888888889946,0.40384053438111284
526,for,200.44,200.5,0.0600000000000022,0.039999999999992,1,0.018933815930886243,3,0.11111111111111098,0.17128078372541394
527,the,200.54,200.6,0.0600000000000022,0.039999999999992,1,0.02669388474790958,3,0.11111111111111098,0.27639124750699884
528,president,200.64,200.94,0.3000000000000113,0.1800000000000068,1,0.019668911265678147,9,0.18518518518518517,0.18123768145216565
529,we're,201.12,201.26,0.1399999999999863,0.0200000000000102,1,0.030802062849879536,5,0.15555555555553446,0.3320366954762414
530,going,201.28,201.38,0.0999999999999943,0.0,1,0.0451930593200822,5,0.11111111111110057,0.526963357717155
531,to,201.38,201.44,0.0600000000000022,0.0800000000000125,1,0.04290757644203515,2,0.1666666666666665,0.49600639445551403
532,win,201.52,201.84,0.3199999999999932,0.079999999999984,1,0.0594972861326741,3,0.5925925925925576,0.7207147212373112
533,in,201.92,202.02,0.1000000000000227,0.079999999999984,1,0.045197169851013325,2,0.27777777777783036,0.5270190350342957
534,twenty,202.1,202.48,0.3799999999999954,0.1599999999999966,1,0.032354221692274775,6,0.35185185185183426,0.35306075333368614
535,twenty,202.64,203.0,0.3600000000000136,0.1399999999999863,1,0.03347117067674871,6,0.33333333333333337,0.36818987506529727
536,two,203.14,203.28,0.1400000000000147,0.6200000000000045,1,0.04481012550109329,3,0.2592592592592767,0.5217765027728689
537,not,203.9,204.06,0.1599999999999966,0.039999999999992,0,0.050261049854512116,3,0.2962962962962788,0.5956095061051725
538,even,204.1,204.32,0.2199999999999988,0.1200000000000045,0,0.05264397351625309,4,0.30555555555554237,0.6278863089464369
539,c,204.44,204.62,0.1800000000000068,0.0999999999999943,0,0.032883205591626115,1,1.0,0.36022586285846725
540,n,204.72,204.76,0.039999999999992,0.1000000000000227,0,0.04638677065064307,1,0.2222222222221694,0.5431322287072341
541,n,204.86,204.98,0.1199999999999761,0.1400000000000147,0,0.0515374020023591,1,0.6666666666665088,0.6128977504973504
542,says,205.12,205.42,0.2999999999999829,0.0600000000000022,0,0.034223145638463716,4,0.41666666666662716,0.3783754080601352
543,that,205.48,205.74,0.2600000000000193,0.3799999999999954,0,0.020971729725043062,4,0.3611111111111243,0.19888441316498884
544,the,206.12,206.18,0.0600000000000022,0.0600000000000022,0,0.0370974493855702,3,0.11111111111111098,0.4173079751586057
545,left,206.24,206.46,0.2199999999999988,0.039999999999992,0,0.04007787789002912,4,0.30555555555554237,0.4576780066310458
546,wing,206.5,206.66,0.1599999999999966,0.0600000000000022,0,0.04916957933075574,4,0.2222222222222091,0.5808254912128962
547,network,206.72,207.08,0.3600000000000136,0.039999999999992,0,0.04148799005279195,7,0.2857142857142857,0.47677803614198366
548,admitting,207.12,207.5,0.3799999999999954,0.1800000000000068,0,0.03831553137633891,9,0.2345679012345562,0.4338069477827696
549,every,207.68,208.2,0.5199999999999818,0.1000000000000227,0,0.04189898592211825,5,0.5777777777777358,0.48234499275742443
550,single,208.3,208.68,0.3799999999999954,0.039999999999992,0,0.0452729473394004,6,0.35185185185183426,0.5280454443531275
551,indicator,208.72,209.36,0.6400000000000148,0.339999999999975,0,0.031362964993431455,9,0.39506172839505593,0.33963413898286254
552,is,209.7,209.84,0.1400000000000147,0.079999999999984,0,0.03527440057821864,2,0.38888888888891504,0.3926147011483513
553,pointing,209.92,210.26,0.3400000000000034,0.0400000000000204,0,0.03539516596026431,8,0.23611111111110455,0.3942504734095115
554,to,210.3,210.36,0.0600000000000022,0.0599999999999738,0,0.05974084647965089,2,0.1666666666666665,0.7240137565465566
555,a,210.42,210.46,0.0400000000000204,0.0600000000000022,0,0.05524591631900156,1,0.22222222222232718,0.6631297354132342
556,landslide,210.52,211.14,0.6199999999999761,0.0400000000000204,0,0.03865328854260958,9,0.3827160493826869,0.4383818830351972
557,victory,211.18,211.6,0.4199999999999875,0.0600000000000022,0,0.026316787856480638,7,0.33333333333331083,0.27128345399597503
558,for,211.66,211.76,0.0999999999999943,0.0400000000000204,0,0.025924385053500566,3,0.18518518518516763,0.2659683412588369
559,the,211.8,211.84,0.039999999999992,0.0600000000000022,0,0.034857111993560445,3,0.07407407407405646,0.3869625094347979
560,republicans,211.9,212.6,0.6999999999999886,0.0200000000000102,0,0.022821617311824284,11,0.35353535353533444,0.22394121958967167
561,in,212.62,212.68,0.0600000000000022,0.039999999999992,0,0.02426840622859387,2,0.1666666666666665,0.2435380373011467
562,twenty,212.72,212.98,0.2599999999999909,0.0800000000000125,0,0.019141369707688764,6,0.2407407407407232,0.174092108502776
563,twenty,213.06,213.32,0.2599999999999909,0.0800000000000125,0,0.014036127020920547,6,0.2407407407407232,0.10494137811922893
564,two,213.4,213.62,0.2199999999999988,0.6399999999999864,0,0.045853966512623044,3,0.4074074074073898,0.5359153738864137
565,even,214.26,214.46,0.200000000000017,0.0199999999999818,0,0.042492097954090494,4,0.2777777777777909,0.4903787205793066
566,the,214.48,214.52,0.0400000000000204,0.0199999999999818,0,0.05083602247865292,3,0.07407407407410906,0.6033975348727236
567,new,214.54,214.66,0.1200000000000045,0.0,0,0.05422119002223285,3,0.22222222222222215,0.6492497739280652
568,york,214.66,214.78,0.1200000000000045,0.039999999999992,0,0.04236692167643967,4,0.16666666666666663,0.4886832025486588
569,times,214.82,215.14,0.3199999999999932,0.0400000000000204,0,0.03716628621765275,5,0.3555555555555346,0.41824037299115835
570,call,215.18,215.44,0.2599999999999909,0.0,0,0.06264841986975078,4,0.36111111111108485,0.7633969623812731
571,on,215.44,215.5,0.0600000000000022,0.039999999999992,0,0.036218229425016533,2,0.1666666666666665,0.4053989032162164
572,this,215.54,215.74,0.200000000000017,0.039999999999992,0,0.039945336858701816,4,0.2777777777777909,0.45588273269709034
573,are,215.78,215.84,0.0600000000000022,0.0600000000000022,0,0.04134693563840467,3,0.11111111111111098,0.47486744807063025
574,telling,215.9,216.18,0.2800000000000011,0.0600000000000022,0,0.03780507593429857,7,0.2222222222222147,0.42689280700414756
575,by,216.24,216.4,0.1599999999999966,0.1599999999999966,0,0.0546395308306428,2,0.4444444444444182,0.6549162180573068
576,not,216.56,216.76,0.1999999999999886,0.0400000000000204,0,0.0345301206420068,3,0.37037037037033527,0.38253339760282895
577,to,216.8,216.86,0.0600000000000022,0.0599999999999738,0,0.03124317218206727,2,0.1666666666666665,0.3380115402331495
578,run,216.92,217.18,0.2600000000000193,0.8400000000000034,0,0.03117718739013033,3,0.4814814814814991,0.33711777340626153
579,nearly,218.02,218.26,0.2399999999999806,0.0400000000000204,0,0.05446839855191209,6,0.22222222222219587,0.6525982240279337
580,a,218.3,218.36,0.0600000000000022,0.1199999999999761,0,0.0635109322591884,1,0.333333333333333,0.7750797295588362
581,third,218.48,218.86,0.3800000000000239,0.039999999999992,0,0.046718871939195085,5,0.4222222222222328,0.5476305548542378
582,of,218.9,218.96,0.0600000000000022,0.0600000000000022,0,0.061624055546697844,2,0.1666666666666665,0.7495219038455545
583,democrats,219.02,219.6,0.5799999999999841,0.039999999999992,0,0.03583121845968093,9,0.35802469135800136,0.40015682315041257
584,agree,219.64,219.88,0.2400000000000091,0.039999999999992,0,0.049043959590943584,5,0.2666666666666667,0.5791239664683201
585,with,219.92,220.04,0.1200000000000045,0.0400000000000204,0,0.03856902868569303,4,0.16666666666666663,0.43724057967210844
586,them,220.08,220.24,0.1599999999999966,0.6799999999999784,0,0.028027484746747006,4,0.2222222222222091,0.29445491648753924
587,democrats,220.92,221.48,0.5600000000000023,0.0600000000000022,0,0.03236584776151439,9,0.3456790123456674,0.3532182289384194
588,want,221.54,221.74,0.200000000000017,0.0600000000000022,0,0.03884719191224667,4,0.2777777777777909,0.44100831246410327
589,someone,221.8,222.1,0.2999999999999829,0.0200000000000102,0,0.036810148185793416,7,0.23809523809521554,0.4134164681287586
590,else,222.12,222.5,0.3799999999999954,0.2400000000000091,0,0.02916260530476582,4,0.5277777777777515,0.3098301729594446
591,besides,222.74,223.22,0.4799999999999897,0.039999999999992,0,0.027024242432840108,7,0.3809523809523584,0.28086595646843027
592,biden,223.26,223.64,0.3799999999999954,0.1000000000000227,0,0.02697426476929862,5,0.4222222222222012,0.28018900687978204
593,in,223.74,223.82,0.079999999999984,0.0600000000000022,0,0.01787455552289275,2,0.2222222222221694,0.15693305622776332
594,twenty,223.88,224.12,0.2400000000000091,0.0600000000000022,0,0.02703841563345173,6,0.22222222222222224,0.28105793307645843
595,twenty,224.18,224.4,0.2199999999999988,0.079999999999984,0,0.019010799787777328,6,0.2037037037036949,0.17232353335719117
596,four,224.48,224.74,0.2600000000000193,0.7599999999999909,0,0.014294054585977019,4,0.3611111111111243,0.10843501801139939
597,when,225.5,225.64,0.1399999999999863,0.0,0,0.029321732936571206,4,0.19444444444441808,0.31198556353315154
598,the,225.64,225.7,0.0600000000000022,0.0200000000000102,0,0.04904784925580475,3,0.11111111111111098,0.5791766521451037
599,wall,225.72,225.9,0.1800000000000068,0.0199999999999818,0,0.061338013802526216,4,0.25,0.7456474561957066
600,street,225.92,226.12,0.200000000000017,0.0600000000000022,0,0.03639210465273349,6,0.18518518518519392,0.40775405060683817
601,journal,226.18,226.52,0.3400000000000034,0.079999999999984,0,0.04552926313754668,7,0.26984126984126233,0.5315172527936147
602,as,226.6,226.76,0.1599999999999966,0.0400000000000204,0,0.03564669810184816,2,0.4444444444444182,0.3976574870174134
603,commonly,226.8,227.18,0.3799999999999954,0.0600000000000022,0,0.038541002338435375,8,0.26388888888887574,0.43686096160069476
604,harris,227.24,227.58,0.3400000000000034,0.039999999999992,0,0.043243778631244165,6,0.31481481481480605,0.5005602674771839
605,of,227.62,227.7,0.079999999999984,0.0400000000000204,0,0.03684964688186473,2,0.2222222222221694,0.41395147965516615
606,bins,227.74,228.08,0.3400000000000034,0.0599999999999738,0,0.03743028583503714,4,0.4722222222222091,0.42181625909162185
607,running,228.14,228.46,0.3200000000000216,0.039999999999992,0,0.04977711528336921,7,0.25396825396826156,0.5890545916563229
608,for,228.5,228.58,0.0800000000000125,0.039999999999992,0,0.0323855255196154,3,0.1481481481481657,0.35348476501289877
609,reelection,228.62,229.16,0.539999999999992,0.039999999999992,0,0.04475594544036268,10,0.2999999999999842,0.5210426315346892
610,in,229.2,229.26,0.0600000000000022,0.0400000000000204,0,0.03651519337118528,2,0.1666666666666665,0.4094212925589155
611,twenty,229.3,229.5,0.1999999999999886,0.0600000000000022,0,0.035952585786918935,6,0.18518518518516763,0.4018007487849292
612,twenty,229.56,229.76,0.1999999999999886,0.0600000000000022,0,0.032514548788265304,6,0.18518518518516763,0.3552323907010444
613,four,229.82,230.0,0.1800000000000068,0.6999999999999886,0,0.04636164881715128,4,0.25,0.5427919523989141
614,the,230.7,230.76,0.0600000000000022,0.0600000000000022,0,0.03523729573752244,3,0.11111111111111098,0.39211211449530986
615,ever,230.82,231.04,0.2199999999999988,0.0800000000000125,0,0.05154930088009399,4,0.30555555555554237,0.6130589213048117
616,so,231.12,231.32,0.1999999999999886,0.1800000000000068,0,0.045953057736766584,2,0.555555555555503,0.5372575687524649
617,loyal,231.5,232.04,0.539999999999992,0.0999999999999943,0,0.06052005326026051,5,0.5999999999999684,0.7345681456921738
618,comela,232.14,232.6,0.4600000000000079,0.0600000000000022,0,0.04596109436330012,6,0.42592592592591716,0.5373664252023364
619,just,232.66,232.82,0.1599999999999966,0.0600000000000022,0,0.04153797902217528,4,0.2222222222222091,0.47745513886874286
620,said,232.88,233.16,0.2800000000000011,0.0800000000000125,0,0.04864718205804457,4,0.38888888888887574,0.5737495978274598
621,she,233.24,233.42,0.1799999999999784,0.0800000000000125,0,0.03278754309521841,3,0.33333333333328075,0.35893011025613725
622,invited,233.5,233.98,0.4799999999999897,0.4800000000000182,0,0.04051748551118581,7,0.3809523809523584,0.46363251064785727
623,never,234.46,234.64,0.1799999999999784,0.0600000000000022,0,0.057068647681150005,5,0.19999999999996845,0.6878187096146452
624,really,234.7,234.9,0.200000000000017,0.0600000000000022,0,0.06841498826907065,6,0.18518518518519392,0.8415053778055123
625,talked,234.96,235.3,0.3400000000000034,0.0,0,0.0314980118023772,6,0.31481481481480605,0.34146335378175335
626,about,235.3,235.54,0.2399999999999806,0.0400000000000204,0,0.05212073351340319,5,0.266666666666635,0.6207990007452543
627,whether,235.58,235.82,0.2399999999999806,0.0400000000000204,0,0.047005879004976554,7,0.19047619047616787,0.5515180778265475
628,he's,235.86,236.0,0.1399999999999863,0.0600000000000022,0,0.04073533681283153,4,0.19444444444441808,0.46658331583932294
629,going,236.06,236.18,0.1200000000000045,0.0,0,0.033231157113995775,5,0.1333333333333333,0.3649388810999488
630,to,236.18,236.24,0.0600000000000022,0.039999999999992,0,0.03294194943059689,2,0.1666666666666665,0.3610215506679598
631,run,236.28,236.46,0.1800000000000068,0.0199999999999818,0,0.04164330368830113,3,0.33333333333333337,0.4788817659728535
632,again,236.48,236.76,0.2800000000000011,1.0600000000000025,0,0.022675460158021542,5,0.31111111111110057,0.22196151469485148
633,all,237.82,238.0,0.1800000000000068,0.0600000000000022,0,0.04919444358327822,3,0.33333333333333337,0.5811622785759782
634,she,238.06,238.16,0.0999999999999943,0.0600000000000022,0,0.029845049592102466,3,0.18518518518516763,0.3190739099981792
635,had,238.22,238.38,0.1599999999999966,0.039999999999992,0,0.05632212372864185,3,0.2962962962962788,0.677707010772483
636,to,238.42,238.46,0.0400000000000204,0.0600000000000022,0,0.04071975673407384,2,0.11111111111116359,0.46637228300667827
637,say,238.52,238.72,0.1999999999999886,0.0600000000000022,0,0.04451728526697137,3,0.37037037037033527,0.517809969286086
638,was,238.78,238.96,0.1800000000000068,0.039999999999992,0,0.05295508729026912,3,0.33333333333333337,0.6321003583120722
639,yeah,239.0,239.12,0.1200000000000045,0.0600000000000022,0,0.06138071073155825,4,0.16666666666666663,0.7462257879242554
640,he's,239.18,239.3,0.1200000000000045,0.039999999999992,0,0.04397377135261657,4,0.16666666666666663,0.5104480500870896
641,running,239.34,239.66,0.3199999999999932,0.539999999999992,0,0.03753915990020683,7,0.25396825396823897,0.42329096295747787
642,because,240.2,240.44,0.2400000000000091,0.039999999999992,0,0.03493849220189378,7,0.1904761904761905,0.3880648078347546
643,that's,240.48,240.66,0.1800000000000068,0.0,0,0.03467541553115749,6,0.16666666666666669,0.38450142308608504
644,what,240.66,240.78,0.1200000000000045,0.0200000000000102,0,0.04340974399742536,4,0.16666666666666663,0.5028082754552468
645,he,240.8,240.84,0.039999999999992,0.0600000000000022,0,0.057984038545431195,2,0.1111111111110847,0.7002177179939201
646,said,240.9,241.1,0.1999999999999886,0.039999999999992,0,0.040664558670147746,4,0.2777777777777515,0.4656246228717076
647,he's,241.14,241.24,0.1000000000000227,0.0199999999999818,0,0.030374975918101614,4,0.13888888888891518,0.3262517847321829
648,running,241.26,241.56,0.3000000000000113,0.9199999999999876,0,0.026310159073394984,7,0.23809523809523808,0.2711936668457745
649,but,242.48,242.6,0.1200000000000045,0.0600000000000022,0,0.027953017415733656,3,0.22222222222222215,0.2934462533063289
650,she,242.66,242.74,0.0800000000000125,0.039999999999992,0,0.03974879950352537,3,0.1481481481481657,0.45322062582148065
651,left,242.78,243.02,0.2400000000000091,0.0199999999999818,0,0.0470020239405441,4,0.33333333333333337,0.5514658608140496
652,a,243.04,243.06,0.0200000000000102,0.039999999999992,0,0.08011628927287061,1,0.11111111111116359,1.0
653,magging,243.1,243.56,0.4600000000000079,0.5999999999999943,0,0.03376928730193391,7,0.3650793650793576,0.37222787749453823
654,left,244.16,244.36,0.200000000000017,0.0199999999999818,0,0.027650434359941894,4,0.2777777777777909,0.28934775288363274
655,the,244.38,244.44,0.0600000000000022,0.039999999999992,0,0.046057057398697324,3,0.11111111111111098,0.5386662486181238
656,door,244.48,244.74,0.2600000000000193,0.0600000000000022,0,0.05580985007559715,4,0.3611111111111243,0.670768242248099
657,open,244.8,245.14,0.339999999999975,0.0200000000000102,0,0.03455766258326247,4,0.47222222222216964,0.38290645437424287
658,to,245.16,245.24,0.0800000000000125,0.039999999999992,0,0.04384333638647516,2,0.22222222222224858,0.5086813028960875
659,him,245.28,245.42,0.1399999999999863,0.0800000000000125,0,0.03713435156661251,3,0.2592592592592241,0.41780781677797385
660,not,245.5,245.78,0.2800000000000011,0.0999999999999943,0,0.04236017294520115,3,0.518518518518501,0.48859179069560127
661,running,245.88,246.28,0.4000000000000057,0.5,0,0.025259563766098888,7,0.31746031746031,0.256963308507405
662,joe,246.78,247.16,0.3799999999999954,0.6400000000000148,1,0.03644363543543103,3,0.7037037037036685,0.40845203726083334
663,near,247.8,248.04,0.2399999999999806,0.0400000000000204,1,0.05307611766766168,4,0.3333333333332938,0.6337397199465317
664,footsteps,248.08,248.68,0.5999999999999943,0.5600000000000023,1,0.02857218286077452,9,0.3703703703703529,0.3018328757217137
665,they,249.24,249.34,0.0999999999999943,0.0600000000000022,0,0.03265081911670918,4,0.13888888888887574,0.357078178123829
666,sound,249.4,249.64,0.2399999999999806,0.0200000000000102,0,0.038620975462667705,5,0.266666666666635,0.43794420098636644
667,like,249.66,249.86,0.200000000000017,0.0199999999999818,0,0.036995951334635416,4,0.2777777777777909,0.41593317972080257
668,heels,249.88,250.22,0.3400000000000034,1.3000000000000114,0,0.025736140810490863,5,0.37777777777776733,0.2634185649419623
669,can,251.52,251.66,0.1399999999999863,0.039999999999992,1,0.03076736850571702,3,0.2592592592592241,0.3315667591017701
670,decide,251.7,252.14,0.4399999999999977,0.0600000000000022,1,0.040719129208116725,6,0.40740740740738995,0.46636378314076954
671,of,252.2,252.24,0.0400000000000204,0.0600000000000022,1,0.03382890835370607,2,0.11111111111116359,0.37303544718891646
672,course,252.3,252.6,0.2999999999999829,0.0600000000000022,1,0.03562713184774778,6,0.2777777777777515,0.39739246126938815
673,president,252.66,253.0,0.3400000000000034,0.0600000000000022,1,0.03709558978213681,9,0.20987654320987076,0.4172827867506235
674,harris,253.06,253.54,0.4799999999999897,0.8200000000000216,1,0.03610722259959757,6,0.4444444444444181,0.4038953110216327
675,is,254.36,254.48,0.1199999999999761,0.0,1,0.027339874751984128,2,0.3333333333332544,0.28514120972094087
676,a,254.48,254.54,0.0600000000000022,0.0400000000000204,1,0.036986508877639594,1,0.333333333333333,0.41580528123723615
677,proud,254.58,255.0,0.4199999999999875,0.0800000000000125,1,0.03449343100645516,5,0.46666666666663514,0.38203643492121586
678,howard,255.08,255.42,0.339999999999975,0.1400000000000147,1,0.04063318646143353,6,0.3148148148147798,0.46519968496386715
679,room,255.56,255.78,0.2199999999999988,1.6799999999999784,1,0.03707982623387897,4,0.30555555555554237,0.41706926881575795
680,but,257.46,257.56,0.1000000000000227,0.0400000000000204,0,0.013835991753472223,3,0.1851851851852202,0.10223053736812665
681,if,257.6,257.7,0.0999999999999659,0.0,0,0.03664577077575822,2,0.27777777777767254,0.4111899690845604
682,you,257.7,257.76,0.0600000000000022,0.079999999999984,0,0.03271994154649707,3,0.11111111111111098,0.3580144443895066
683,ask,257.84,258.02,0.1800000000000068,0.0600000000000022,0,0.0388854303838144,3,0.33333333333333337,0.44152625419574953
684,****,258.08,258.5,0.4200000000000159,0.079999999999984,0,0.03881224004203616,4,0.5833333333333334,0.44053488788830547
685,joe,258.58,259.0,0.4200000000000159,0.3000000000000113,0,0.05054977313190901,3,0.7777777777777779,0.5995202752371617
686,he,259.3,259.42,0.1200000000000045,0.0600000000000022,1,0.01863194449057835,2,0.33333333333333326,0.16719192216486028
687,is,259.48,259.58,0.0999999999999659,0.1400000000000432,1,0.01504284778690122,2,0.27777777777767254,0.11857745392034158
688,just,259.72,260.12,0.3999999999999772,0.1000000000000227,1,0.03048140683682327,4,0.555555555555503,0.32769339607498343
689,perfect,260.22,260.9,0.67999999999995,1.0200000000000389,1,0.00838108680972389,7,0.5396825396824796,0.028343616769684814
690,our,261.92,262.1,0.1800000000000068,0.079999999999984,1,0.01920130415628346,3,0.33333333333333337,0.17490392317050968
691,country,262.18,262.54,0.3600000000000136,0.0600000000000022,1,0.01824235135225242,7,0.2857142857142857,0.16191486645554382
692,could,262.6,262.8,0.1999999999999886,0.0600000000000022,1,0.020678589835999503,5,0.22222222222220114,0.1949138208394855
693,not,262.86,263.04,0.1800000000000068,0.0600000000000022,1,0.028203559120045588,3,0.33333333333333337,0.29683985139905267
694,be,263.1,263.22,0.1200000000000045,0.0999999999999659,1,0.032046824806311415,2,0.33333333333333326,0.348897049375579
695,more,263.32,263.64,0.3199999999999932,0.0600000000000022,1,0.046792170898714305,4,0.4444444444444182,0.5486233923936256
696,it,263.7,263.84,0.1399999999999863,0.6400000000000432,1,0.016000587653681266,2,0.38888888888883616,0.13155008134840337
697,could,264.48,264.66,0.1800000000000068,0.0399999999999636,1,0.018040432861512662,5,0.19999999999999998,0.1591798718687465
698,not,264.7,264.88,0.1800000000000068,0.0400000000000204,1,0.03219681382029085,3,0.33333333333333337,0.3509286569802611
699,be,264.92,265.02,0.0999999999999659,0.3000000000000113,1,0.023751748013658588,2,0.27777777777767254,0.23653987969856446
700,better,265.32,265.64,0.3199999999999932,0.0600000000000022,1,0.02626534330060963,6,0.2962962962962788,0.2705866352880305
701,served,265.7,266.18,0.4800000000000182,0.0400000000000204,1,0.037196709365441054,6,0.4444444444444445,0.41865245582819577
702,than,266.22,266.36,0.1399999999999863,0.0399999999999636,1,0.03634269870057398,4,0.19444444444441808,0.40708484487329305
703,with,266.4,266.52,0.1200000000000045,0.0400000000000204,1,0.034393091410826485,4,0.16666666666666663,0.3806773308100448
704,this,266.56,266.72,0.160000000000025,0.0599999999999454,1,0.03204694734949644,4,0.22222222222224858,0.3488987092282575
705,most,266.78,267.16,0.3800000000000523,0.0199999999999818,1,0.03330690261216192,4,0.5277777777778305,0.3659648571098709
706,experienced,267.18,267.92,0.7400000000000091,0.079999999999984,1,0.029826454199535953,11,0.3737373737373642,0.31882203461112346
707,capable,268.0,268.52,0.5199999999999818,0.0600000000000022,1,0.025319773968281223,7,0.4126984126983827,0.25777885826926855
708,hands,268.58,268.96,0.3799999999999954,0.0400000000000204,1,0.024889386799984523,5,0.4222222222222012,0.2519492456805155
709,than,269.0,269.12,0.1200000000000045,0.0400000000000204,1,0.03829776709132004,4,0.16666666666666663,0.4335663297829671
710,yours,269.16,269.48,0.3199999999999932,0.3599999999999568,1,0.03766960351645541,5,0.3555555555555346,0.4250578273145513
711,president,269.84,270.4,0.5600000000000023,0.0800000000000409,1,0.034586261073323486,9,0.3456790123456674,0.38329382214438074
712,by,270.48,270.7,0.2199999999999704,6.6200000000000045,1,0.02831040104992044,2,0.6111111111110059,0.29828702990548933
713,when,277.32,277.44,0.1200000000000045,0.0400000000000204,0,0.03995760732407112,4,0.16666666666666663,0.45604893667494095
714,nancy,277.48,277.76,0.2799999999999727,0.0600000000000022,0,0.03753879350638135,5,0.31111111111106904,0.42328600013745254
715,policy,277.82,278.24,0.4200000000000159,0.0600000000000022,0,0.04355160905042821,6,0.38888888888888895,0.5047298436612938
716,calls,278.3,278.54,0.2400000000000091,0.0,0,0.03220052567739335,5,0.2666666666666667,0.3509789342433543
717,you,278.54,278.62,0.079999999999984,0.0600000000000022,0,0.043135558666826106,3,0.14814814814811292,0.49909442343396415
718,perfect,278.68,279.16,0.4800000000000182,0.4199999999999591,0,0.02319966530313297,7,0.380952380952381,0.22906189578921538
719,you're,279.58,279.72,0.1400000000000432,0.0199999999999818,0,0.03824147136998401,6,0.12962962962966473,0.43280380183146644
720,about,279.74,279.96,0.2199999999999704,0.0400000000000204,0,0.03828517620501089,5,0.24444444444440236,0.4333957856897919
721,to,280.0,280.06,0.0600000000000022,0.0400000000000204,0,0.029645843390524614,2,0.1666666666666665,0.31637565348399954
722,get,280.1,280.2,0.0999999999999659,0.0,0,0.04399429286688634,3,0.18518518518511504,0.5107260148749357
723,a,280.2,280.24,0.0400000000000204,0.0600000000000022,0,0.054523839972186794,1,0.22222222222232718,0.653349180435047
724,knife,280.3,280.6,0.3000000000000113,0.0600000000000022,0,0.03240074105814201,5,0.3333333333333333,0.3536908601325336
725,plunged,280.66,281.02,0.3599999999999568,0.0200000000000386,0,0.0208884671942417,7,0.2857142857142407,0.19775661862675475
726,into,281.04,281.2,0.1599999999999681,0.0400000000000204,0,0.03354995104731345,4,0.22222222222216956,0.3692569585515648
727,your,281.24,281.34,0.0999999999999659,0.0600000000000022,0,0.03802046656878898,4,0.13888888888883627,0.42981028235382895
728,back,281.4,281.7,0.3000000000000113,0.920000000000016,0,0.0178298246653262,4,0.41666666666666663,0.15632717485028713
729,summer,282.62,282.94,0.3199999999999932,0.0600000000000022,0,0.03855431269085596,6,0.2962962962962788,0.43704125089309837
730,even,283.0,283.2,0.1999999999999886,0.0600000000000022,0,0.05044073680090526,4,0.2777777777777515,0.5980433734736483
731,now,283.26,283.4,0.1399999999999863,0.0600000000000022,0,0.048245656440124414,3,0.2592592592592241,0.5683109161720613
732,floating,283.46,283.78,0.3199999999999932,0.0400000000000204,0,0.0383101980161775,8,0.2222222222222091,0.4337347071914426
733,hillary,283.82,284.22,0.4000000000000341,0.0599999999999454,0,0.05306398560400723,7,0.31746031746033254,0.6335753906258238
734,is,284.28,284.4,0.1200000000000045,0.0200000000000386,0,0.03328914743251901,2,0.33333333333333326,0.36572436244277506
735,a,284.42,284.46,0.0399999999999636,0.0600000000000022,0,0.05819238502692744,1,0.2222222222220116,0.7030397799902377
736,name,284.52,284.76,0.2400000000000091,0.0400000000000204,0,0.0333411720604583,4,0.33333333333333337,0.366429038251676
737,for,284.8,284.88,0.079999999999984,0.079999999999984,0,0.018850832569355866,3,0.14814814814811292,0.17015677054688666
738,twenty,284.96,285.18,0.2200000000000272,0.0600000000000022,0,0.030954361355100754,6,0.20370370370372118,0.33409958523849803
739,twenty,285.24,285.5,0.2599999999999909,0.079999999999984,0,0.026931733418026665,6,0.2407407407407232,0.2796129179090701
740,four,285.58,285.8,0.2200000000000272,0.1200000000000045,0,0.02734193819573284,4,0.3055555555555818,0.285169159154706
741,saying,285.92,286.2,0.2799999999999727,0.0600000000000022,0,0.03490836017140301,6,0.2592592592592242,0.3876566681939542
742,she'd,286.26,286.44,0.1800000000000068,0.0199999999999818,0,0.03325865099910045,5,0.19999999999999998,0.36531128694874365
743,be,286.46,286.54,0.0800000000000409,0.079999999999984,0,0.041198635317571036,2,0.22222222222232743,0.4728587138867805
744,the,286.62,286.68,0.0600000000000022,0.0600000000000022,0,0.0512903261076566,3,0.11111111111111098,0.6095510969439105
745,best,286.74,287.02,0.2799999999999727,0.0600000000000022,0,0.034936258002782584,4,0.3888888888888363,0.38803454551230676
746,option,287.08,287.46,0.3799999999999954,0.6000000000000227,0,0.024356722305321526,6,0.35185185185183426,0.24473428233493427
747,it's,288.06,288.18,0.1200000000000045,0.0199999999999818,0,0.00784817304200326,4,0.16666666666666663,0.021125277009884365
748,laughable,288.2,288.74,0.5400000000000205,0.5600000000000023,0,0.035354897468729,9,0.33333333333333337,0.3937050349706441
749,when,289.3,289.4,0.0999999999999659,0.0600000000000022,0,0.029014549341872167,4,0.13888888888883627,0.30782474861433545
750,crooked,289.46,289.84,0.3799999999999954,0.0200000000000386,0,0.03498778961797164,7,0.3015873015872865,0.3887325434424351
751,your,289.86,289.96,0.0999999999999659,0.0400000000000204,0,0.05054439622528699,4,0.13888888888883627,0.5994474448071645
752,best,290.0,290.28,0.2799999999999727,0.0600000000000022,0,0.035911567472971334,4,0.3888888888888363,0.4012451539694409
753,option,290.34,290.66,0.32000000000005,0.4599999999999795,0,0.03138672359406002,6,0.2962962962963314,0.33995595024378744
754,not,291.12,291.26,0.1399999999999863,0.0199999999999818,0,0.04037251177442703,3,0.2592592592592241,0.4616688351874752
755,even,291.28,291.5,0.2200000000000272,0.079999999999984,0,0.04278740600762085,4,0.3055555555555818,0.49437868078544805
756,god,291.58,291.98,0.4000000000000341,0.3199999999999932,0,0.038912626513007545,3,0.740740740740776,0.44189462692799697
757,can,292.3,292.42,0.1200000000000045,0.0600000000000022,0,0.019984803953048233,3,0.22222222222222215,0.18551646140342612
758,save,292.48,292.72,0.2400000000000091,0.0399999999999636,0,0.03047109244902388,4,0.33333333333333337,0.3275536872514175
759,this,292.76,292.92,0.160000000000025,0.0399999999999636,0,0.021267404361647004,4,0.22222222222224858,0.20288933875452933
760,party,292.96,293.3,0.3400000000000318,0.6999999999999886,0,0.019977748179349865,5,0.37777777777779886,0.18542089064712736
761,joe,294.0,294.26,0.2599999999999909,0.0400000000000204,0,0.04335628278630162,3,0.4814814814814464,0.5020841410657148
762,in,294.3,294.36,0.0600000000000022,0.0199999999999818,0,0.04297361712697231,2,0.1666666666666665,0.49690091835547884
763,all,294.38,294.5,0.1200000000000045,0.0600000000000022,0,0.05791453781762271,3,0.22222222222222215,0.6992763276653855
764,his,294.56,294.64,0.079999999999984,0.0400000000000204,0,0.042429009262396365,3,0.14814814814811292,0.489524181553983
765,liberal,294.68,294.94,0.2599999999999909,0.079999999999984,0,0.05616840899520866,7,0.20634920634919135,0.6756249381385675
766,rats,295.02,295.4,0.3799999999999954,0.0200000000000386,0,0.03175547402092004,4,0.5277777777777515,0.3449506905355084
767,are,295.42,295.5,0.079999999999984,0.079999999999984,0,0.056902160990535536,3,0.14814814814811292,0.6855636402748528
768,burying,295.58,296.06,0.4800000000000182,0.0199999999999818,0,0.050380261306589694,7,0.380952380952381,0.5972242303185019
769,themselves,296.08,296.66,0.5800000000000409,0.0399999999999636,0,0.04200893291437893,10,0.3222222222222328,0.48383422946658333
770,and,296.7,296.82,0.1200000000000045,0.5199999999999818,0,0.03520841014628508,3,0.22222222222222215,0.3917208579274681
771,luck's,297.34,297.58,0.2400000000000091,0.0400000000000204,0,0.040398996343057623,6,0.22222222222222224,0.4620275698014918
772,not,297.62,297.76,0.1399999999999863,0.0400000000000204,0,0.0556620705038898,3,0.2592592592592241,0.6687665616334209
773,going,297.8,297.9,0.0999999999999659,0.0,0,0.045344221673044215,5,0.11111111111106903,0.5290108582485031
774,to,297.9,297.96,0.0600000000000022,0.0600000000000022,0,0.05002183979060374,2,0.1666666666666665,0.5923693955660141
775,save,298.02,298.28,0.2599999999999909,0.0200000000000386,0,0.05081004554140366,4,0.36111111111108485,0.6030456761474627
776,him,298.3,298.38,0.079999999999984,0.0400000000000204,0,0.0439782607582421,3,0.14814814814811292,0.5105088592781586
777,anymore,298.42,298.9,0.4799999999999613,0.5,0,0.030708954537896974,7,0.38095238095233586,0.3307755394111124
778,times,299.4,299.76,0.3600000000000136,0.0400000000000204,0,0.03362770493849305,5,0.39999999999999997,0.37031013833069015
779,up,299.8,300.02,0.2199999999999704,0.8400000000000318,0,0.028869490504535147,2,0.6111111111110059,0.30585992046298405
780,there,300.86,301.04,0.1800000000000068,0.0600000000000022,1,0.039029748771976965,5,0.19999999999999998,0.44348105293138707
781,done,301.1,301.32,0.2199999999999704,0.5600000000000023,1,0.029507978506565977,4,0.30555555555550296,0.3145082677386183
782,hay,301.88,302.04,0.160000000000025,0.0399999999999636,1,0.047023409888857885,3,0.2962962962963314,0.5517555343979668
783,sean,302.08,302.3,0.2200000000000272,0.0399999999999636,1,0.0481763158329146,4,0.3055555555555818,0.5673716946838792
784,handed,302.34,302.56,0.2200000000000272,0.1000000000000227,1,0.037725954639668366,6,0.20370370370372118,0.4258211056868427
785,here,302.66,302.9,0.2399999999999522,0.1200000000000045,1,0.0542694287865971,4,0.3333333333332544,0.6499031700530394
786,hey,303.02,303.22,0.2000000000000454,0.0599999999999454,1,0.0420135740249876,3,0.3703703703704404,0.48389709350813265
787,click,303.28,303.56,0.2800000000000295,0.0600000000000022,1,0.032550158066621364,5,0.31111111111113215,0.3557147198982703
788,here,303.62,303.86,0.2400000000000091,0.0399999999999636,1,0.06077409313199021,4,0.33333333333333337,0.7380091266120782
789,to,303.9,304.0,0.1000000000000227,0.079999999999984,1,0.01936601219263747,2,0.27777777777783036,0.1771349005623268
790,subscribe,304.08,304.92,0.8400000000000318,0.0600000000000022,1,0.04401734153056374,9,0.5185185185185186,0.5110382100095153
791,to,304.98,305.06,0.079999999999984,0.0600000000000022,1,0.033035598374278094,2,0.2222222222221694,0.3622900296125528
792,fox,305.12,305.46,0.339999999999975,0.0400000000000204,1,0.03318346381521359,3,0.6296296296295596,0.36429287332959603
793,news,305.5,305.72,0.2200000000000272,0.0399999999999636,1,0.044602541352419284,4,0.3055555555555818,0.5189647666072095
794,youtube,305.76,306.2,0.4399999999999977,0.079999999999984,1,0.0362079787858858,7,0.3492063492063342,0.405260057871092
795,page,306.28,306.68,0.4000000000000341,0.2199999999999704,1,0.033513949301237425,4,0.555555555555582,0.36876931336229835
796,and,306.9,307.02,0.1200000000000045,0.0600000000000022,1,0.030292012163480844,3,0.22222222222222215,0.3251280371300842
797,catch,307.08,307.34,0.2599999999999909,0.0200000000000386,1,0.02586000110806542,5,0.2888888888888679,0.2650962579662338
798,our,307.36,307.46,0.0999999999999659,0.0600000000000022,1,0.052911238551410146,3,0.18518518518511504,0.6315064252701909
799,hottest,307.52,307.88,0.3600000000000136,0.0199999999999818,1,0.03197090954346872,7,0.2857142857142857,0.3478687738958575
800,interviews,307.9,308.32,0.4200000000000159,0.1000000000000227,1,0.0491234330685089,10,0.23333333333333336,0.580200438118533
801,and,308.42,308.56,0.1399999999999863,0.0600000000000022,1,0.04411026757243076,3,0.2592592592592241,0.5122968972181393
802,most,308.62,308.86,0.2400000000000091,0.0399999999999636,1,0.0490552796978709,4,0.33333333333333337,0.5792772978004569
803,compelling,308.9,309.38,0.4800000000000182,0.0199999999999818,1,0.028028662603007782,10,0.2666666666666667,0.29447087060093147
804,analysis,309.4,310.04,0.6400000000000432,0.3199999999999932,1,0.04229963069059411,8,0.4444444444444577,0.4877717432694536
805,you,310.36,310.48,0.1200000000000045,0.0999999999999659,1,0.02327080666793627,3,0.22222222222222215,0.23002550861596324
806,will,310.58,310.76,0.1800000000000068,0.0600000000000022,1,0.043501715781436995,4,0.25,0.504054037200436
807,not,310.82,311.1,0.2800000000000295,0.0999999999999659,1,0.04550218103308101,3,0.5185185185185536,0.5311504245311741
808,get,311.2,311.38,0.1800000000000068,0.0199999999999818,1,0.0450333537368217,3,0.33333333333333337,0.5248001387662876
809,it,311.4,311.52,0.1200000000000045,0.2000000000000454,1,0.036433017352991544,2,0.33333333333333326,0.4083082148803879
810,anywhere,311.72,312.16,0.4399999999999977,0.0199999999999818,1,0.0384294379742901,8,0.3055555555555424,0.43534981752023466
811,else,312.18,312.52,0.339999999999975,1.3400000000000318,1,0.01748238561375071,4,0.47222222222216964,0.15162109804761487
812,the,313.86,313.86,0.0,,1,,3,0.0,
