Word,Start,End,Conf,time_spent
then,0.0,4.05,51.8528,4.05
false,4.05,4.44,100.0,0.39000000000000057
starts,4.44,4.95,100.0,0.5099999999999998
there,6.27,6.39,100.0,0.1200000000000001
are,6.39,6.42,100.0,0.03000000000000025
many,6.42,6.75,100.0,0.33000000000000007
who,6.75,6.87,100.0,0.1200000000000001
won't,6.87,7.23,100.0,0.3600000000000003
agree,7.23,7.5,100.0,0.2699999999999996
with,7.5,7.62,100.0,0.1200000000000001
every,7.62,7.83,100.0,0.20999999999999996
decision,7.83,8.31,100.0,0.4800000000000004
or,8.31,8.4,100.0,0.08999999999999986
policy,8.4,8.85,100.0,0.4499999999999993
i,8.85,8.97,100.0,0.120000000000001
make,8.97,9.21,100.0,0.2400000000000002
as,9.21,9.33,100.0,0.11999999999999922
president,9.33,9.75,100.0,0.41999999999999993
and,10.65,10.74,100.0,0.08999999999999986
we,10.74,10.83,100.0,0.08999999999999986
know,10.83,11.04,100.0,0.20999999999999908
the,11.04,11.16,100.0,0.120000000000001
government,11.16,11.55,100.0,0.39000000000000057
can't,11.58,11.85,100.0,0.2699999999999996
solve,11.85,12.36,100.0,0.5099999999999998
every,12.36,12.72,100.0,0.3600000000000012
problem,12.72,13.29,100.0,0.5699999999999985
but,14.58,14.76,100.0,0.17999999999999972
i,14.76,14.85,100.0,0.08999999999999986
will,14.85,15.03,100.0,0.17999999999999972
always,15.03,15.57,100.0,0.5400000000000009
be,15.57,15.78,100.0,0.20999999999999908
honest,15.78,16.14,100.0,0.3600000000000012
with,16.14,16.29,100.0,0.14999999999999858
you,16.29,16.38,100.0,0.08999999999999986
about,16.38,16.59,100.0,0.21000000000000085
the,16.59,16.68,100.0,0.08999999999999986
challenges,16.68,17.19,100.0,0.5100000000000016
we,17.19,17.34,100.0,0.14999999999999858
face,17.34,17.91,100.0,0.5700000000000003
i,18.57,18.72,100.0,0.14999999999999858
will,18.72,18.87,100.0,0.15000000000000213
listen,18.87,19.23,100.0,0.35999999999999943
to,19.23,19.38,100.0,0.14999999999999858
you,19.38,19.8,100.0,0.4200000000000017
especially,20.19,21.0,100.0,0.8099999999999987
when,21.33,21.54,100.0,0.21000000000000085
we,21.54,21.69,100.0,0.15000000000000213
disagree,21.69,22.38,100.0,0.6899999999999977
and,23.4,23.52,100.0,0.120000000000001
above,23.52,23.79,100.0,0.2699999999999996
all,23.79,24.12,100.0,0.33000000000000185
i,24.12,24.27,100.0,0.14999999999999858
will,24.27,24.48,100.0,0.21000000000000085
ask,24.48,24.9,100.0,0.41999999999999815
you,24.9,25.05,100.0,0.15000000000000213
to,25.05,25.2,100.0,0.14999999999999858
join,25.23,25.62,100.0,0.39000000000000057
in,25.65,25.8,100.0,0.15000000000000213
the,25.8,25.86,100.0,0.05999999999999872
work,25.86,26.16,100.0,0.3000000000000007
of,26.16,26.31,100.0,0.14999999999999858
remaking,26.31,26.85,100.0,0.5400000000000027
this,26.85,27.03,100.0,0.17999999999999972
nation,27.03,27.51,100.0,0.4800000000000004
the,27.87,28.02,100.0,0.14999999999999858
only,28.02,28.29,100.0,0.2699999999999996
way,28.29,28.53,100.0,0.240000000000002
it's,28.53,28.68,100.0,0.14999999999999858
been,28.68,28.86,100.0,0.17999999999999972
done,28.86,29.07,100.0,0.21000000000000085
in,29.07,29.13,100.0,0.05999999999999872
america,29.13,29.55,100.0,0.4200000000000017
for,29.55,29.73,100.0,0.17999999999999972
two,29.73,29.97,100.0,0.23999999999999844
hundred,29.97,30.3,100.0,0.33000000000000185
and,30.3,30.42,100.0,0.120000000000001
twenty,30.42,30.72,100.0,0.29999999999999716
one,30.72,30.9,100.0,0.17999999999999972
years,30.9,31.29,100.0,0.39000000000000057
block,31.8,32.19,100.0,0.389999999999997
by,32.19,32.37,100.0,0.17999999999999972
block,32.37,32.82,100.0,0.45000000000000284
brick,33.24,33.57,100.0,0.3299999999999983
by,33.57,33.81,100.0,0.240000000000002
brick,33.81,34.14,100.0,0.3299999999999983
calloused,34.59,35.16,100.0,0.5699999999999932
hand,35.16,35.61,100.0,0.45000000000000284
by,35.7,35.88,100.0,0.17999999999999972
calloused,35.88,36.39,100.0,0.509999999999998
hands,36.39,36.75,100.0,0.35999999999999943
what,37.44,37.71,100.0,0.2700000000000031
began,37.71,38.28,100.0,0.5700000000000003
twenty,38.28,38.64,100.0,0.35999999999999943
one,38.64,38.88,100.0,0.240000000000002
months,38.88,39.15,100.0,0.269999999999996
ago,39.15,39.6,100.0,0.45000000000000284
in,40.08,40.29,100.0,0.21000000000000085
the,40.29,40.38,100.0,0.09000000000000341
depths,40.38,40.95,100.0,0.5700000000000003
of,41.07,41.25,100.0,0.17999999999999972
winter,41.25,41.73,100.0,0.4799999999999969
cannot,42.15,42.63,100.0,0.480000000000004
end,42.63,43.11,100.0,0.4799999999999969
on,43.44,43.65,100.0,0.21000000000000085
this,43.65,43.83,100.0,0.17999999999999972
autumn,43.83,44.1,100.0,0.2700000000000031
night,44.1,44.34,100.0,0.240000000000002
this,45.48,45.63,100.0,0.15000000000000568
victory,45.63,45.99,100.0,0.35999999999999943
alone,45.99,46.29,100.0,0.29999999999999716
is,46.29,46.41,100.0,0.11999999999999744
not,46.41,46.62,100.0,0.21000000000000085
the,46.62,46.71,100.0,0.09000000000000341
change,46.71,47.1,100.0,0.39000000000000057
we,47.1,47.28,100.0,0.17999999999999972
seek,47.28,47.7,100.0,0.4200000000000017
it,48.09,48.27,100.0,0.17999999999999972
is,48.27,48.39,100.0,0.11999999999999744
only,48.39,48.72,100.0,0.3299999999999983
the,48.72,48.87,100.0,0.14999999999999858
chance,48.87,49.41,100.0,0.5399999999999991
for,49.41,49.62,100.0,0.21000000000000085
us,49.62,49.83,100.0,0.21000000000000085
to,49.83,49.95,100.0,0.12000000000000455
make,49.95,50.25,100.0,0.29999999999999716
that,50.25,50.49,100.0,0.240000000000002
change,50.49,51.06,100.0,0.5700000000000003
and,51.93,52.08,100.0,0.14999999999999858
that,52.08,52.29,100.0,0.21000000000000085
cannot,52.29,52.62,100.0,0.3299999999999983
happen,52.62,53.01,100.0,0.39000000000000057
if,53.01,53.1,100.0,0.09000000000000341
we,53.1,53.25,100.0,0.14999999999999858
go,53.25,53.43,100.0,0.17999999999999972
back,53.43,53.73,100.0,0.29999999999999716
to,53.73,53.82,100.0,0.09000000000000341
the,53.82,53.94,100.0,0.11999999999999744
way,53.94,54.18,100.0,0.240000000000002
things,54.21,54.51,100.0,0.29999999999999716
were,54.51,54.81,100.0,0.30000000000000426
it,55.53,55.68,100.0,0.14999999999999858
can't,55.68,55.89,100.0,0.21000000000000085
happen,55.89,56.31,100.0,0.4200000000000017
without,56.31,56.67,100.0,0.35999999999999943
you,56.67,56.97,100.0,0.29999999999999716
without,57.42,57.78,100.0,0.35999999999999943
a,57.78,57.84,100.0,0.060000000000002274
new,57.84,57.99,100.0,0.14999999999999858
spirit,57.99,58.44,100.0,0.44999999999999574
of,58.44,58.56,100.0,0.12000000000000455
service,58.56,59.1,100.0,0.5399999999999991
a,59.31,59.4,100.0,0.0899999999999963
new,59.4,59.55,100.0,0.14999999999999858
spirit,59.55,60.18,100.0,0.6300000000000026
of,61.11,61.23,100.0,0.11999999999999744
sacrifice,61.23,62.19,100.0,0.9600000000000009
so,64.02,64.41,100.0,0.39000000000000057
let,64.41,64.59,100.0,0.18000000000000682
us,64.59,64.74,100.0,0.14999999999999147
summon,64.74,65.13,100.0,0.39000000000000057
a,65.16,65.25,100.0,0.09000000000000341
new,65.25,65.4,100.0,0.15000000000000568
spirit,65.4,65.88,100.0,0.47999999999998977
of,66.45,66.54,100.0,0.09000000000000341
patriotism,66.54,67.5,100.0,0.9599999999999937
of,68.34,68.46,100.0,0.11999999999999034
responsibility,68.46,69.45,100.0,0.9900000000000091
where,70.08,70.26,100.0,0.18000000000000682
each,70.26,70.56,100.0,0.29999999999999716
of,70.56,70.74,100.0,0.1799999999999926
us,70.74,70.92,100.0,0.18000000000000682
resolves,70.92,71.46,100.0,0.539999999999992
to,71.46,71.58,100.0,0.12000000000000455
pitch,71.58,71.88,100.0,0.29999999999999716
in,71.88,72.09,100.0,0.21000000000000796
and,72.48,72.63,100.0,0.14999999999999147
work,72.63,72.9,100.0,0.27000000000001023
harder,72.9,73.29,100.0,0.39000000000000057
and,73.29,73.41,100.0,0.11999999999999034
look,73.41,73.86,100.0,0.45000000000000284
after,74.13,74.52,100.0,0.39000000000000057
not,74.52,74.73,100.0,0.21000000000000796
only,74.73,74.97,100.0,0.23999999999999488
ourselves,74.97,75.48,100.0,0.5100000000000051
but,75.51,75.63,100.0,0.11999999999999034
each,75.63,75.78,100.0,0.15000000000000568
other,75.78,76.14,100.0,0.35999999999999943
let,77.19,77.4,100.0,0.21000000000000796
us,77.4,77.55,100.0,0.14999999999999147
remember,77.55,78.0,100.0,0.45000000000000284
that,78.0,78.15,100.0,0.15000000000000568
if,78.15,78.27,100.0,0.11999999999999034
this,78.27,78.48,100.0,0.21000000000000796
financial,78.48,79.05,100.0,0.5699999999999932
crisis,79.05,79.47,100.0,0.4200000000000017
taught,79.47,79.71,100.0,0.23999999999999488
us,79.71,79.83,100.0,0.12000000000000455
anything,79.83,80.25,100.0,0.4200000000000017
it's,80.46,80.67,100.0,0.21000000000000796
that,80.67,80.82,100.0,0.14999999999999147
we,80.82,81.03,100.0,0.21000000000000796
cannot,81.03,81.45,100.0,0.4200000000000017
have,81.45,81.66,100.0,0.20999999999999375
a,81.66,81.78,100.0,0.12000000000000455
thriving,81.78,82.26,100.0,0.480000000000004
wall,82.26,82.56,100.0,0.29999999999999716
street,82.56,82.98,100.0,0.4200000000000017
while,83.31,83.52,100.0,0.20999999999999375
while,83.52,83.73,100.0,0.21000000000000796
main,83.79,84.06,100.0,0.269999999999996
street,84.06,84.36,100.0,0.29999999999999716
suffers,84.36,84.87,100.0,0.5100000000000051
in,85.98,86.16,100.0,0.1799999999999926
this,86.16,86.37,100.0,0.21000000000000796
country,86.37,86.76,100.0,0.39000000000000057
we,86.76,86.94,100.0,0.1799999999999926
rise,86.94,87.36,100.0,0.4200000000000017
or,87.36,87.48,100.0,0.12000000000000455
fall,87.48,87.9,100.0,0.4200000000000017
as,87.9,88.11,100.0,0.20999999999999375
one,88.11,88.35,100.0,0.23999999999999488
nation,88.35,88.74,100.0,0.39000000000000057
as,89.46,89.76,100.0,0.30000000000001137
one,89.76,90.0,100.0,0.23999999999999488
people,90.0,90.45,100.0,0.45000000000000284
let's,92.07,92.28,100.0,0.21000000000000796
resist,92.28,92.73,100.0,0.45000000000000284
the,92.76,92.85,100.0,0.0899999999999892
temptation,92.85,93.48,100.0,0.6300000000000097
to,93.48,93.54,100.0,0.060000000000002274
fall,93.54,93.87,100.0,0.3299999999999983
back,93.87,94.23,100.0,0.35999999999999943
on,94.23,94.38,100.0,0.14999999999999147
the,94.38,94.47,100.0,0.09000000000000341
same,94.47,94.95,100.0,0.480000000000004
partisanship,95.19,96.03,100.0,0.8400000000000034
and,96.03,96.12,100.0,0.09000000000000341
pettiness,96.12,96.75,100.0,0.6299999999999955
and,97.2,97.35,100.0,0.14999999999999147
immaturity,97.35,98.04,100.0,0.6900000000000119
that,98.04,98.25,100.0,0.20999999999999375
as,98.25,98.43,100.0,0.18000000000000682
poisoned,98.43,98.91,91.3115,0.47999999999998977
our,98.91,99.03,100.0,0.12000000000000455
politics,99.03,99.6,100.0,0.5699999999999932
for,99.6,99.72,100.0,0.12000000000000455
so,99.72,99.99,100.0,0.269999999999996
long,99.99,100.41,100.0,0.4200000000000017
let's,101.52,101.7,100.0,0.18000000000000682
remember,101.7,102.21,100.0,0.5099999999999909
that,102.21,102.42,100.0,0.21000000000000796
it,102.42,102.48,100.0,0.060000000000002274
was,102.48,102.66,100.0,0.1799999999999926
a,102.66,102.69,100.0,0.030000000000001137
man,102.69,103.05,100.0,0.35999999999999943
from,103.05,103.29,100.0,0.2400000000000091
this,103.29,103.5,100.0,0.20999999999999375
state,103.5,104.01,100.0,0.5100000000000051
who,104.4,104.55,100.0,0.14999999999999147
first,104.55,104.91,100.0,0.35999999999999943
carry,104.94,105.3,100.0,0.35999999999999943
the,105.3,105.45,100.0,0.15000000000000568
banner,105.45,105.9,100.0,0.45000000000000284
of,105.9,106.05,100.0,0.14999999999999147
the,106.05,106.11,100.0,0.060000000000002274
republican,106.11,106.62,100.0,0.5100000000000051
party,106.62,106.95,100.0,0.3299999999999983
in,106.95,107.006096,51.561299999999996,0.05609599999999659
the,107.006096,107.07,100.0,0.06390399999999374
white,107.07,107.31,100.0,0.2400000000000091
house,107.31,107.73,100.0,0.4200000000000017
a,108.36,108.45,100.0,0.09000000000000341
party,108.45,108.78,100.0,0.3299999999999983
founded,108.81,109.26,100.0,0.45000000000000284
on,109.26,109.38,100.0,0.11999999999999034
the,109.38,109.47,100.0,0.09000000000000341
values,109.47,109.92,100.0,0.45000000000000284
of,109.92,110.04,100.0,0.12000000000000455
self,110.04,110.31,100.0,0.269999999999996
reliance,110.31,111.0,100.0,0.6899999999999977
and,111.27,111.42,100.0,0.15000000000000568
individual,111.42,111.99,100.0,0.5699999999999932
liberty,111.99,112.47,100.0,0.480000000000004
and,112.59,112.74,100.0,0.14999999999999147
national,112.74,113.22,100.0,0.480000000000004
unity,113.22,113.67,100.0,0.45000000000000284
those,114.42,114.69,100.0,0.269999999999996
are,114.69,114.78,100.0,0.09000000000000341
values,114.78156,115.32,100.0,0.5384399999999943
that,115.41,115.59,100.0,0.18000000000000682
we,115.59,115.77,100.0,0.1799999999999926
all,115.77,116.01,100.0,0.2400000000000091
share,116.01,116.46,100.0,0.44999999999998863
and,117.0,117.085891,78.4756,0.08589100000000371
while,117.085891,117.27,100.0,0.1841089999999923
the,117.27,117.36,100.0,0.09000000000000341
democratic,117.36,117.84,100.0,0.480000000000004
party,117.84,118.14,100.0,0.29999999999999716
has,118.14,118.29,100.0,0.15000000000000568
won,118.29,118.5,100.0,0.20999999999999375
a,118.5,118.62,100.0,0.12000000000000455
great,118.62,118.92,100.0,0.29999999999999716
victory,118.92,119.31,100.0,0.39000000000000057
tonight,119.31,119.73,100.0,0.4200000000000017
we,119.85,120.06,100.0,0.21000000000000796
do,120.06,120.3,100.0,0.23999999999999488
so,120.3,120.6,100.0,0.29999999999999716
with,120.6,120.78,100.0,0.18000000000000682
a,120.78,120.87,100.0,0.09000000000000341
measure,120.87,121.35,100.0,0.47999999999998977
of,121.35,121.56,100.0,0.21000000000000796
you,121.56,121.68,100.0,0.12000000000000455
humility,121.68,122.22,66.9688,0.539999999999992
and,123.3,123.51,100.0,0.21000000000000796
determination,123.51,124.23,100.0,0.7199999999999989
to,124.23,124.32,100.0,0.0899999999999892
heal,124.32,124.71,100.0,0.39000000000000057
the,124.71,124.83,100.0,0.12000000000000455
divides,124.83,125.43,100.0,0.6000000000000085
that,125.7,125.85,100.0,0.14999999999999147
have,125.85,125.91,100.0,0.060000000000002274
held,125.91,126.15,100.0,0.2400000000000091
back,126.15,126.51,100.0,0.35999999999999943
our,126.51,126.69,100.0,0.1799999999999926
progress,126.69,127.41,100.0,0.7199999999999989
as,128.64,135.27,100.0,6.630000000000024
lincoln,135.27,135.72,100.0,0.44999999999998863
said,135.72,136.08,100.0,0.36000000000001364
to,136.11,136.26,100.0,0.14999999999997726
a,136.26,136.32,100.0,0.060000000000002274
nation,136.32,136.8,100.0,0.4800000000000182
far,136.8,137.1,100.0,0.29999999999998295
more,137.1,137.34,100.0,0.2400000000000091
divided,137.34,137.82,100.0,0.47999999999998977
than,137.82,137.94,100.0,0.12000000000000455
ours,137.94,138.33,100.0,0.3900000000000148
we,139.38,139.62,100.0,0.2400000000000091
are,139.62,139.77,100.0,0.15000000000000568
not,139.77,140.04,100.0,0.2699999999999818
enemies,140.04,140.67,100.0,0.6299999999999955
but,140.76,140.94,100.0,0.18000000000000682
friends,140.94,141.66,100.0,0.7199999999999989
though,142.47,142.62,100.0,0.15000000000000568
passion,142.62,143.22,100.0,0.5999999999999943
may,143.22,143.4,100.0,0.18000000000000682
have,143.4,143.52,100.0,0.12000000000000455
strained,143.52,144.24,100.0,0.7199999999999989
it,144.69,144.87,100.0,0.18000000000000682
must,144.87,145.08,100.0,0.21000000000000796
not,145.08,145.35,100.0,0.2699999999999818
break,145.35,145.92,100.0,0.5699999999999932
our,146.07,146.25,100.0,0.18000000000000682
bonds,146.25,146.67,100.0,0.4199999999999875
of,146.67,146.79,100.0,0.12000000000000455
affection,146.79,147.33,100.0,0.5400000000000205
and,148.77,148.89,88.5261,0.11999999999997613
to,148.89,148.98,88.5261,0.09000000000000341
those,148.98,149.25,100.0,0.27000000000001023
americans,149.25,149.85,100.0,0.5999999999999943
who,149.85,150.24,100.0,0.3900000000000148
whose,150.84,151.078374,91.82169999999999,0.2383739999999932
support,151.078374,151.56,100.0,0.48162600000000566
i,151.56,151.68,100.0,0.12000000000000455
have,151.68,151.89,100.0,0.20999999999997954
yet,151.89,152.089277,100.0,0.19927700000002346
to,152.094639,152.191494,100.0,0.09685500000000502
earn,152.191494,152.55,82.126,0.35850600000000554
i,153.69,153.81,100.0,0.12000000000000455
may,153.81,153.99,100.0,0.18000000000000682
not,153.99,154.2,100.0,0.20999999999997954
have,154.2,154.44,100.0,0.2400000000000091
won,154.44,154.68,100.0,0.2400000000000091
your,154.68,154.89,100.0,0.20999999999997954
vote,154.89,155.19,100.0,0.30000000000001137
tonight,155.19,155.52,100.0,0.3300000000000125
but,156.51,156.69,100.0,0.18000000000000682
i,156.69,156.78,100.0,0.09000000000000341
hear,156.78,157.14,100.0,0.3599999999999852
your,157.14,157.38,100.0,0.2400000000000091
voices,157.38,157.98,100.0,0.5999999999999943
i,158.7,158.85,100.0,0.15000000000000568
need,158.85,159.12,100.0,0.27000000000001023
your,159.12,159.33,100.0,0.21000000000000796
help,159.33,159.6,100.0,0.2699999999999818
and,160.41,160.56,100.0,0.15000000000000568
i,160.56,160.71,100.0,0.15000000000000568
will,160.71,160.95,100.0,0.23999999999998067
be,160.95,161.34,100.0,0.3900000000000148
your,161.34,161.64,100.0,0.29999999999998295
president,161.64,162.27,100.0,0.6300000000000239
too,162.27,162.75,100.0,0.47999999999998977
and,163.92,171.33,100.0,7.410000000000025
all,171.33,171.54,100.0,0.20999999999997954
those,171.54,171.81,100.0,0.27000000000001023
watching,171.81,172.17,100.0,0.3599999999999852
tonight,172.17,172.56,100.0,0.3900000000000148
from,172.59,172.77,100.0,0.18000000000000682
beyond,172.77,173.07,100.0,0.29999999999998295
our,173.07,173.19,100.0,0.12000000000000455
shores,173.19,173.76,100.0,0.5699999999999932
from,174.72,174.87,100.0,0.15000000000000568
parliaments,174.87,175.56,100.0,0.6899999999999977
and,175.56,175.65,100.0,0.09000000000000341
palaces,175.65,176.58,100.0,0.9300000000000068
to,177.09,177.21,100.0,0.12000000000000455
those,177.21,177.6,100.0,0.38999999999998636
who,177.6,177.69,100.0,0.09000000000000341
are,177.69,177.78,100.0,0.09000000000000341
huddled,177.78,178.14,100.0,0.3599999999999852
around,178.14,178.41,100.0,0.27000000000001023
radios,178.41,178.92,100.0,0.5099999999999909
in,178.92,179.01,100.0,0.09000000000000341
the,179.01,179.07,100.0,0.060000000000002274
forgotten,179.07,179.55,100.0,0.4800000000000182
corners,179.55,179.97,100.0,0.4199999999999875
of,179.97,180.06,100.0,0.09000000000000341
the,180.06,180.15,100.0,0.09000000000000341
world,180.15,180.72,100.0,0.5699999999999932
our,181.74,181.89,100.0,0.14999999999997726
stories,181.89,182.37,100.0,0.4800000000000182
are,182.37,182.46,100.0,0.09000000000000341
singular,182.46,183.03,100.0,0.5699999999999932
but,183.03,183.18,100.0,0.15000000000000568
our,183.18,183.3,100.0,0.12000000000000455
destiny,183.3,183.9,100.0,0.5999999999999943
is,183.9,184.08,100.0,0.18000000000000682
share,184.11,184.44,61.7237,0.3299999999999841
in,185.31,185.4,88.4876,0.09000000000000341
a,185.4,185.46,100.0,0.060000000000002274
new,185.46,185.61,100.0,0.15000000000000568
dawn,185.61,185.97,100.0,0.3599999999999852
of,185.97,186.06,100.0,0.09000000000000341
american,186.06,186.48,100.0,0.4199999999999875
leadership,186.48,187.05,100.0,0.5700000000000216
is,187.05,187.17,100.0,0.11999999999997613
at,187.17,187.29,100.0,0.12000000000000455
hand,187.29,187.59,100.0,0.30000000000001137
add,188.16,193.41,26.5241,5.25
to,193.47,193.62,77.0459,0.15000000000000568
those,193.62,194.46,100.0,0.8400000000000034
to,195.63,195.75,100.0,0.12000000000000455
those,195.75,196.08,100.0,0.3300000000000125
who,196.08,196.2,100.0,0.11999999999997613
would,196.2,196.35,100.0,0.15000000000000568
tear,196.35,196.95,100.0,0.5999999999999943
the,197.01,197.13,100.0,0.12000000000000455
world,197.13,197.52,100.0,0.3900000000000148
down,197.52,198.0,100.0,0.47999999999998977
we,198.75,198.99,100.0,0.2400000000000091
will,198.99,199.17,100.0,0.1799999999999784
defeat,199.17,199.65,100.0,0.4800000000000182
you,199.65,200.28,100.0,0.6299999999999955
to,201.9,202.02,100.0,0.12000000000000455
those,202.02,202.47,100.0,0.44999999999998863
who,202.47,202.62,100.0,0.15000000000000568
seek,202.62,203.04,100.0,0.4199999999999875
peace,203.04,203.46,100.0,0.4200000000000159
and,203.46,203.76,100.0,0.29999999999998295
security,203.76,204.48,100.0,0.7199999999999989
we,204.66,205.11,100.0,0.45000000000001705
support,205.17,205.74,100.0,0.5700000000000216
you,205.74,206.07,100.0,0.3299999999999841
and,207.12,207.63,100.0,0.5099999999999909
all,207.63,207.99,100.0,0.36000000000001364
those,207.99,208.35,100.0,0.3599999999999852
who,208.35,208.5,100.0,0.15000000000000568
have,208.5,208.68,100.0,0.18000000000000682
wondered,208.68,209.07,100.0,0.38999999999998636
if,209.07,209.25,100.0,0.18000000000000682
america's,209.25,209.82,100.0,0.5699999999999932
beacon,209.82,210.36,100.0,0.5400000000000205
still,210.54,210.96,100.0,0.4200000000000159
burns,210.96,211.38,100.0,0.4199999999999875
as,211.38,211.65,100.0,0.27000000000001023
bright,211.65,212.04,100.0,0.38999999999998636
tonight,212.28,212.76,100.0,0.47999999999998977
we,212.76,212.94,100.0,0.18000000000000682
proved,212.94,213.42,100.0,0.47999999999998977
once,213.42,213.75,100.0,0.3300000000000125
more,213.75,214.14,100.0,0.38999999999998636
that,214.29,214.47,100.0,0.18000000000000682
the,214.47,214.59,100.0,0.12000000000000455
true,214.59,214.86,100.0,0.27000000000001023
strength,214.86,215.31,100.0,0.44999999999998863
of,215.31,215.43,100.0,0.12000000000000455
our,215.43,215.58,100.0,0.15000000000000568
nation,215.58,216.03,100.0,0.44999999999998863
comes,216.21,216.54,100.0,0.3299999999999841
not,216.54,216.81,100.0,0.27000000000001023
from,216.81,216.99,100.0,0.18000000000000682
the,216.99,217.08,100.0,0.09000000000000341
might,217.08,217.35,100.0,0.2699999999999818
of,217.35,217.44,100.0,0.09000000000000341
our,217.44,217.62,100.0,0.18000000000000682
arms,217.62,218.07,100.0,0.44999999999998863
or,218.07,218.19,100.0,0.12000000000000455
the,218.19,218.31,100.0,0.12000000000000455
scale,218.31,218.7,100.0,0.38999999999998636
of,218.7,218.79,100.0,0.09000000000000341
our,218.79,218.94,100.0,0.15000000000000568
wealth,218.94,219.39,100.0,0.44999999999998863
but,219.48,219.63,100.0,0.15000000000000568
from,219.63,219.84,100.0,0.21000000000000796
the,219.84,219.93,100.0,0.09000000000000341
enduring,219.93,220.41,100.0,0.47999999999998977
power,220.41,220.86,100.0,0.45000000000001705
of,220.86,221.01,100.0,0.14999999999997726
ideals,221.01,221.88,100.0,0.8700000000000045
democracy,222.12,223.05,100.0,0.9300000000000068
liberty,223.23,223.86,100.0,0.6300000000000239
opportunity,224.04,225.12,100.0,1.0800000000000125
and,225.24,225.45,100.0,0.20999999999997954
unyielding,225.45,226.05,100.0,0.6000000000000227
hope,226.05,226.41,100.0,0.3599999999999852
that,227.28,237.87,72.1211,10.590000000000003
is,237.87,237.96,72.1211,0.09000000000000341
the,237.96,238.11,100.0,0.15000000000000568
true,238.11,238.35,100.0,0.23999999999998067
genius,238.35,238.77,100.0,0.4200000000000159
of,238.77,238.89,100.0,0.11999999999997613
america,238.89,239.37,100.0,0.4800000000000182
that,240.54,240.72,100.0,0.18000000000000682
america,240.72,241.26,100.0,0.539999999999992
can,241.29,241.47,100.0,0.18000000000000682
change,241.47,242.19,100.0,0.7199999999999989
our,243.63,243.84,100.0,0.21000000000000796
union,243.84,244.44,100.0,0.5999999999999943
can,244.68,245.19,100.0,0.5099999999999909
be,245.31,245.58,100.0,0.27000000000001023
perfect,245.58,246.15,100.0,0.5699999999999932
what,247.41,247.62,100.0,0.21000000000000796
we've,247.62,247.8,100.0,0.18000000000000682
already,247.8,248.1,100.0,0.29999999999998295
achieved,248.1,248.61,100.0,0.5100000000000193
gives,248.61,248.85,100.0,0.23999999999998067
us,248.85,249.03,100.0,0.18000000000000682
hope,249.03,249.39,100.0,0.3599999999999852
for,249.69,249.84,100.0,0.15000000000000568
what,249.84,250.02,100.0,0.18000000000000682
we,250.02,250.17,100.0,0.14999999999997726
can,250.17,250.47,100.0,0.30000000000001137
and,250.47,250.56,100.0,0.09000000000000341
must,250.56,250.8,100.0,0.2400000000000091
achieve,250.8,251.07,100.0,0.2699999999999818
tomorrow,251.07,251.61,100.0,0.5400000000000205
this,253.08,253.26,100.0,0.1799999999999784
election,253.26,253.68,100.0,0.4200000000000159
had,253.68,253.86,100.0,0.18000000000000682
many,253.86,254.07,100.0,0.20999999999997954
firsts,254.07,254.7,100.0,0.6299999999999955
and,254.97,255.09,100.0,0.12000000000000455
many,255.09,255.3,100.0,0.21000000000000796
stories,255.3,255.810439,100.0,0.510438999999991
that,255.810439,255.898799,90.3891,0.08835999999999444
will,255.898799,256.02,100.0,0.12120099999998502
be,256.02,256.14,100.0,0.12000000000000455
told,256.14,256.44,100.0,0.30000000000001137
for,256.47,256.56,100.0,0.08999999999997499
generations,256.56,257.19,100.0,0.6299999999999955
but,257.19,257.49,100.0,0.30000000000001137
one,257.88,258.12,100.0,0.2400000000000091
that's,258.12,258.27,100.0,0.14999999999997726
on,258.27,258.45,100.0,0.18000000000000682
my,258.45,258.57,100.0,0.12000000000000455
mind,258.57,258.84,100.0,0.2699999999999818
tonight,258.84,259.17,70.8026,0.3300000000000409
is,259.17,259.23,70.8026,0.060000000000002274
about,259.23,259.44,100.0,0.20999999999997954
a,259.44,259.5,100.0,0.060000000000002274
woman,259.5,259.92,100.0,0.4200000000000159
who,260.49,260.61,100.0,0.12000000000000455
cast,260.61,261.06,100.0,0.44999999999998863
her,261.18,261.3,100.0,0.12000000000000455
ballot,261.3,261.72,100.0,0.4200000000000159
in,261.75,261.87,100.0,0.12000000000000455
atlanta,261.87,262.38,100.0,0.5099999999999909
she,263.82,264.06,88.1395,0.2400000000000091
is,264.06,264.15,88.1395,0.08999999999997499
a,264.15,264.21,100.0,0.060000000000002274
lot,264.21,264.45,100.0,0.2400000000000091
like,264.45,264.69,100.0,0.2400000000000091
the,264.69,264.78,100.0,0.08999999999997499
millions,264.78,265.23,100.0,0.4500000000000455
of,265.23,265.32,100.0,0.08999999999997499
others,265.32,265.62,100.0,0.30000000000001137
who,265.62,265.71,100.0,0.08999999999997499
stood,265.71,265.98,100.0,0.27000000000003865
in,265.98,266.04,100.0,0.060000000000002274
line,266.04,266.43,100.0,0.38999999999998636
to,266.46,266.58,100.0,0.12000000000000455
make,266.58,266.79,100.0,0.21000000000003638
their,266.79,266.91,100.0,0.12000000000000455
voice,266.91,267.27,100.0,0.3599999999999568
heard,267.27,267.57,100.0,0.30000000000001137
in,267.57,267.66,100.0,0.09000000000003183
this,267.66,267.84,100.0,0.17999999999994998
election,267.84,268.29,100.0,0.4500000000000455
except,268.65,269.01,100.0,0.36000000000001364
for,269.01,269.1,100.0,0.09000000000003183
one,269.1,269.34,100.0,0.23999999999995225
thing,269.34,269.73,100.0,0.3900000000000432
and,270.15,270.48,100.0,0.3300000000000409
nixon,270.48,270.84,100.0,0.3599999999999568
cooper,270.84,271.26,100.0,0.4200000000000159
is,271.26,271.38,100.0,0.12000000000000455
one,271.38,271.47,100.0,0.09000000000003183
hundred,271.47,271.71,100.0,0.23999999999995225
and,271.71,271.77,100.0,0.060000000000002274
six,271.77,272.07,100.0,0.30000000000001137
years,272.07,272.31,100.0,0.2400000000000091
old,272.31,272.58,100.0,0.2699999999999818
as,273.6,275.61,55.184999999999995,2.009999999999991
she,275.67,275.85,100.0,0.18000000000000682
was,275.85,276.0,100.0,0.14999999999997726
born,276.0,276.42,100.0,0.4200000000000159
just,276.42,276.63,100.0,0.20999999999997954
a,276.63,276.69,100.0,0.060000000000002274
generation,276.69,277.29,100.0,0.6000000000000227
past,277.29,277.59,100.0,0.2999999999999545
slavery,277.59,278.07,100.0,0.4800000000000182
a,279.12,279.18,50.369200000000006,0.060000000000002274
time,279.194883,279.6,100.0,0.4051170000000184
when,279.6,279.75,100.0,0.14999999999997726
there,279.75,279.84,100.0,0.08999999999997499
were,279.84,279.99,100.0,0.1500000000000341
no,279.99,280.17,100.0,0.18000000000000682
cars,280.17,280.59,100.0,0.4199999999999591
on,280.59,280.74,100.0,0.1500000000000341
the,280.74,280.8,100.0,0.060000000000002274
road,280.8,281.1,100.0,0.30000000000001137
or,281.1,281.19,100.0,0.08999999999997499
planes,281.19,281.67,100.0,0.4800000000000182
in,281.67,281.76,100.0,0.08999999999997499
the,281.76,281.82,100.0,0.060000000000002274
sky,281.82,282.24,100.0,0.4200000000000159
when,283.44,283.59,100.0,0.14999999999997726
someone,283.59,283.92,100.0,0.3300000000000409
like,283.92,284.16,100.0,0.2400000000000091
her,284.16,284.37,100.0,0.20999999999997954
couldn't,284.37,284.7,100.0,0.3299999999999841
vote,284.7,284.94,100.0,0.2400000000000091
for,284.94,285.06,100.0,0.12000000000000455
two,285.06,285.27,100.0,0.20999999999997954
reasons,285.27,285.63,100.0,0.36000000000001364
because,285.63,286.05,100.0,0.4200000000000159
she,286.05,286.17,100.0,0.12000000000000455
was,286.17,286.29,100.0,0.12000000000000455
a,286.29,286.35,100.0,0.060000000000002274
woman,286.35,286.77,100.0,0.4199999999999591
and,287.58,287.79,100.0,0.21000000000003638
because,287.79,288.3,100.0,0.5099999999999909
of,288.3,288.39,100.0,0.08999999999997499
the,288.39,288.48,100.0,0.09000000000003183
color,288.48,288.75,100.0,0.2699999999999818
of,288.75,288.87,100.0,0.12000000000000455
her,288.87,288.959971,95.7465,0.08997099999999136
skin,288.959971,289.41,100.0,0.4500290000000291
and,290.85,290.97,100.0,0.12000000000000455
tonight,290.97,291.48,100.0,0.5099999999999909
i,292.2,292.35,100.0,0.1500000000000341
think,292.35,292.62,100.0,0.2699999999999818
about,292.62,292.86,100.0,0.2400000000000091
all,292.86,293.19,100.0,0.3299999999999841
that,293.19,293.37,100.0,0.18000000000000682
she's,293.37,293.67,100.0,0.30000000000001137
seen,293.67,294.18,100.0,0.5099999999999909
throughout,294.6,294.99,100.0,0.38999999999998636
her,294.99,295.08,100.0,0.08999999999997499
century,295.08,295.56,100.0,0.4800000000000182
in,295.56,295.65,100.0,0.08999999999997499
america,295.65,296.1,100.0,0.4500000000000455
the,297.09,297.21,100.0,0.12000000000000455
heartache,297.21,297.63,100.0,0.4200000000000159
and,297.87,298.02,100.0,0.14999999999997726
the,298.02,298.11,100.0,0.09000000000003183
hope,298.11,298.5,100.0,0.38999999999998636
the,299.13,299.28,100.0,0.14999999999997726
struggle,299.28,299.97,100.0,0.6900000000000546
and,299.97,300.18,100.0,0.20999999999997954
the,300.18,300.24,100.0,0.060000000000002274
progress,300.24,300.9,100.0,0.6599999999999682
the,301.68,301.83,100.0,0.14999999999997726
times,301.83,302.25,100.0,0.4200000000000159
we,302.25,302.4,100.0,0.14999999999997726
were,302.4,302.52,100.0,0.12000000000000455
told,302.52,302.91,100.0,0.3900000000000432
that,302.91,303.0,100.0,0.08999999999997499
we,303.0,303.15,100.0,0.14999999999997726
can't,303.15,303.63,100.0,0.4800000000000182
and,304.65,304.77,100.0,0.12000000000000455
the,304.77,304.86,100.0,0.09000000000003183
people,304.86,305.19,100.0,0.3299999999999841
who,305.19,305.28,100.0,0.08999999999997499
pressed,305.28,305.7,100.0,0.4200000000000159
on,305.7,306.12,100.0,0.4200000000000159
with,306.21,306.48,100.0,0.27000000000003865
that,306.48,306.81,100.0,0.3299999999999841
american,306.9,307.5,100.0,0.6000000000000227
creed,307.5,307.95,100.0,0.44999999999998863
yes,308.25,308.52,100.0,0.2699999999999818
we,308.52,308.67,100.0,0.1500000000000341
can,308.67,309.12,100.0,0.44999999999998863
at,310.32,310.98,100.0,0.660000000000025
a,310.98,311.04,100.0,0.060000000000002274
time,311.04,311.49,100.0,0.44999999999998863
when,311.49,311.64,100.0,0.14999999999997726
women's,311.64,311.97,100.0,0.3300000000000409
voices,311.97,312.36,100.0,0.38999999999998636
were,312.36,312.51,100.0,0.14999999999997726
silenced,312.51,313.14,100.0,0.6299999999999955
and,313.14,313.32,100.0,0.18000000000000682
their,313.32,313.41,100.0,0.09000000000003183
hopes,313.41,313.77,100.0,0.3599999999999568
dismissed,313.77,314.4,100.0,0.6299999999999955
she,314.64,314.88,100.0,0.2400000000000091
lived,314.88,315.18,100.0,0.30000000000001137
to,315.18,315.27,100.0,0.08999999999997499
see,315.27,315.72,100.0,0.4500000000000455
them,315.72,315.96,100.0,0.23999999999995225
stand,315.96,316.41,100.0,0.4500000000000455
up,316.41,316.56,100.0,0.14999999999997726
and,316.56,316.65,100.0,0.08999999999997499
speak,316.65,317.07,100.0,0.4200000000000159
out,317.07,317.28,100.0,0.20999999999997954
and,317.28,317.37,100.0,0.09000000000003183
reach,317.37,317.85,100.0,0.4800000000000182
for,317.88,318.03,100.0,0.14999999999997726
the,318.03,318.12,100.0,0.09000000000003183
bell,318.12,318.6,100.0,0.4800000000000182
yes,318.93,319.2,100.0,0.2699999999999818
we,319.2,319.35,100.0,0.1500000000000341
can,319.35,319.65,100.0,0.2999999999999545
when,320.88,321.24,100.0,0.36000000000001364
there,321.24,321.33,100.0,0.08999999999997499
was,321.33,321.51,100.0,0.18000000000000682
despair,321.51,322.08,100.0,0.5699999999999932
in,322.08,322.17,100.0,0.09000000000003183
the,322.17,322.26,100.0,0.08999999999997499
dust,322.26,322.59,100.0,0.3299999999999841
bowl,322.59,322.98,100.0,0.3900000000000432
and,322.98,323.22,100.0,0.2400000000000091
depression,323.94,324.48,100.0,0.5400000000000205
across,324.48,324.84,100.0,0.3599999999999568
the,324.87,324.96,100.0,0.08999999999997499
land,324.96,325.38,100.0,0.4200000000000159
she,325.98,326.13,100.0,0.14999999999997726
saw,326.13,326.37,100.0,0.2400000000000091
a,326.37,326.43,100.0,0.060000000000002274
nation,326.46,326.85,100.0,0.3900000000000432
conquer,326.85,327.3,100.0,0.44999999999998863
fear,327.3,327.6,100.0,0.30000000000001137
itself,327.6,328.05,100.0,0.44999999999998863
with,328.05,328.17,100.0,0.12000000000000455
a,328.17,328.23,100.0,0.060000000000002274
new,328.23,328.41,100.0,0.18000000000000682
deal,328.41,328.8,100.0,0.38999999999998636
new,329.1,329.28,100.0,0.17999999999994998
jobs,329.28,329.97,100.0,0.6900000000000546
a,330.63,330.69,100.0,0.060000000000002274
new,330.69,330.84,100.0,0.14999999999997726
sense,330.84,331.26,100.0,0.4200000000000159
of,331.26,331.35,100.0,0.09000000000003183
common,331.35,331.71,100.0,0.3599999999999568
purpose,331.71,332.43,100.0,0.7200000000000273
yes,332.82,333.06,100.0,0.2400000000000091
we,333.06,333.24,100.0,0.18000000000000682
can,333.24,333.72,100.0,0.4800000000000182
when,334.8,335.7,100.0,0.8999999999999773
the,335.7,335.76,100.0,0.060000000000002274
bombs,335.76,336.27,100.0,0.5099999999999909
fell,336.27,336.66,100.0,0.3900000000000432
on,336.69,336.87,100.0,0.18000000000000682
our,336.87,337.02,100.0,0.14999999999997726
harbor,337.02,337.74,100.0,0.7200000000000273
and,338.61,338.76,100.0,0.14999999999997726
tyranny,338.76,339.18,100.0,0.4200000000000159
threatened,339.18,339.57,100.0,0.38999999999998636
the,339.57,339.66,100.0,0.09000000000003183
world,339.66,340.17,100.0,0.5099999999999909
she,340.17,340.35,100.0,0.18000000000000682
was,340.35,340.5,100.0,0.14999999999997726
there,340.5,340.68,100.0,0.18000000000000682
to,340.68,340.77,100.0,0.08999999999997499
witness,340.77,341.19,100.0,0.4200000000000159
a,341.19,341.25,100.0,0.060000000000002274
generation,341.25,341.85,100.0,0.6000000000000227
rise,341.85,342.24,100.0,0.38999999999998636
to,342.24,342.36,100.0,0.12000000000000455
greatness,342.36,342.99,100.0,0.6299999999999955
and,343.53,343.62,100.0,0.09000000000003183
a,343.62,343.68,100.0,0.060000000000002274
democracy,343.68,344.37,100.0,0.6899999999999977
was,344.37,344.52,100.0,0.14999999999997726
saved,344.52,345.0,100.0,0.4800000000000182
yes,345.54,345.78,100.0,0.23999999999995225
we,345.78,345.93,100.0,0.1500000000000341
can,345.93,346.29,100.0,0.36000000000001364
she,348.63,348.78,100.0,0.14999999999997726
was,348.78,348.9,100.0,0.12000000000000455
there,348.9,349.17,100.0,0.27000000000003865
for,349.17,349.29,100.0,0.12000000000000455
the,349.29,349.38,100.0,0.08999999999997499
buses,349.38,349.8,100.0,0.4200000000000159
in,349.8,349.89,100.0,0.08999999999997499
montgomery,349.89,350.46,100.0,0.5699999999999932
the,351.21,351.33,100.0,0.12000000000000455
hoses,351.33,351.78,100.0,0.44999999999998863
in,351.78,351.9,100.0,0.12000000000000455
birmingham,351.9,352.62,100.0,0.7200000000000273
a,352.62,352.68,100.0,0.060000000000002274
bridge,352.68,353.13,100.0,0.44999999999998863
in,353.13,353.31,100.0,0.18000000000000682
selma,353.31,354.06,100.0,0.75
and,354.24,354.39,100.0,0.14999999999997726
a,354.39,354.45,100.0,0.060000000000002274
preacher,354.45,354.9,100.0,0.44999999999998863
from,354.9,355.11,100.0,0.21000000000003638
atlanta,355.11,355.59,100.0,0.47999999999996135
who,355.59,355.71,100.0,0.12000000000000455
told,355.71,356.28,100.0,0.5699999999999932
the,356.28,356.31,74.18599999999999,0.03000000000002956
people,356.34,356.73,100.0,0.3900000000000432
that,356.73,357.12,100.0,0.38999999999998636
we,357.24,357.48,100.0,0.2400000000000091
shall,357.48,357.93,100.0,0.44999999999998863
overcome,357.93,358.62,100.0,0.6899999999999977
yes,358.8,359.13,100.0,0.3299999999999841
we,359.13,359.31,100.0,0.18000000000000682
can,359.31,359.79,100.0,0.4800000000000182
i,360.96,362.67,74.20259999999999,1.7100000000000364
man,362.67,363.03,66.4124,0.3599999999999568
touched,363.03,363.258809,43.0533,0.22880900000001247
touchdown,363.258809,363.75,56.94669999999999,0.4911910000000148
on,363.75,363.96,100.0,0.20999999999997954
the,363.96,364.05,100.0,0.09000000000003183
moon,364.05,364.5,100.0,0.44999999999998863
a,365.4,365.49,100.0,0.09000000000003183
wall,365.49,365.88,100.0,0.38999999999998636
came,365.88,366.33,100.0,0.44999999999998863
down,366.33,366.75,100.0,0.4200000000000159
in,366.75,366.93,100.0,0.18000000000000682
berlin,366.93,367.44,100.0,0.5099999999999909
a,368.37,368.49,100.0,0.12000000000000455
world,368.49,368.94,100.0,0.44999999999998863
was,368.94,369.15,100.0,0.20999999999997954
connected,369.15,369.69,100.0,0.5400000000000205
by,369.72,369.96,100.0,0.23999999999995225
our,369.96,370.08,100.0,0.12000000000000455
own,370.08,370.26,100.0,0.18000000000000682
science,370.26,370.8,100.0,0.5400000000000205
and,370.8,370.89,100.0,0.08999999999997499
imagination,370.89,371.67,100.0,0.7800000000000296
and,372.9,373.05,100.0,0.1500000000000341
this,373.05,373.29,100.0,0.2400000000000091
year,373.29,373.77,100.0,0.47999999999996135
in,374.16,374.31,100.0,0.14999999999997726
this,374.31,374.52,100.0,0.20999999999997954
election,374.52,374.97,100.0,0.4500000000000455
she,375.84,376.02,100.0,0.18000000000000682
touched,376.02,376.38,100.0,0.36000000000001364
her,376.38,376.47,100.0,0.09000000000003183
finger,376.47,376.89,100.0,0.4199999999999591
to,376.89,377.07,100.0,0.18000000000000682
a,377.07,377.13,100.0,0.060000000000002274
screen,377.13,377.55,100.0,0.4200000000000159
and,378.6,378.78,100.0,0.17999999999994998
cast,378.78,379.17,100.0,0.3900000000000432
her,379.17,379.29,100.0,0.12000000000000455
vote,379.29,379.53,100.0,0.23999999999995225
because,380.55,381.0,100.0,0.44999999999998863
after,381.0,381.3,100.0,0.30000000000001137
one,381.3,381.39,100.0,0.08999999999997499
hundred,381.39,381.66,100.0,0.27000000000003865
and,381.66,381.72,100.0,0.060000000000002274
six,381.72,382.08,100.0,0.3599999999999568
years,382.08,382.53,100.0,0.44999999999998863
in,382.53,382.62,100.0,0.09000000000003183
america,382.62,383.16,100.0,0.5400000000000205
through,383.94,384.18,100.0,0.2400000000000091
the,384.18,384.3,100.0,0.12000000000000455
best,384.3,384.63,100.0,0.3299999999999841
of,384.63,384.72,100.0,0.09000000000003183
times,384.72,385.29,100.0,0.5699999999999932
and,385.29,385.41,100.0,0.12000000000000455
the,385.41,385.5,100.0,0.08999999999997499
darkest,385.5,386.01,100.0,0.5099999999999909
of,386.01,386.1,100.0,0.09000000000003183
hours,386.1,386.49,100.0,0.38999999999998636
she,386.7,386.91,100.0,0.21000000000003638
knows,386.91,387.3,100.0,0.38999999999998636
how,387.3,387.51,100.0,0.20999999999997954
america,387.51,388.14,100.0,0.6299999999999955
can,388.14,388.29,100.0,0.1500000000000341
change,388.29,389.04,100.0,0.75
yes,390.0,390.33,100.0,0.3299999999999841
we,390.33,390.54,100.0,0.21000000000003638
can,390.54,390.96,100.0,0.4199999999999591
america,392.919521,393.48,100.0,0.5604790000000435
we,393.48,393.66,100.0,0.18000000000000682
have,393.66,393.84,100.0,0.17999999999994998
come,393.84,394.11,100.0,0.27000000000003865
so,394.11,394.38,100.0,0.2699999999999818
far,394.38,395.22,100.0,0.8400000000000318
we,395.67,395.91,100.0,0.2400000000000091
have,395.91,396.15,100.0,0.23999999999995225
seen,396.15,396.57,100.0,0.4200000000000159
so,396.66,397.02,100.0,0.3599999999999568
much,397.02,397.56,100.0,0.5400000000000205
but,398.4,398.52,100.0,0.12000000000000455
there's,398.52,398.7,73.4551,0.18000000000000682
so,398.7,398.91,100.0,0.21000000000003638
much,398.91,399.18,100.0,0.2699999999999818
more,399.18,399.39,100.0,0.20999999999997954
to,399.39,399.48,100.0,0.09000000000003183
do,399.48,399.9,100.0,0.4199999999999591
so,400.83,401.01,100.0,0.18000000000000682
tonight,401.01,401.43,100.0,0.4200000000000159
let,402.0,402.24,100.0,0.2400000000000091
us,402.24,402.36,100.0,0.12000000000000455
ask,402.36,402.66,100.0,0.30000000000001137
ourselves,402.66,403.29,100.0,0.6299999999999955
if,404.19,404.37,100.0,0.18000000000000682
our,404.37,404.61,100.0,0.2400000000000091
children,404.61,405.15,100.0,0.5399999999999636
should,405.51,405.78,100.0,0.2699999999999818
live,405.78,406.11,100.0,0.3300000000000409
to,406.14,406.23,100.0,0.09000000000003183
see,406.23,406.53,100.0,0.2999999999999545
the,406.53,406.65,100.0,0.12000000000000455
next,406.65,406.89,100.0,0.2400000000000091
century,406.89,407.31,100.0,0.4200000000000159
if,408.51,408.66,100.0,0.1500000000000341
my,408.66,408.87,100.0,0.20999999999997954
daughters,408.87,409.41,100.0,0.5400000000000205
should,409.41,409.59,100.0,0.17999999999994998
be,409.59,409.77,100.0,0.18000000000000682
so,409.77,410.01,100.0,0.2400000000000091
lucky,410.01,410.43,100.0,0.4200000000000159
to,410.43,410.55,100.0,0.12000000000000455
live,410.55,410.91,100.0,0.36000000000001364
as,410.91,411.12,100.0,0.20999999999997954
long,411.12,411.45,100.0,0.3299999999999841
as,411.45,411.6,100.0,0.1500000000000341
an,411.6,411.96,100.0,0.3599999999999568
nixon,411.96,412.35,100.0,0.3900000000000432
cooper,412.35,412.74,100.0,0.38999999999998636
what,413.82,414.03,100.0,0.20999999999997954
change,414.03,414.48,100.0,0.4500000000000455
will,414.48,414.63,100.0,0.14999999999997726
they,414.63,414.84,100.0,0.20999999999997954
see,414.84,415.2,100.0,0.36000000000001364
what,416.31,416.52,100.0,0.20999999999997954
progress,416.52,417.21,100.0,0.6899999999999977
will,417.36,417.525615,50.2192,0.1656150000000025
we,417.525615,417.75,100.0,0.22438499999998385
have,417.75,417.84,100.0,0.08999999999997499
made,417.84,418.32,100.0,0.4800000000000182
this,419.82,420.06,100.0,0.2400000000000091
is,420.06,420.18,100.0,0.12000000000000455
our,420.18,420.36,100.0,0.18000000000000682
chance,420.36,420.87,100.0,0.5099999999999909
to,420.87,421.02,100.0,0.14999999999997726
answer,421.02,421.44,100.0,0.4200000000000159
that,421.44,421.68,100.0,0.2400000000000091
call,421.68,421.98,100.0,0.30000000000001137
this,423.3,423.54,100.0,0.2400000000000091
is,423.54,423.66,100.0,0.12000000000000455
our,423.66,423.81,100.0,0.14999999999997726
moment,423.81,424.14,100.0,0.3299999999999841
this,425.1,425.31,100.0,0.20999999999997954
is,425.31,425.43,100.0,0.12000000000000455
our,425.43,425.61,100.0,0.18000000000000682
time,425.61,425.94,100.0,0.3299999999999841
to,426.42,426.57,100.0,0.14999999999997726
put,426.57,427.05,100.0,0.4800000000000182
our,427.47,427.65,100.0,0.17999999999994998
people,427.65,428.04,100.0,0.3900000000000432
back,428.04,428.37,100.0,0.3299999999999841
to,428.37,428.49,100.0,0.12000000000000455
work,428.49,428.82,100.0,0.3299999999999841
and,428.82,428.94,100.0,0.12000000000000455
open,428.94,429.3,100.0,0.36000000000001364
doors,429.3,429.63,100.0,0.3299999999999841
of,429.63,429.72,100.0,0.09000000000003183
opportunity,429.72,430.32,100.0,0.5999999999999659
for,430.32,430.47,100.0,0.1500000000000341
our,430.47,430.62,100.0,0.14999999999997726
kids,430.62,431.04,100.0,0.4200000000000159
to,431.49,431.61,100.0,0.12000000000000455
restore,431.61,431.97,100.0,0.36000000000001364
prosperity,431.97,432.75,100.0,0.7799999999999727
and,432.75,432.84,100.0,0.08999999999997499
promote,432.84,433.29,100.0,0.4500000000000455
the,433.29,433.38,100.0,0.08999999999997499
cause,433.38,433.74,100.0,0.36000000000001364
of,433.74,433.83,100.0,0.08999999999997499
peace,433.83,434.28,100.0,0.44999999999998863
to,434.88,435.0,100.0,0.12000000000000455
reclaim,435.0,435.57,100.0,0.5699999999999932
the,435.57,435.69,100.0,0.12000000000000455
american,435.69,436.17,100.0,0.4800000000000182
dream,436.17,436.59,100.0,0.4199999999999591
and,436.59,436.8,100.0,0.21000000000003638
reaffirm,436.8,437.67,100.0,0.8700000000000045
that,437.79,438.03,100.0,0.23999999999995225
fundamental,438.03,438.63,100.0,0.6000000000000227
truth,438.69,439.11,100.0,0.4200000000000159
that,439.29,439.5,100.0,0.20999999999997954
out,439.5,439.77,100.0,0.2699999999999818
of,439.77,439.89,100.0,0.12000000000000455
many,439.89,440.25,100.0,0.36000000000001364
we,440.25,440.52,100.0,0.2699999999999818
are,440.52,440.73,100.0,0.21000000000003638
one,440.73,441.06,100.0,0.3299999999999841
that,441.54,441.75,100.0,0.20999999999997954
while,441.75,442.05,100.0,0.30000000000001137
we,442.05,442.26,100.0,0.20999999999997954
breathe,442.26,442.77,100.0,0.5099999999999909
we,442.83,443.07,100.0,0.2400000000000091
hope,443.07,443.28,100.0,0.20999999999997954
and,443.67,443.91,100.0,0.2400000000000091
where,443.91,444.27,100.0,0.3599999999999568
we,444.27,444.48,100.0,0.21000000000003638
are,444.48,444.6,100.0,0.12000000000000455
met,444.6,444.9,100.0,0.2999999999999545
with,444.9,445.11,100.0,0.21000000000003638
cynicism,445.11,445.86,100.0,0.75
and,445.86,446.13,100.0,0.2699999999999818
doubt,446.13,446.55,100.0,0.4200000000000159
and,446.79,446.97,100.0,0.18000000000000682
those,446.97,447.42,100.0,0.44999999999998863
who,447.42,447.54,100.0,0.12000000000000455
tell,447.54,447.84,100.0,0.2999999999999545
us,447.84,448.05,100.0,0.21000000000003638
that,448.29,448.53,100.0,0.23999999999995225
we,448.53,448.71,100.0,0.18000000000000682
can't,448.71,449.28,100.0,0.5699999999999932
we,449.46,449.73,100.0,0.27000000000003865
will,449.73,449.91,100.0,0.18000000000000682
respond,449.91,450.6,100.0,0.6899999999999977
with,450.6,450.75,100.0,0.14999999999997726
that,450.75,450.96,100.0,0.20999999999997954
timeless,450.96,451.5,100.0,0.5400000000000205
creed,451.5,451.89,100.0,0.38999999999998636
that,451.89,452.01,100.0,0.12000000000000455
sums,452.01,452.43,100.0,0.4200000000000159
up,452.43,452.82,100.0,0.38999999999998636
the,452.88,453.03,100.0,0.14999999999997726
spirit,453.03,453.54,100.0,0.5100000000000477
of,453.54,453.66,100.0,0.12000000000000455
a,453.66,453.72,100.0,0.060000000000002274
people,453.72,454.2,100.0,0.47999999999996135
yes,454.95,455.25,100.0,0.30000000000001137
we,455.25,455.43,100.0,0.18000000000000682
can,455.43,455.7,100.0,0.2699999999999818
thank,456.51,456.84,100.0,0.3299999999999841
you,456.84,457.02,100.0,0.18000000000000682
god,457.62,457.89,100.0,0.2699999999999818
bless,457.89,458.22,100.0,0.3300000000000409
you,458.22,458.49,100.0,0.2699999999999818
and,458.85,459.0,100.0,0.14999999999997726
may,459.0,459.15,100.0,0.14999999999997726
god,459.18,459.48,100.0,0.30000000000001137
bless,459.48,459.81,100.0,0.3299999999999841
the,459.81,459.93,100.0,0.12000000000000455
united,459.93,460.32,100.0,0.38999999999998636
states,460.32,460.71,100.0,0.38999999999998636
of,460.71,460.83,100.0,0.12000000000000455
america,460.83,461.22,100.0,0.3900000000000432
the,461.25,463.44,100.0,2.1899999999999977
three,463.44,483.6,26.3002,20.160000000000025
the,483.63,503.76,100.0,20.129999999999995
the,503.79,523.92,100.0,20.12999999999994
and,523.92,542.431172,37.230999999999995,18.511171999999988
the,544.11,563.82,100.0,19.710000000000036
