Word,Start,End,Conf,time_spent,length
word,0.0,0.24,90.926,0.24,4
count,0.24,0.75,90.926,0.51,5
in,1.2,1.47,100.0,0.27,2
a,1.53,1.62,100.0,0.09000000000000008,1
given,1.62,2.01,100.0,0.3899999999999997,5
text,2.01,2.43,100.0,0.4200000000000004,4
next,2.91,3.198098,56.6227,0.28809799999999974,4
slot,3.198098,3.54,100.0,0.34190200000000015,4
so,4.83,5.04,100.0,0.20999999999999996,2
why,5.04,5.4,100.0,0.3600000000000003,3
shouldn't,5.4,5.82,100.0,0.41999999999999993,9
it,5.82,5.88,69.9457,0.05999999999999961,2
work,5.933143,6.18,100.0,0.24685699999999944,4
well,6.45,6.63,100.0,0.17999999999999972,4
here's,6.63,6.9,100.0,0.27000000000000046,6
this,6.9,7.08,100.0,0.17999999999999972,4
is,7.08,7.2,100.0,0.1200000000000001,2
the,7.2,7.29,79.3097,0.08999999999999986,3
funny,7.29,7.53,100.0,0.2400000000000002,5
thing,7.53,7.74,100.0,0.20999999999999996,5
if,7.77,7.92,100.0,0.15000000000000036,2
you,7.92,8.07,100.0,0.15000000000000036,3
sit,8.07,8.43,91.7215,0.35999999999999943,3
and,8.52,8.76,100.0,0.2400000000000002,3
try,8.88,9.03,46.7992,0.14999999999999858,3
to,9.03,9.155257,46.7992,0.12525700000000128,2
try,9.21,9.39,91.7998,0.17999999999999972,3
to,9.39,9.51,100.0,0.11999999999999922,2
think,9.51,9.75,100.0,0.2400000000000002,5
about,9.75,10.05,100.0,0.3000000000000007,5
why,10.05,10.29,100.0,0.23999999999999844,3
these,10.29,10.53,100.0,0.2400000000000002,5
high,10.56,10.74,29.5667,0.17999999999999972,4
clouds,10.742096,11.22,100.0,0.47790400000000055,6
were,11.31,11.52,67.5189,0.20999999999999908,4
clouds,11.55,11.88,100.0,0.33000000000000007,6
like,11.88,12.06,100.0,0.17999999999999972,4
this,12.06,12.27,100.0,0.20999999999999908,4
why,12.66,13.02,100.0,0.35999999999999943,3
they're,13.02,13.17,84.8794,0.15000000000000036,7
bad,13.17,13.56,100.0,0.39000000000000057,3
it's,13.86,14.07,100.0,0.21000000000000085,4
actually,14.07,14.46,100.0,0.39000000000000057,8
very,14.46,15.0,100.0,0.5399999999999991,4
very,15.0,15.39,100.0,0.39000000000000057,4
easy,15.42,15.72,100.0,0.3000000000000007,4
to,15.78,15.9,100.0,0.120000000000001,2
come,15.9,16.11,100.0,0.20999999999999908,4
up,16.11,16.26,100.0,0.15000000000000213,2
with,16.26,16.41,100.0,0.14999999999999858,4
reasons,16.41,16.92,100.0,0.5100000000000016,7
you,16.95,17.1,100.0,0.15000000000000213,3
know,17.1,17.28,100.0,0.17999999999999972,4
where,17.7,18.0,100.0,0.3000000000000007,5
do,18.0,18.12,100.0,0.120000000000001,2
you,18.12,18.24,100.0,0.11999999999999744,3
look,18.24,18.45,100.0,0.21000000000000085,4
first,18.45,18.96,100.0,0.5100000000000016,5
it's,18.96,19.08,94.788,0.11999999999999744,4
all,19.08,19.26,100.0,0.18000000000000327,3
a,19.26,19.35,100.0,0.08999999999999986,1
big,19.35,19.62,100.0,0.2699999999999996,3
jumble,19.74,20.46,100.0,0.7200000000000024,6
the,20.46,20.61,100.0,0.14999999999999858,3
long,20.61,21.03,100.0,0.4200000000000017,4
words,21.03,21.36,100.0,0.3299999999999983,5
get,21.36,21.57,100.0,0.21000000000000085,3
more,21.57,21.81,100.0,0.23999999999999844,4
weight,21.81,22.05,100.0,0.240000000000002,6
than,22.05,22.229533,85.69109999999999,0.17953299999999928,4
short,22.26,22.65,100.0,0.389999999999997,5
words,22.65,23.01,100.0,0.360000000000003,5
which,23.01,23.25,100.0,0.23999999999999844,5
clearly,23.25,23.7,100.0,0.4499999999999993,7
is,23.7,23.85,100.0,0.15000000000000213,2
just,23.85,24.03,100.0,0.17999999999999972,4
completely,24.03,24.57,100.0,0.5399999999999991,10
justified,25.23,26.1,100.0,0.870000000000001,9
you,26.406385,26.67,100.0,0.2636150000000015,3
can,26.67,26.85,46.396100000000004,0.17999999999999972,3
look,26.858657,27.03,100.0,0.17134300000000025,4
through,27.03,27.18,100.0,0.14999999999999858,7
this,27.18,27.39,100.0,0.21000000000000085,4
list,27.39,27.75,100.0,0.35999999999999943,4
and,27.75,28.02,100.0,0.2699999999999996,3
you,28.89,29.04,100.0,0.14999999999999858,3
will,29.04,29.16,100.0,0.120000000000001,4
find,29.16,29.43,100.0,0.2699999999999996,4
all,29.43,29.7,100.0,0.2699999999999996,3
sorts,29.7,29.91,100.0,0.21000000000000085,5
of,29.91,30.0,100.0,0.08999999999999986,2
reasons,30.0,30.3,100.0,0.3000000000000007,7
to,30.33,30.42,100.0,0.09000000000000341,2
be,30.42,30.6,100.0,0.17999999999999972,2
highly,30.6,31.08,100.0,0.4799999999999969,6
suspicious,31.08,32.01,100.0,0.9299999999999997,10
and,32.82,32.97,100.0,0.14999999999999858,3
in,32.97,33.06,100.0,0.09000000000000341,2
fact,33.06,33.24,100.0,0.17999999999999972,4
i,33.24,33.300963,100.0,0.06096300000000099,1
would,33.300963,33.39,97.2963,0.08903699999999759,5
leave,33.39,33.66,100.0,0.269999999999996,5
as,33.66,33.81,100.0,0.15000000000000568,2
an,33.81,33.93,100.0,0.11999999999999744,2
exercise,33.93,34.53,100.0,0.6000000000000014,8
for,34.53,34.65,100.0,0.11999999999999744,3
the,34.65,34.74,100.0,0.09000000000000341,3
listener,34.74,35.22,100.0,0.4799999999999969,8
to,35.37,35.52,100.0,0.15000000000000568,2
expand,35.52,36.12,100.0,0.5999999999999943,6
the,36.12,36.24,100.0,0.12000000000000455,3
list,36.24,36.48,100.0,0.23999999999999488,4
that,36.51,36.63,100.0,0.12000000000000455,4
you,36.63,36.72,100.0,0.0899999999999963,3
see,36.72,36.96,100.0,0.240000000000002,3
her,36.96,37.14,100.0,0.17999999999999972,3
next,37.74,38.01,100.0,0.269999999999996,4
slide,38.01,38.31,100.0,0.30000000000000426,5
we,38.43,38.58,100.0,0.14999999999999858,2
don't,38.58,38.76,100.0,0.17999999999999972,5
have,38.76,38.82,100.0,0.060000000000002274,4
time,38.82,39.03,100.0,0.21000000000000085,4
for,39.03,39.15,100.0,0.11999999999999744,3
that,39.15,39.33,100.0,0.17999999999999972,4
and,39.66,39.87,100.0,0.21000000000000085,3
yet,39.87,40.17,100.0,0.30000000000000426,3
next,40.23,40.5,100.0,0.2700000000000031,4
slide,40.5,40.83,100.0,0.3299999999999983,5
when,42.27,42.45,100.0,0.17999999999999972,4
we,42.45,42.57,100.0,0.11999999999999744,2
look,42.57,42.87,90.53330000000001,0.29999999999999716,4
at,42.99,43.2,100.0,0.21000000000000085,2
what,43.2,43.41,100.0,0.20999999999999375,4
happened,43.41,43.83,79.3154,0.4200000000000017,8
in,43.83,43.95,93.8995,0.12000000000000455,2
practice,43.95,44.58,100.0,0.6299999999999955,8
with,44.58,44.79,100.0,0.21000000000000085,4
wardle,44.79,45.21,63.077099999999994,0.4200000000000017,6
what,45.48,45.69,100.0,0.21000000000000085,4
we,45.69,45.84,100.0,0.15000000000000568,2
found,45.84,46.32,100.0,0.4799999999999969,5
is,46.32,46.56,100.0,0.240000000000002,2
that,46.56,46.71,100.0,0.14999999999999858,4
a,46.74,46.86,100.0,0.11999999999999744,1
variety,46.86,47.46,100.0,0.6000000000000014,7
of,47.46,47.55,100.0,0.0899999999999963,2
users,47.55,48.03,100.0,0.480000000000004,5
and,48.03,48.33,76.1365,0.29999999999999716,3
both,48.33,48.66,100.0,0.3299999999999983,4
very,48.66,48.96,100.0,0.30000000000000426,4
sophisticated,48.96,49.71,100.0,0.75,13
journalists,49.71,50.37,100.0,0.6599999999999966,11
and,50.46,50.67,100.0,0.21000000000000085,3
lasers,50.67,51.27,100.0,0.6000000000000014,6
would,51.66,51.9,92.0896,0.240000000000002,5
do,51.9,52.05,100.0,0.14999999999999858,2
incredibly,52.05,53.04,100.0,0.990000000000002,10
interesting,53.04,53.49,100.0,0.45000000000000284,11
things,53.49,53.97,100.0,0.4799999999999969,6
with,54.03,54.24,100.0,0.21000000000000085,4
it,54.24,54.33,100.0,0.0899999999999963,2
would,54.33,54.48,100.0,0.14999999999999858,5
find,54.48,54.81,100.0,0.3300000000000054,4
it,54.81,54.93,100.0,0.11999999999999744,2
very,54.96,55.44,100.0,0.4799999999999969,4
useful,55.44,55.83,100.0,0.39000000000000057,6
we,55.86,56.01,100.0,0.14999999999999858,2
would,56.01,56.16,100.0,0.14999999999999858,5
see,56.16,56.34,100.0,0.18000000000000682,3
newspapers,56.34,57.03,100.0,0.6899999999999977,10
that,57.45,57.6,100.0,0.14999999999999858,4
would,57.6,57.75,100.0,0.14999999999999858,5
create,57.75,58.17,100.0,0.4200000000000017,6
subtle,58.38,58.92,100.0,0.5399999999999991,6
word,58.92,59.22,100.0,0.29999999999999716,4
clouds,59.22,59.76,100.0,0.5399999999999991,6
analyzing,59.82,60.57,90.5449,0.75,9
political,60.57,61.05,100.0,0.4799999999999969,9
speeches,61.05,61.68,100.0,0.6300000000000026,8
next,62.16,62.37,100.0,0.21000000000000085,4
slide,62.37,62.73,100.0,0.35999999999999943,5
fact,63.109043,63.48,100.0,0.3709569999999971,4
you,63.81,63.99,100.0,0.17999999999999972,3
can,63.99,64.14,100.0,0.14999999999999858,3
sort,64.14,64.29,100.0,0.15000000000000568,4
of,64.29,64.44,100.0,0.14999999999999147,2
this,64.59,64.98,100.0,0.39000000000000057,4
will,64.98,65.1,100.0,0.11999999999999034,4
take,65.1,65.34,100.0,0.2400000000000091,4
you,65.34,65.43,100.0,0.09000000000000341,3
back,65.43,65.7,100.0,0.269999999999996,4
to,65.7,65.79,100.0,0.09000000000000341,2
a,65.79,65.85,100.0,0.05999999999998806,1
different,65.85,66.09,100.0,0.2400000000000091,9
era,66.09,66.36,100.0,0.269999999999996,3
cause,66.39,66.509399,65.4446,0.11939900000000137,5
you'll,66.509399,66.63,94.5806,0.12060099999999352,6
see,66.63,66.81,100.0,0.18000000000000682,3
how,66.81,66.96,100.0,0.14999999999999147,3
many,66.96,67.35,100.0,0.39000000000000057,4
different,67.35,67.8,100.0,0.45000000000000284,9
media,68.43,68.79,100.0,0.35999999999999943,5
sites,68.82,69.18,100.0,0.36000000000001364,5
would,69.21,69.39,100.0,0.18000000000000682,5
sit,69.39,69.57,100.0,0.1799999999999926,3
here,69.57,69.720498,100.0,0.15049800000001312,4
and,69.720498,69.81,87.8189,0.08950199999999597,3
like,69.81,70.05,100.0,0.23999999999999488,4
do,70.05,70.29,81.42049999999999,0.2400000000000091,2
real,70.35,70.68,100.0,0.3300000000000125,4
political,70.68,71.13,100.0,0.44999999999998863,9
analysis,71.13,71.79,100.0,0.6600000000000108,8
with,71.79,72.0,100.0,0.20999999999999375,4
this,72.0,72.3,100.0,0.29999999999999716,4
next,72.51,72.87,100.0,0.35999999999999943,4
slide,72.87,73.26,100.0,0.39000000000000057,5
but,74.1,74.4,100.0,0.30000000000001137,3
it,74.4,74.49,100.0,0.0899999999999892,2
wasn't,74.49,74.79,100.0,0.30000000000001137,6
just,74.79,75.03,100.0,0.23999999999999488,4
that,75.03,75.33,100.0,0.29999999999999716,4
the,75.84,75.96,100.0,0.11999999999999034,3
way,75.96,76.26,100.0,0.30000000000001137,3
wardle,76.26,76.59,73.3294,0.3299999999999983,6
was,76.59,76.74,100.0,0.14999999999999147,3
designed,76.74,77.16,100.0,0.4200000000000017,8
it,77.16,77.25,100.0,0.09000000000000341,2
was,77.25,77.37,100.0,0.12000000000000455,3
very,77.37,77.61,100.0,0.23999999999999488,4
easy,77.61,78.09,100.0,0.480000000000004,4
to,78.12,78.27,100.0,0.14999999999999147,2
take,78.27,78.63,100.0,0.35999999999999943,4
what,78.63,78.78,100.0,0.15000000000000568,4
you,78.78,78.9,100.0,0.12000000000000455,3
had,78.9,79.08,75.396,0.1799999999999926,3
made,79.11,79.53,100.0,0.4200000000000017,4
and,79.95,80.13,100.0,0.1799999999999926,3
then,80.13,80.4,100.0,0.27000000000001023,4
print,80.4,80.705024,70.2172,0.30502399999998886,5
it,80.705024,80.82,44.8726,0.11497599999999863,2
various,80.852805,81.3,100.0,0.44719499999999357,7
ways,81.3,81.75,100.0,0.45000000000000284,4
you,81.99,82.11,99.4229,0.12000000000000455,3
could,82.11,82.26,91.44069999999999,0.15000000000000568,5
keep,82.47,82.71,100.0,0.23999999999999488,4
it,82.71,82.8,100.0,0.09000000000000341,2
as,82.8,82.95,100.0,0.15000000000000568,2
a,82.95,83.01,100.0,0.060000000000002274,1
pdf,83.01,83.52,100.0,0.5099999999999909,3
and,83.97,84.15,100.0,0.18000000000000682,3
so,84.15,84.27,100.0,0.11999999999999034,2
people,84.27,84.66,100.0,0.39000000000000057,6
did,84.66,84.87,100.0,0.21000000000000796,3
all,84.93,85.17,100.0,0.23999999999999488,3
sorts,85.17,85.38,100.0,0.20999999999999375,5
of,85.38,85.5,100.0,0.12000000000000455,2
things,85.5,85.74,100.0,0.23999999999999488,6
that,85.74,85.83,100.0,0.09000000000000341,4
were,85.83,85.95,99.0637,0.12000000000000455,4
not,85.95,86.28,100.0,0.3299999999999983,3
just,86.28,86.58,100.0,0.29999999999999716,4
pure,86.58,86.88,100.0,0.29999999999999716,4
visualizations,86.88,87.72,100.0,0.8400000000000034,14
but,87.72,87.96,100.0,0.23999999999999488,3
in,87.96,88.05,100.0,0.09000000000000341,2
this,88.05,88.2,100.0,0.15000000000000568,4
case,88.2,88.44,100.0,0.23999999999999488,4
for,88.44,88.56,100.0,0.12000000000000455,3
example,88.56,89.01,100.0,0.45000000000000284,7
party,89.01,89.49,100.0,0.47999999999998977,5
invitations,89.49,90.3,100.0,0.8100000000000023,11
ok,91.17,91.56,100.0,0.39000000000000057,2
so,91.98,92.37,100.0,0.39000000000000057,2
the,93.87,94.02,100.0,0.14999999999999147,3
comment,94.02,94.41,99.527,0.39000000000000057,7
attitudes,94.41,94.89,81.2537,0.480000000000004,9
as,94.89,95.041106,45.51,0.15110599999999863,2
very,95.070505,95.31,100.0,0.23949500000000512,4
interesting,95.31,95.7,100.0,0.39000000000000057,11
among,95.73,96.09,100.0,0.35999999999999943,5
the,96.21,96.45,100.0,0.2400000000000091,3
the,96.45,96.63,100.0,0.1799999999999926,3
visualization,96.63,97.26,100.0,0.6300000000000097,13
world,97.26,97.5,100.0,0.23999999999999488,5
was,97.56,97.74,62.8022,0.1799999999999926,3
pretty,97.74,98.13,100.0,0.39000000000000057,6
negative,98.13,98.55,100.0,0.4200000000000017,8
frankly,98.73,99.3,100.0,0.5699999999999932,7
you,100.02,100.17,100.0,0.15000000000000568,3
know,100.17,100.29,100.0,0.12000000000000455,4
this,100.29,100.47,100.0,0.1799999999999926,4
was,100.47,100.56,100.0,0.09000000000000341,3
just,100.56,100.74,100.0,0.1799999999999926,4
a,100.74,100.8,100.0,0.060000000000002274,1
random,100.8,101.19,100.0,0.39000000000000057,6
sample,101.19,101.58,100.0,0.39000000000000057,6
i,101.58,101.67,98.2565,0.09000000000000341,1
found,101.67052,102.0,100.0,0.32948000000000377,5
during,102.0,102.21,61.3749,0.20999999999999375,6
a,102.21,102.27,100.0,0.060000000000002274,1
recent,102.27,102.6,100.0,0.3299999999999983,6
google,102.6,102.87,100.0,0.27000000000001023,6
search,102.87,103.17,100.0,0.29999999999999716,6
and,103.17,103.26,100.0,0.09000000000000341,3
it,103.26,103.35,100.0,0.0899999999999892,2
wasn't,103.35,103.68,100.0,0.3300000000000125,6
hard,103.68,103.95,100.0,0.269999999999996,4
i,103.95,104.01,100.0,0.060000000000002274,1
could,104.01,104.22,100.0,0.20999999999999375,5
have,104.22,104.34,100.0,0.12000000000000455,4
found,104.37,104.67,100.0,0.29999999999999716,5
many,104.7,105.15,100.0,0.45000000000000284,4
many,105.15,105.42,100.0,0.269999999999996,4
more,105.42,105.69,100.0,0.269999999999996,4
headlines,105.69,106.23,100.0,0.5400000000000063,9
like,106.23,106.47,100.0,0.23999999999999488,4
this,106.47,106.68,100.0,0.21000000000000796,4
but,107.22,107.4,100.0,0.18000000000000682,3
i,107.4,107.46,100.0,0.05999999999998806,1
want,107.46,107.67,100.0,0.21000000000000796,4
to,107.67,107.73,100.0,0.060000000000002274,2
talk,107.73,107.97,100.0,0.23999999999999488,4
about,107.97,108.18,100.0,0.21000000000000796,5
a,108.18,108.24,100.0,0.05999999999998806,1
different,108.24,108.6,100.0,0.35999999999999943,9
attitude,108.66,109.05,100.0,0.39000000000000057,8
excellent,109.53,109.98,100.0,0.45000000000000284,9
and,110.64,111.06,100.0,0.4200000000000017,3
i,111.78,111.84,88.3537,0.060000000000002274,1
want,111.84,111.965698,53.203,0.12569799999999987,4
to,111.966724,112.025208,55.53789999999999,0.058484000000007086,2
chocolate,112.025208,112.38,87.55330000000001,0.3547919999999891,9
a,112.5,112.56,100.0,0.060000000000002274,1
couple,112.56,112.83,100.0,0.269999999999996,6
of,112.83,112.92,100.0,0.09000000000000341,2
articles,112.92,113.37,100.0,0.45000000000000284,8
by,113.37,113.52,100.0,0.14999999999999147,2
mar,113.52,113.76,37.9035,0.2400000000000091,3
thirty,113.76,113.94,100.0,0.1799999999999926,6
first,113.97,114.3,57.54860000000001,0.3299999999999983,5
to,114.319409,114.48,88.94680000000001,0.1605910000000108,2
someone,114.48,114.87,100.0,0.39000000000000057,7
i,114.87,114.99,100.0,0.11999999999999034,1
greatly,114.99,115.44,100.0,0.45000000000000284,7
respect,115.44,115.95,100.0,0.5100000000000051,7
and,116.43,116.73,100.0,0.29999999999999716,3
looking,116.79,117.18,100.0,0.39000000000000057,7
at,117.18,117.3,100.0,0.11999999999999034,2
these,117.3,117.48,100.0,0.18000000000000682,5
articles,117.48,118.14,100.0,0.6599999999999966,8
on,118.2,118.56,100.0,0.35999999999999943,2
with,118.68,118.98,100.0,0.29999999999999716,4
the,118.98,119.07,100.0,0.0899999999999892,3
benefit,119.07,119.55,100.0,0.480000000000004,7
of,119.55,119.67,100.0,0.12000000000000455,2
time,119.67,120.09,100.0,0.4200000000000017,4
so,120.12,120.27,100.0,0.14999999999999147,2
that,120.27,120.51,100.0,0.2400000000000091,4
one,120.6,120.87,100.0,0.27000000000001023,3
from,120.87,121.02,100.0,0.14999999999999147,4
two,121.02,121.17,100.0,0.15000000000000568,3
thousand,121.17,121.44,100.0,0.269999999999996,8
and,121.44,121.5,100.0,0.060000000000002274,3
eight,121.5,121.71,100.0,0.20999999999999375,5
there's,121.77,121.95,100.0,0.18000000000000682,7
one,121.95,122.16,100.0,0.20999999999999375,3
more,122.16,122.31,100.0,0.15000000000000568,4
recently,122.31,122.85,100.0,0.539999999999992,8
i,123.15,123.3,100.0,0.14999999999999147,1
think,123.3,123.48,100.0,0.18000000000000682,5
these,123.48,123.66,100.0,0.1799999999999926,5
titles,123.66,124.08,100.0,0.4200000000000017,6
alone,124.17,124.53,100.0,0.35999999999999943,5
sort,124.53,124.68,100.0,0.15000000000000568,4
of,124.68,124.77,100.0,0.0899999999999892,2
tell,124.77,124.982578,100.0,0.2125780000000077,4
the,124.982578,125.07,70.4486,0.08742199999998945,3
story,125.07,125.55,100.0,0.480000000000004,5
and,126.15,126.39,71.46329999999999,0.23999999999999488,3
i,126.57,126.75,100.0,0.18000000000000682,1
think,126.75,127.02,100.0,0.269999999999996,5
this,127.08,127.26,100.0,0.18000000000000682,4
is,127.26,127.38,100.0,0.11999999999999034,2
a,127.38,127.47,100.0,0.09000000000000341,1
really,127.47,127.98,100.0,0.5100000000000051,6
good,127.98,128.34,100.0,0.35999999999999943,4
attitude,128.34,128.82,100.0,0.47999999999998977,8
next,129.33,129.6,100.0,0.2699999999999818,4
slide,129.6,129.93,100.0,0.3300000000000125,5
so,130.92,131.31,100.0,0.3900000000000148,2
you,131.88,132.0,100.0,0.12000000000000455,3
know,132.0,132.15,100.0,0.15000000000000568,4
i,132.18,132.24,100.0,0.060000000000002274,1
think,132.24,132.6,100.0,0.3599999999999852,5
when,132.69,132.96,100.0,0.27000000000001023,4
you,132.96,133.08,100.0,0.12000000000000455,3
read,133.11,133.38,100.0,0.2699999999999818,4
these,133.38,133.53,100.0,0.15000000000000568,5
articles,133.53,133.92,86.9842,0.38999999999998636,8
i,133.92,133.95,100.0,0.030000000000001137,1
encourage,133.95,134.37,100.0,0.4200000000000159,9
you,134.37,134.49,100.0,0.12000000000000455,3
to,134.49,134.61,100.0,0.12000000000000455,2
read,134.61,134.79,100.0,0.1799999999999784,4
this,134.79,134.94,100.0,0.15000000000000568,4
two,134.94,135.09,100.0,0.15000000000000568,3
thousand,135.09,135.45,100.0,0.3599999999999852,8
and,135.45,135.54,100.0,0.09000000000000341,3
eight,135.57,135.72,100.0,0.15000000000000568,5
article,135.72,136.08,100.0,0.36000000000001364,7
because,136.08,136.38,100.0,0.29999999999998295,7
it,136.38,136.47,100.0,0.09000000000000341,2
holds,136.53,136.83,100.0,0.30000000000001137,5
up,136.83,136.95,100.0,0.11999999999997613,2
very,136.95,137.34,100.0,0.3900000000000148,4
well,137.34,137.562539,100.0,0.2225389999999834,4
and,137.562539,137.7,28.2885,0.13746100000000183,3
a,137.7,137.76,100.0,0.060000000000002274,1
lot,137.76,137.97,100.0,0.21000000000000796,3
of,137.97,138.06,100.0,0.09000000000000341,2
ways,138.06,138.36,79.0897,0.30000000000001137,4
so,138.69,138.96,100.0,0.27000000000001023,2
here,139.02,139.170659,59.176399999999994,0.15065899999999033,4
are,139.170659,139.2,51.192800000000005,0.02934099999998807,3
some,139.213682,139.38,100.0,0.16631799999998975,4
clothes,139.38,139.95,100.0,0.5699999999999932,7
so,140.04,140.43,100.0,0.3900000000000148,2
you,140.67,140.82,100.0,0.15000000000000568,3
know,140.82,141.06,100.0,0.2400000000000091,4
marty,141.54,141.9,100.0,0.36000000000001364,5
looked,141.9,142.11,100.0,0.21000000000000796,6
at,142.11,142.2,100.0,0.08999999999997499,2
this,142.2,142.44,100.0,0.2400000000000091,4
and,142.53,142.98,100.0,0.44999999999998863,3
i,143.07,143.52,100.0,0.45000000000001705,1
you,143.58,143.7,100.0,0.11999999999997613,3
know,143.7,143.85,100.0,0.15000000000000568,4
author,144.78,145.02,71.858,0.2400000000000091,6
admits,145.02,145.38,100.0,0.3599999999999852,6
very,145.74,145.98,100.0,0.23999999999998067,4
puzzled,146.01,146.34,100.0,0.3300000000000125,7
by,146.34,146.49,100.0,0.15000000000000568,2
these,146.49,146.67,100.0,0.1799999999999784,5
tae,146.67,146.88,100.0,0.21000000000000796,3
clouds,146.88,147.45,100.0,0.5699999999999932,6
there's,147.54,147.81,100.0,0.27000000000001023,7
obviously,148.08,148.56,100.0,0.47999999999998977,9
better,148.56,148.8,100.0,0.2400000000000091,6
ways,148.8,149.01,97.9516,0.20999999999997954,4
to,149.01,149.13,100.0,0.12000000000000455,2
show,149.13,149.28,100.0,0.15000000000000568,4
the,149.28,149.4,100.0,0.12000000000000455,3
data,149.4,149.82,100.0,0.4199999999999875,4
and,150.24,150.42,100.0,0.1799999999999784,3
yet,150.42,150.84,100.0,0.4200000000000159,3
they,150.87,151.08,100.0,0.21000000000000796,4
are,151.08,151.29,100.0,0.20999999999997954,3
all,151.29,151.68,100.0,0.3900000000000148,3
over,151.68,152.1,100.0,0.4199999999999875,4
and,152.1,152.37,100.0,0.27000000000001023,3
the,152.61,152.88,100.0,0.2699999999999818,3
important,152.91,153.33,100.0,0.4200000000000159,9
reaction,153.33,153.75,100.0,0.4199999999999875,8
here,153.75,153.930161,100.0,0.18016099999999824,4
is,153.930161,154.05,96.8104,0.11983900000001313,2
try,154.11,154.32,55.75560000000001,0.20999999999997954,3
to,154.333271,154.47,100.0,0.13672900000000254,2
understand,154.53,155.1,100.0,0.5699999999999932,10
why,155.16,155.61,100.0,0.45000000000001705,3
and,155.64,155.73,100.0,0.09000000000000341,3
i,155.73,155.79,100.0,0.060000000000002274,1
think,155.79,155.97,100.0,0.18000000000000682,5
that's,155.97,156.24,100.0,0.27000000000001023,6
the,156.24,156.36,100.0,0.12000000000000455,3
attitude,156.36,156.75,100.0,0.38999999999998636,8
we,156.75,156.84,100.0,0.09000000000000341,2
should,156.84,156.99,100.0,0.15000000000000568,6
have,156.99,157.26,100.0,0.2699999999999818,4
with,157.29,157.5,100.0,0.21000000000000796,4
this,157.5,157.65,100.0,0.15000000000000568,4
type,157.65,157.86,100.0,0.21000000000000796,4
of,157.86,157.92,100.0,0.05999999999997385,2
visualization,157.92,158.55,100.0,0.6300000000000239,13
so,158.91,159.09,61.476699999999994,0.18000000000000682,2
next,159.105498,159.303955,100.0,0.19845699999999056,4
slide,159.303955,159.6,77.9371,0.29604499999999234,5
and,160.26,160.59,100.0,0.3300000000000125,3
what,160.62,160.92,100.0,0.29999999999998295,4
she,161.25,161.43,100.0,0.18000000000000682,3
found,161.43,161.849648,100.0,0.41964799999999514,5
is,161.85,162.0,54.4802,0.15000000000000568,2
she,162.09,162.24,100.0,0.15000000000000568,3
got,162.24,162.42,97.994,0.1799999999999784,3
two,162.45,162.6,58.4267,0.15000000000000568,3
conclusions,162.6,163.14,58.512600000000006,0.539999999999992,11
one,163.35,163.71,100.0,0.36000000000001364,3
is,163.71,163.92,100.0,0.20999999999997954,2
just,163.92,164.07,71.0357,0.15000000000000568,4
pointing,164.1,164.34,100.0,0.2400000000000091,8
out,164.34,164.43,100.0,0.09000000000000341,3
look,164.43,164.61,56.672599999999996,0.18000000000000682,4
there,164.623784,164.76,94.27600000000001,0.13621599999999034,5
is,164.76,164.88,94.27600000000001,0.12000000000000455,2
a,164.88,164.97,100.0,0.09000000000000341,1
social,164.97,165.45,100.0,0.47999999999998977,6
dimension,165.45,165.96,100.0,0.5100000000000193,9
to,166.23,166.35,100.0,0.12000000000000455,2
tag,166.35,166.65,100.0,0.30000000000001137,3
clouds,166.65,167.16,100.0,0.5099999999999909,6
that,167.52,167.73,100.0,0.20999999999997954,4
is,167.73,167.85,100.0,0.12000000000000455,2
deeply,167.88,168.33,100.0,0.45000000000001705,6
important,168.33,168.93,100.0,0.5999999999999943,9
to,169.98,170.1,100.0,0.12000000000000455,2
this,170.1,170.37,100.0,0.27000000000001023,4
and,171.03,171.18,100.0,0.15000000000000568,3
there's,171.18,171.36,80.21209999999999,0.18000000000000682,7
another,171.36,172.05,100.0,0.6899999999999977,7
conclusion,172.14,172.728311,100.0,0.5883110000000045,10
she,172.74,172.89,61.0111,0.14999999999997726,3
and,172.95,173.07,93.7248,0.12000000000000455,3
again,173.07,173.34,100.0,0.27000000000001023,5
i'm,173.34,173.43,100.0,0.09000000000000341,3
over,173.43,173.67,100.0,0.23999999999998067,4
simplifying,173.67,174.24,100.0,0.5700000000000216,11
a,174.27,174.3,46.5006,0.030000000000001137,1
fairly,174.30123,174.63,100.0,0.32876999999999157,6
new,174.63,174.808037,100.0,0.17803700000001754,3
outset,174.81,175.2,93.444,0.38999999999998636,6
of,175.2,175.26,100.0,0.060000000000002274,2
conclusions,175.26,175.83,100.0,0.5700000000000216,11
which,176.28,176.52,100.0,0.2400000000000091,5
is,176.52,176.67,100.0,0.14999999999997726,2
that,176.67,176.91,100.0,0.2400000000000091,4
creators,177.21,177.96,100.0,0.75,8
and,177.96,178.05,100.0,0.09000000000000341,3
users,178.05,178.38,100.0,0.3299999999999841,5
are,178.38,178.53,100.0,0.15000000000000568,3
okay,178.62,179.46,61.257099999999994,0.8400000000000034,4
with,179.61,179.88,100.0,0.2699999999999818,4
in,179.91,180.12,65.19800000000001,0.21000000000000796,2
precision,180.12,180.69,100.0,0.5699999999999932,9
which,180.93,181.17,100.0,0.23999999999998067,5
is,181.17,181.29,100.0,0.12000000000000455,2
a,181.29,181.35,100.0,0.060000000000002274,1
little,181.35,181.74,100.0,0.3900000000000148,6
bit,181.74,181.95,100.0,0.20999999999997954,3
heretical,181.95,182.58,100.0,0.6300000000000239,9
in,182.79,182.94,100.0,0.15000000000000568,2
the,182.94,183.03,100.0,0.09000000000000341,3
visualization,183.03,183.69,100.0,0.6599999999999966,13
but,184.65,184.8,100.0,0.15000000000000568,3
i,184.8,184.86,100.0,0.060000000000002274,1
think,184.86,185.04,100.0,0.1799999999999784,5
an,185.04,185.13,100.0,0.09000000000000341,2
important,185.13,185.58,100.0,0.45000000000001705,9
point,185.58,185.85,100.0,0.2699999999999818,5
excellent,186.12,186.6,100.0,0.47999999999998977,9
now,187.23,187.56,100.0,0.3300000000000125,3
we,187.74,187.95,100.0,0.20999999999997954,2
did,187.95,188.1,100.0,0.15000000000000568,3
our,188.1,188.28,100.0,0.18000000000000682,3
own,188.28,188.46,100.0,0.18000000000000682,3
study,188.46,188.85,100.0,0.38999999999998636,5
of,188.85,189.06,100.0,0.21000000000000796,2
word,189.06,189.3,67.58340000000001,0.2400000000000091,4
on,189.345615,189.78,55.4051,0.4343849999999918,2
cars,189.81,190.05,76.3006,0.2400000000000091,4
and,190.26,190.44,100.0,0.18000000000000682,3
we,190.44,190.59,100.0,0.15000000000000568,2
ended,190.59,190.86,100.0,0.27000000000001023,5
up,190.86,190.98,100.0,0.11999999999997613,2
being,190.98,191.19,100.0,0.21000000000000796,5
very,191.19,191.43,100.0,0.2400000000000091,4
interested,191.43,191.82,100.0,0.38999999999998636,10
this,191.82,192.0,100.0,0.18000000000000682,4
as,192.0,192.12,100.0,0.12000000000000455,2
well,192.12,192.42,100.0,0.29999999999998295,4
and,192.81,193.11,100.0,0.30000000000001137,3
one,193.14,193.35,100.0,0.21000000000000796,3
thing,193.35,193.5,100.0,0.15000000000000568,5
we,193.5,193.59,100.0,0.09000000000000341,2
discovered,193.59,194.151152,100.0,0.5611519999999928,10
it's,194.43,194.64,96.9728,0.20999999999997954,4
sort,195.21,195.42,100.0,0.20999999999997954,4
of,195.42,195.51,100.0,0.09000000000000341,2
telegraph,195.57,196.14,100.0,0.5699999999999932,9
this,196.14,196.29,100.0,0.15000000000000568,4
earlier,196.29,196.71,100.0,0.4200000000000159,7
many,196.98,197.46,100.0,0.4800000000000182,4
people,197.46,197.82,100.0,0.3599999999999852,6
we,197.82,197.97,100.0,0.15000000000000568,2
surveyed,197.97,198.6,100.0,0.6299999999999955,8
and,198.84,198.96,100.0,0.12000000000000455,3
we,198.96,199.08,100.0,0.12000000000000455,2
were,199.08,199.2,100.0,0.11999999999997613,4
surveying,199.2,199.68,100.0,0.4800000000000182,9
people,199.68,200.01,100.0,0.3299999999999841,6
who,200.01,200.28,100.0,0.27000000000001023,3
were,200.49,200.82,100.0,0.3299999999999841,4
on,200.91,201.09,100.0,0.18000000000000682,2
the,201.09,201.18,100.0,0.09000000000000341,3
site,201.18,201.45,100.0,0.2699999999999818,4
willing,201.48,201.72,83.1179,0.2400000000000091,7
to,201.72,201.78,100.0,0.060000000000002274,2
fill,201.78,202.02,100.0,0.2400000000000091,4
out,202.02,202.23,100.0,0.20999999999997954,3
a,202.23,202.29,100.0,0.060000000000002274,1
survey,202.29,202.65,100.0,0.36000000000001364,6
so,202.68,202.8,100.0,0.12000000000000455,2
if,202.8,202.95,100.0,0.14999999999997726,2
anything,202.98,203.49,100.0,0.5100000000000193,8
we,203.49,203.64,100.0,0.14999999999997726,2
were,203.64,203.76,100.0,0.12000000000000455,4
getting,203.76,204.03,100.0,0.27000000000001023,7
the,204.03,204.12,100.0,0.09000000000000341,3
most,204.12,204.33,100.0,0.21000000000000796,4
knowledgeable,204.36,205.02,100.0,0.6599999999999966,13
users,205.02,205.38,100.0,0.3599999999999852,5
awarded,205.38,205.86,39.8122,0.4800000000000182,7
they,206.22,206.49,100.0,0.27000000000001023,4
did,206.49,206.7,100.0,0.20999999999997954,3
not,206.7,206.97,100.0,0.27000000000001023,3
understand,206.97,207.6,100.0,0.6299999999999955,10
what,207.6,207.87,100.0,0.27000000000001023,4
the,207.87,207.99,100.0,0.12000000000000455,3
font,207.99,208.26,100.0,0.2699999999999818,4
size,208.26,208.56,100.0,0.30000000000001137,4
meant,208.56,208.95,85.11710000000001,0.38999999999998636,5
so,209.19,209.37,91.2743,0.18000000000000682,2
like,209.372622,209.58,100.0,0.2073780000000056,4
they,209.58,209.7,100.0,0.11999999999997613,4
literally,209.7,210.18,100.0,0.4800000000000182,9
didn't,210.18,210.42,100.0,0.23999999999998067,6
get,210.42,210.75,100.0,0.3300000000000125,3
what,210.75,210.93,100.0,0.18000000000000682,4
was,210.93,211.11,100.0,0.18000000000000682,3
being,211.11,211.32,100.0,0.20999999999997954,5
shown,211.32,211.68,100.0,0.36000000000001364,5
they,211.92,212.1,100.0,0.18000000000000682,4
still,212.1,212.37,100.0,0.27000000000001023,5
liked,212.37,212.64,97.8181,0.2699999999999818,5
it,212.64,212.7,62.5359,0.060000000000002274,2
on,213.12,213.24,100.0,0.12000000000000455,2
the,213.24,213.39,100.0,0.14999999999997726,3
other,213.39,213.54,100.0,0.15000000000000568,5
hand,213.54,213.78,100.0,0.2400000000000091,4
the,213.81,213.93,100.0,0.12000000000000455,3
good,213.93,214.29,100.0,0.3599999999999852,4
one,214.29,214.56,88.1771,0.27000000000001023,3
oz,214.56,214.74,79.5274,0.18000000000000682,2
and,214.74,214.963359,100.0,0.22335899999998787,3
this,215.176641,215.34,100.0,0.16335900000001402,4
is,215.34,215.43,100.0,0.09000000000000341,2
where,215.43,215.591616,89.35929999999999,0.16161599999998089,5
our,215.591616,215.67,52.6264,0.07838399999999979,3
user,215.67,215.94,96.9676,0.27000000000001023,4
quote,215.940557,216.21,100.0,0.26944299999999544,5
comes,216.21,216.48,100.0,0.2699999999999818,5
from,216.48,216.72,100.0,0.2400000000000091,4
people,217.17,217.71,100.0,0.5400000000000205,6
it,218.07,218.19,100.0,0.12000000000000455,2
was,218.19,218.28,100.0,0.09000000000000341,3
causing,218.31,218.88,100.0,0.5699999999999932,7
people,218.88,219.24,100.0,0.36000000000001364,6
to,219.24,219.42,100.0,0.1799999999999784,2
stop,219.42,219.96,100.0,0.5400000000000205,4
and,219.96,220.11,100.0,0.15000000000000568,3
think,220.17,220.41,100.0,0.2400000000000091,5
about,220.41,220.65,100.0,0.2400000000000091,5
the,220.65,220.74,100.0,0.09000000000000341,3
text,220.74,221.13,100.0,0.38999999999998636,4
in,221.13,221.22,100.0,0.09000000000000341,2
new,221.22,221.4,100.0,0.18000000000000682,3
ways,221.4,221.88,100.0,0.47999999999998977,4
it,222.81,223.02,100.0,0.21000000000000796,2
also,223.02,223.29,100.0,0.2699999999999818,4
turned,223.29,223.53,100.0,0.2400000000000091,6
out,223.53,223.71,100.0,0.18000000000000682,3
for,223.71,223.86,100.0,0.15000000000000568,3
many,223.86,224.13,100.0,0.2699999999999818,4
people,224.13,224.43,100.0,0.30000000000001137,6
having,224.43,224.73,100.0,0.29999999999998295,6
any,224.91,225.27,100.0,0.36000000000001364,3
way,225.27,225.6,100.0,0.3299999999999841,3
to,226.05,226.2,100.0,0.14999999999997726,2
visualize,226.2,226.678242,100.0,0.4782420000000229,9
text,226.682212,227.01,68.3995,0.3277879999999982,4
was,227.04,227.22,59.5254,0.18000000000000682,3
better,227.242339,227.52,100.0,0.27766100000002325,6
than,227.52,227.7,100.0,0.1799999999999784,4
nothing,227.7,227.97,100.0,0.27000000000001023,7
and,228.54,228.63,100.0,0.09000000000000341,3
finally,228.63,229.11,100.0,0.4800000000000182,7
the,229.23,229.41,100.0,0.18000000000000682,3
whole,229.41,229.8,100.0,0.3900000000000148,5
authoring,229.86,230.49,100.0,0.6299999999999955,9
aspect,230.85,231.48,100.0,0.6299999999999955,6
of,231.72,231.87,100.0,0.15000000000000568,2
wardle,231.87,232.26,100.0,0.38999999999998636,6
let,232.44,232.74,100.0,0.30000000000001137,3
people,232.74,233.07,100.0,0.3299999999999841,6
feel,233.07,233.28,100.0,0.21000000000000796,4
creative,233.28,233.76,100.0,0.47999999999998977,8
and,233.76,233.85,69.3886,0.09000000000000341,3
a,233.85,233.91,65.67779999999999,0.060000000000002274,1
very,233.91,234.21,100.0,0.30000000000001137,4
beneficial,234.27,235.14,100.0,0.8699999999999761,10
i,235.2,235.32,100.0,0.12000000000000455,1
think,235.32,235.62,100.0,0.30000000000001137,5
the,236.01,236.22,82.8295,0.21000000000000796,3
equalizing,236.28,236.91,84.3319,0.6299999999999955,10
way,236.91,237.21,100.0,0.30000000000001137,3
it,237.24,237.358374,80.7608,0.11837399999998865,2
gave,237.358374,237.66,100.0,0.30162599999999884,4
them,237.66,237.93,100.0,0.27000000000001023,4
tools,237.997852,238.56,100.0,0.5621480000000076,5
to,238.56,238.68,100.0,0.12000000000000455,2
look,238.68,238.86,100.0,0.18000000000000682,4
at,238.86,238.95,100.0,0.08999999999997499,2
the,238.95,239.13,85.4254,0.18000000000000682,3
next,239.82,240.09,100.0,0.27000000000001023,4
one,240.09,240.27,100.0,0.18000000000000682,3
okay,241.47,241.8,66.4369,0.3300000000000125,4
so,242.19,242.43,100.0,0.2400000000000091,2
what,242.43,242.64,100.0,0.20999999999997954,4
are,242.64,242.7,100.0,0.060000000000002274,3
the,242.7,242.79,100.0,0.09000000000000341,3
lessons,242.79,243.24,100.0,0.45000000000001705,7
here,243.24,243.48,100.0,0.23999999999998067,4
i,243.66,243.78,100.0,0.12000000000000455,1
think,243.78,243.99,100.0,0.21000000000000796,5
one,243.99,244.35,100.0,0.3599999999999852,3
important,244.41,244.89,100.0,0.47999999999998977,9
lesson,244.89,245.4,100.0,0.5100000000000193,6
is,246.03,246.21,100.0,0.18000000000000682,2
that,246.21,246.39,100.0,0.1799999999999784,4
approximations,246.54,247.35,100.0,0.8100000000000023,14
are,247.35,247.47,100.0,0.12000000000000455,3
better,247.47,247.785469,100.0,0.3154690000000073,6
i,249.12,249.45,100.0,0.3299999999999841,1
think,249.45,249.81,100.0,0.36000000000001364,5
a,250.17,250.26,100.0,0.09000000000000341,1
focus,250.26,250.68,100.0,0.4200000000000159,5
on,250.68,250.8,100.0,0.12000000000000455,2
precision,250.8,251.34,100.0,0.539999999999992,9
can,251.34,251.52,100.0,0.18000000000000682,3
often,251.52,252.06,100.0,0.539999999999992,5
lead,252.18,252.45,100.0,0.2699999999999818,4
us,252.45,252.57,100.0,0.12000000000000455,2
astray,252.57,253.08,100.0,0.5100000000000193,6
and,253.62,253.83,100.0,0.21000000000000796,3
a,253.89,253.98,100.0,0.09000000000000341,1
second,253.98,254.46,100.0,0.4800000000000182,6
issue,254.46,254.91,100.0,0.44999999999998863,5
is,255.0,255.24,100.0,0.2400000000000091,2
that,255.24,255.36,100.0,0.12000000000000455,4
there,255.36,255.51,100.0,0.14999999999997726,5
is,255.51,255.6,100.0,0.09000000000000341,2
a,255.6,255.69,100.0,0.09000000000000341,1
lot,255.69,256.11,100.0,0.4200000000000159,3
more,256.11,256.35,100.0,0.2400000000000091,4
to,256.35,256.5,100.0,0.14999999999997726,2
visualization,256.5,257.31,100.0,0.8100000000000023,13
that,257.55,257.7,56.1855,0.14999999999997726,4
transferring,257.7,258.24,100.0,0.5400000000000205,12
data,258.24,258.54,100.0,0.30000000000001137,4
from,258.57,258.74458,100.0,0.17457999999999174,4
the,258.75,258.809443,81.9517,0.05944299999998748,3
database,258.809443,259.32,100.0,0.5105570000000057,8
into,259.32,259.53,91.8184,0.20999999999997954,4
someone's,259.53,259.89,82.6712,0.36000000000001364,9
head,259.89,260.07,77.1316,0.18000000000000682,4
okay,261.21,261.81,58.2298,0.6000000000000227,4
so,262.26,262.5,100.0,0.2400000000000091,2
to,262.5,262.62,100.0,0.12000000000000455,2
keep,262.62,262.92,100.0,0.30000000000001137,4
on,262.95,263.28,100.0,0.3299999999999841,2
maybe,263.28,263.7,100.0,0.4200000000000159,5
with,263.7,263.94,100.0,0.2400000000000091,4
this,263.94,264.15,100.0,0.20999999999997954,4
theme,264.15,264.48,100.0,0.3300000000000409,5
of,264.48,264.66,100.0,0.18000000000000682,2
approximations,264.66,266.04,100.0,1.3799999999999955,14
and,266.13,266.61,100.0,0.4800000000000182,3
let's,266.79,267.06,100.0,0.2699999999999818,5
talk,267.06,267.27,100.0,0.20999999999997954,4
about,267.27,267.57,100.0,0.30000000000001137,5
our,267.57,267.75,100.0,0.18000000000000682,3
second,267.75,268.47,100.0,0.7200000000000273,6
case,268.8,269.1,100.0,0.30000000000001137,4
study,269.1,269.4,100.0,0.2999999999999545,5
here,269.4,269.67,100.0,0.27000000000003865,4
what,270.290918,270.93,100.0,0.6390820000000303,4
if,270.93,271.08,100.0,0.14999999999997726,2
we,271.08,271.23,100.0,0.1500000000000341,2
told,271.23,271.53,100.0,0.2999999999999545,4
you,271.53,271.71,100.0,0.18000000000000682,3
about,271.71,271.980352,100.0,0.2703520000000026,5
a,271.980352,272.039883,89.066,0.05953099999999267,1
visualization,272.039883,272.76,100.0,0.7201170000000161,13
that,272.76,273.27,100.0,0.5099999999999909,4
was,273.51,273.75,100.0,0.2400000000000091,3
like,273.75,274.17,100.0,0.4200000000000159,4
a,274.17,274.23,100.0,0.060000000000002274,1
tag,274.23,274.53,100.0,0.2999999999999545,3
cloud,274.56,274.98,100.0,0.4200000000000159,5
but,275.25,275.52,100.0,0.2699999999999818,3
for,275.52,275.7,100.0,0.18000000000000682,3
something,275.7,276.18,100.0,0.4800000000000182,9
with,276.18,276.45,100.0,0.2699999999999818,4
less,276.45,276.9,100.0,0.44999999999998863,4
meaning,276.9,277.5,100.0,0.6000000000000227,7
than,277.5,277.8,100.0,0.30000000000001137,4
words,277.8,278.43,100.0,0.6299999999999955,5
and,279.48,280.05,100.0,0.5699999999999932,3
something,280.14,280.56,100.0,0.4200000000000159,9
that,280.56,280.71,100.0,0.14999999999997726,4
looked,280.71,280.98,100.0,0.27000000000003865,6
at,280.98,281.1,100.0,0.12000000000000455,2
ima,281.1,281.28,44.269999999999996,0.17999999999994998,3
just,281.31,281.58,100.0,0.2699999999999818,4
by,281.61,281.85,100.0,0.2400000000000091,2
counting,281.91,282.51,100.0,0.5999999999999659,8
pixels,282.51,283.08,100.0,0.5699999999999932,6
only,283.11,283.62,100.0,0.5099999999999909,4
no,283.95,284.28,100.0,0.3299999999999841,2
fancy,284.28,284.67,100.0,0.3900000000000432,5
machine,284.67,284.97,100.0,0.30000000000001137,7
learning,284.97,285.3,100.0,0.3299999999999841,8
this,285.3,285.48,100.0,0.18000000000000682,4
is,285.48,285.6,100.0,0.12000000000000455,2
not,285.6,286.08,100.0,0.47999999999996135,3
pixel,286.14,286.53,100.0,0.38999999999998636,5
counting,286.53,287.1,100.0,0.57000000000005,8
from,287.1,287.58,100.0,0.47999999999996135,4
ml,287.61,288.18,100.0,0.5699999999999932,2
what,289.2,289.47,100.0,0.27000000000003865,4
would,289.47,289.62,100.0,0.14999999999997726,5
you,289.62,289.8,100.0,0.18000000000000682,3
think,289.8,290.31,100.0,0.5099999999999909,5
about,290.46,290.73,100.0,0.27000000000003865,5
such,290.73,290.97,100.0,0.2400000000000091,4
a,290.97,291.03,100.0,0.05999999999994543,1
thing,291.03,291.39,100.0,0.36000000000001364,5
her,291.84,292.02,49.6253,0.18000000000000682,3
radical,292.02,292.56,79.7425,0.5400000000000205,7
right,292.71,293.07,100.0,0.36000000000001364,5
but,294.06,294.24,100.0,0.18000000000000682,3
this,294.24,294.42,100.0,0.18000000000000682,4
is,294.42,294.54,100.0,0.12000000000000455,2
actually,294.54,294.93,100.0,0.38999999999998636,8
a,294.93,294.99,100.0,0.060000000000002274,1
project,294.99,295.5,100.0,0.5099999999999909,7
we,295.5,295.74,100.0,0.2400000000000091,2
did,295.74,296.19,100.0,0.44999999999998863,3
and,296.43,296.91,100.0,0.4800000000000182,3
called,296.97,297.48,65.64189999999999,0.5099999999999909,6
flicker,297.490313,297.9,100.0,0.4096869999999626,7
flow,297.9,298.23,67.5609,0.3300000000000409,4
and,298.65,298.8,100.0,0.1500000000000341,3
this,298.8,298.95,100.0,0.14999999999997726,4
is,298.95,299.25,100.0,0.30000000000001137,2
this,299.37,299.67,100.0,0.30000000000001137,4
is,299.67,299.88,100.0,0.20999999999997954,2
that,299.88,300.300703,70.93310000000001,0.42070300000000316,4
the,300.300703,300.87,100.0,0.5692970000000059,3
context,300.93,301.65,100.0,0.7199999999999704,7
for,301.65,301.8,100.0,0.1500000000000341,3
this,301.8,302.01,100.0,0.20999999999997954,4
project,302.01,302.55,100.0,0.5400000000000205,7
we,302.91,303.21,100.0,0.2999999999999545,2
were,303.21,303.42,100.0,0.21000000000003638,4
approached,303.42,304.14,100.0,0.7199999999999704,10
a,304.53,304.62,100.0,0.09000000000003183,1
number,304.62,304.89,100.0,0.2699999999999818,6
of,304.89,304.95,100.0,0.060000000000002274,2
years,304.95,305.25,100.0,0.30000000000001137,5
ago,305.25,305.49,100.0,0.2400000000000091,3
we,305.49,305.64,100.0,0.14999999999997726,2
were,305.64,305.82,100.0,0.18000000000000682,4
approached,305.82,306.33,100.0,0.5099999999999909,10
by,306.33,306.66,100.0,0.3300000000000409,2
a,306.72,306.81,100.0,0.08999999999997499,1
magazine,306.81,307.44,100.0,0.6299999999999955,8
called,307.44,307.83,100.0,0.38999999999998636,6
boston,307.83,308.37,100.0,0.5400000000000205,6
magazine,308.37,309.0,100.0,0.6299999999999955,8
and,309.84,309.99,100.0,0.1500000000000341,3
they,309.99,310.14,100.0,0.14999999999997726,4
asked,310.14,310.5,100.0,0.36000000000001364,5
us,310.5,310.77,100.0,0.2699999999999818,2
can,311.34,311.61,100.0,0.27000000000003865,3
you,311.61,311.79,100.0,0.18000000000000682,3
visualize,311.85,312.57,100.0,0.7199999999999704,9
the,312.57,312.69,100.0,0.12000000000000455,3
city,312.69,313.05,100.0,0.36000000000001364,4
of,313.05,313.2,100.0,0.14999999999997726,2
boston,313.2,313.74,100.0,0.5400000000000205,6
and,314.91,315.27,100.0,0.3599999999999568,3
it's,315.3,315.54,100.0,0.2400000000000091,4
a,315.54,315.6,100.0,0.060000000000002274,1
print,315.6,316.11,100.0,0.5099999999999909,5
magazine,316.17,316.86,100.0,0.6899999999999977,8
it's,316.98,317.22,100.0,0.2400000000000091,4
it's,317.22,317.43,100.0,0.20999999999997954,4
not,317.43,317.730937,100.0,0.30093699999997625,3
online,317.730937,318.21,57.0302,0.47906299999999646,6
it's,318.21,318.33,99.13539999999999,0.12000000000000455,4
not,318.33,318.57,100.0,0.2400000000000091,3
interactive,318.57,319.2,100.0,0.6299999999999955,11
so,319.2,319.38,100.0,0.18000000000000682,2
we,319.38,319.5,100.0,0.12000000000000455,2
kept,319.5,319.77,100.0,0.2699999999999818,4
thinking,319.77,320.31,100.0,0.5400000000000205,8
what,320.31,320.49,100.0,0.18000000000000682,4
does,320.49,320.58,100.0,0.08999999999997499,4
it,320.58,320.73,100.0,0.1500000000000341,2
mean,320.73,321.09,100.0,0.3599999999999568,4
to,321.09,321.21,100.0,0.12000000000000455,2
visualize,321.21,321.69,100.0,0.4800000000000182,9
a,321.69,321.779209,78.88730000000001,0.08920899999998255,1
city,321.779209,322.17,100.0,0.39079100000003564,4
and,322.71,322.92,100.0,0.21000000000003638,3
so,322.92,323.49,100.0,0.5699999999999932,2
we,323.58,323.7,100.0,0.12000000000000455,2
started,323.7,324.12,100.0,0.4200000000000159,7
thinking,324.12,324.78,100.0,0.6599999999999682,8
more,324.84,325.26,100.0,0.4200000000000159,4
about,325.26,325.56,100.0,0.30000000000001137,5
this,325.56,325.86,100.0,0.30000000000001137,4
and,325.86,326.16,100.0,0.30000000000001137,3
decided,326.22,326.82,100.0,0.5999999999999659,7
you,326.82,326.91,100.0,0.09000000000003183,3
know,326.91,327.09,100.0,0.17999999999994998,4
one,327.09,327.36,100.0,0.27000000000003865,3
of,327.36,327.45,100.0,0.08999999999997499,2
the,327.45,327.54,100.0,0.09000000000003183,3
things,327.54,327.87,100.0,0.3299999999999841,6
that,327.87,328.08,100.0,0.20999999999997954,4
is,328.08,328.26,100.0,0.18000000000000682,2
kind,328.26,328.56,100.0,0.30000000000001137,4
of,328.56,328.74,100.0,0.18000000000000682,2
an,329.1,329.58,49.3595,0.47999999999996135,2
expressive,330.27,331.17,100.0,0.9000000000000341,10
about,331.17,331.56,100.0,0.38999999999998636,5
boston,331.56,332.1,100.0,0.5400000000000205,6
is,332.19,332.46,100.0,0.2699999999999818,2
the,332.46,332.55,100.0,0.09000000000003183,3
seasonality,332.55,333.36,100.0,0.8100000000000023,11
the,333.42,333.54,100.0,0.12000000000000455,3
fact,333.54,333.99,100.0,0.44999999999998863,4
that,333.99,334.44,100.0,0.44999999999998863,4
it,334.47,334.86,100.0,0.38999999999998636,2
is,334.86,335.04,100.0,0.18000000000000682,2
as,335.04,335.16,71.2092,0.12000000000000455,2
if,335.16,335.37,100.0,0.20999999999997954,2
the,335.4,335.55,100.0,0.1500000000000341,3
city,335.55,336.09,100.0,0.5399999999999636,4
cloaked,336.84,337.38,100.0,0.5400000000000205,7
itself,337.38,337.83,100.0,0.44999999999998863,6
in,337.83,337.92,100.0,0.09000000000003183,2
different,337.92,338.22,100.0,0.30000000000001137,9
colors,338.22,338.73,100.0,0.5099999999999909,6
as,338.91,339.15,100.0,0.23999999999995225,2
the,339.15,339.3,100.0,0.1500000000000341,3
year,339.3,339.66,100.0,0.36000000000001364,4
progresses,339.72,340.47,100.0,0.75,10
right,340.5,340.8,100.0,0.30000000000001137,5
so,340.8,341.01,100.0,0.20999999999997954,2
the,341.31,341.46,100.0,0.14999999999997726,3
question,341.46,341.82,100.0,0.36000000000001364,8
for,341.82,342.0,100.0,0.18000000000000682,3
us,342.0,342.21,100.0,0.20999999999997954,2
was,342.21,342.48,100.0,0.27000000000003865,3
how,342.48,342.69,100.0,0.20999999999997954,3
can,342.69,342.9,100.0,0.20999999999997954,3
we,342.9,343.02,100.0,0.12000000000000455,2
capture,343.02,343.68,100.0,0.660000000000025,7
that,343.77,344.07,100.0,0.30000000000001137,4
change,344.07,344.76,100.0,0.6899999999999977,6
through,345.09,345.39,100.0,0.30000000000001137,7
a,345.39,345.51,100.0,0.12000000000000455,1
visualization,345.51,346.26,100.0,0.75,13
so,346.65,346.86,100.0,0.21000000000003638,2
we,346.86,346.98,100.0,0.12000000000000455,2
went,346.98,347.37,100.0,0.38999999999998636,4
to,347.4,347.79,100.0,0.3900000000000432,2
flicker,347.79,348.48,100.0,0.6899999999999977,7
which,348.78,349.23,100.0,0.4500000000000455,5
is,349.23,349.35,100.0,0.12000000000000455,2
a,349.35,349.41,100.0,0.060000000000002274,1
website,349.41,349.98,100.0,0.5699999999999932,7
where,350.01,350.34,100.0,0.3299999999999841,5
people,350.34,350.67,100.0,0.3300000000000409,6
can,350.67,350.91,100.0,0.2400000000000091,3
post,350.91,351.36,100.0,0.44999999999998863,4
photos,351.36,351.81,100.0,0.44999999999998863,6
that,351.81,351.99,100.0,0.18000000000000682,4
they,351.99,352.14,100.0,0.14999999999997726,4
take,352.14,352.5,100.0,0.36000000000001364,4
and,352.92,353.43,100.0,0.5099999999999909,3
we,353.43,353.61,100.0,0.18000000000000682,2
decided,353.61,354.36,100.0,0.75,7
to,354.39,354.6,100.0,0.21000000000003638,2
look,354.6,354.96,100.0,0.3599999999999568,4
for,354.96,355.17,100.0,0.21000000000003638,3
all,355.23,355.473779,100.0,0.2437789999999609,3
of,355.473779,355.53,66.2593,0.05622099999999364,2
the,355.53,355.62,100.0,0.09000000000003183,3
pictures,355.62,356.34,100.0,0.7199999999999704,8
on,357.51,357.99,100.0,0.4800000000000182,2
the,358.08,358.59,79.5724,0.5099999999999909,3
about,358.95,359.43,100.0,0.4800000000000182,5
the,359.43,359.52,100.0,0.08999999999997499,3
boston,359.52,359.94,100.0,0.4200000000000159,6
common,359.94,360.36,100.0,0.4200000000000159,6
boston,360.51,360.9,100.0,0.38999999999998636,6
common,360.9,361.2,100.0,0.30000000000001137,6
is,361.2,361.32,100.0,0.12000000000000455,2
the,361.32,361.47,100.0,0.1500000000000341,3
largest,361.47,362.16,100.0,0.6899999999999977,7
public,362.16,362.67,100.0,0.5099999999999909,6
park,363.0,363.42,100.0,0.4200000000000159,4
in,363.48,363.66,100.0,0.18000000000000682,2
boston,363.66,364.02,100.0,0.3599999999999568,6
it's,364.02,364.17,100.0,0.1500000000000341,4
kind,364.17,364.47,100.0,0.30000000000001137,4
of,364.47,364.62,100.0,0.14999999999997726,2
the,364.65,364.89,100.0,0.2400000000000091,3
central,364.89,365.43,100.0,0.5400000000000205,7
park,365.43,365.91,100.0,0.4800000000000182,4
of,366.03,366.24,100.0,0.21000000000003638,2
boston,366.24,366.66,100.0,0.4200000000000159,6
if,366.66,366.81,100.0,0.14999999999997726,2
you,366.81,366.93,100.0,0.12000000000000455,3
will,366.93,367.17,100.0,0.2400000000000091,4
and,367.71,368.19,100.0,0.4800000000000182,3
on,368.22,368.43,94.7565,0.20999999999997954,2
flicker,368.43,368.88,91.184,0.44999999999998863,7
there,368.97,369.12,100.0,0.14999999999997726,5
are,369.12,369.21,100.0,0.08999999999997499,3
a,369.21,369.24,100.0,0.03000000000002956,1
number,369.24,369.87,100.0,0.6299999999999955,6
of,369.87,370.020029,67.4454,0.15002900000001773,2
of,370.020029,370.193174,90.7911,0.1731449999999768,2
photos,370.29,370.89,100.0,0.5999999999999659,6
that,370.89,371.19,100.0,0.30000000000001137,4
people,371.22,371.52,100.0,0.2999999999999545,6
post,371.55,371.97,100.0,0.4200000000000159,4
publicly,372.0,372.57,100.0,0.5699999999999932,8
that,372.57,372.81,100.0,0.2400000000000091,4
are,372.81,372.96,100.0,0.14999999999997726,3
under,372.96,373.29,100.0,0.3300000000000409,5
creative,373.32,373.83,100.0,0.5099999999999909,8
creative,374.91,375.24,100.0,0.3299999999999841,8
commons,375.24,375.6,100.0,0.36000000000001364,7
license,375.6,376.14,100.0,0.5399999999999636,7
and,376.59,376.74,100.0,0.1500000000000341,3
so,376.74,377.01,100.0,0.2699999999999818,2
we,377.01,377.25,100.0,0.2400000000000091,2
downloaded,377.25,378.21,100.0,0.9599999999999795,10
a,378.45,378.63,100.0,0.18000000000000682,1
year's,378.66,379.2,72.318,0.5399999999999636,6
worth,379.2,379.74,100.0,0.5400000000000205,5
of,380.13,380.4,100.0,0.2699999999999818,2
photos,380.4,380.88,100.0,0.4800000000000182,6
of,380.88,381.06,100.0,0.18000000000000682,2
the,381.06,381.15,100.0,0.08999999999997499,3
boston,381.15,381.51,100.0,0.36000000000001364,6
common,381.51,381.99,100.0,0.4800000000000182,6
and,382.35,382.56,100.0,0.20999999999997954,3
we,382.56,382.74,100.0,0.18000000000000682,2
binned,382.74,383.37,88.79780000000001,0.6299999999999955,6
these,383.43,383.91,100.0,0.4800000000000182,5
pictures,383.91,384.54,100.0,0.6299999999999955,8
by,384.54,384.805576,100.0,0.2655759999999532,2
month,384.84,385.14,69.35480000000001,0.30000000000001137,5
so,385.17,385.44,100.0,0.2699999999999818,2
these,385.5,385.77,100.0,0.2699999999999818,5
are,385.77,385.89,100.0,0.12000000000000455,3
all,385.89,386.04,100.0,0.1500000000000341,3
the,386.04,386.13,100.0,0.08999999999997499,3
pictures,386.13,386.58,100.0,0.44999999999998863,8
for,386.58,386.73,100.0,0.1500000000000341,3
january,386.73,387.3,100.0,0.5699999999999932,7
these,387.33,387.6,100.0,0.27000000000003865,5
are,387.6,387.700107,100.0,0.10010699999997996,3
all,387.700107,387.786123,71.43969999999999,0.08601599999997234,3
the,387.786123,387.87,69.6337,0.08387700000002951,3
pictures,387.87,388.32,100.0,0.44999999999998863,8
for,388.32,388.5,100.0,0.18000000000000682,3
june,388.5,389.01,100.0,0.5099999999999909,4
and,389.01,389.296406,100.0,0.2864059999999995,3
so,389.34,389.52,100.0,0.18000000000000682,2
forth,389.52,389.88,100.0,0.36000000000001364,5
and,391.44,391.59,100.0,0.14999999999997726,3
now,391.59,391.750869,56.4886,0.1608690000000479,3
that,391.750869,391.92,72.2286,0.16913099999999304,4
we,391.92832,392.04,100.0,0.1116800000000353,2
had,392.04,392.25,83.9195,0.20999999999997954,3
the,392.25,392.31,100.0,0.060000000000002274,3
pictures,392.31,392.79,100.0,0.4800000000000182,8
what,392.79,393.0,100.0,0.20999999999997954,4
we,393.0,393.18,100.0,0.18000000000000682,2
did,393.18,393.63,100.0,0.44999999999998863,3
is,393.69,393.96,100.0,0.2699999999999818,2
we,394.44,394.71,100.0,0.2699999999999818,2
kind,394.71,395.04,100.0,0.3300000000000409,4
have,395.046768,395.16,89.28620000000001,0.11323200000003908,4
only,395.16,395.43,100.0,0.2699999999999818,4
paid,395.43,395.7,100.0,0.2699999999999818,4
attention,395.7,396.09,100.0,0.38999999999998636,9
to,396.09,396.21,100.0,0.12000000000000455,2
the,396.21,396.33,100.0,0.12000000000000455,3
colors,396.33,396.9,100.0,0.5699999999999932,6
in,397.05,397.2,100.0,0.14999999999997726,2
the,397.2,397.29,100.0,0.09000000000003183,3
picture,397.29,397.623047,100.0,0.333046999999965,7
it,397.623047,397.74,86.9374,0.11695300000002362,2
is,397.77,398.22,100.0,0.4500000000000455,2
as,398.22,398.46,100.0,0.23999999999995225,2
if,398.46,398.58,100.0,0.12000000000000455,2
we,398.58,398.7,100.0,0.12000000000000455,2
had,398.7,398.908682,100.0,0.20868200000001025,3
squeezed,398.91,399.54,68.22019999999999,0.6299999999999955,8
those,399.57,399.87,100.0,0.30000000000001137,5
pictures,399.87,400.41,100.0,0.5400000000000205,8
and,400.41,400.59,100.0,0.17999999999994998,3
just,400.65,401.28,100.0,0.6299999999999955,4
we're,401.67,401.91,53.2168,0.2400000000000091,5
left,401.91,402.27,100.0,0.3599999999999568,4
with,402.27,402.45,100.0,0.18000000000000682,4
colors,402.458291,402.96,95.8498,0.5017090000000053,6
and,403.38,403.53,100.0,0.14999999999997726,3
basically,403.53,404.01,100.0,0.4800000000000182,9
we,404.01,404.16,100.0,0.1500000000000341,2
were,404.16,404.31,100.0,0.14999999999997726,4
counting,404.31,404.85,100.0,0.5400000000000205,8
pixels,404.85,405.48,100.0,0.6299999999999955,6
i,405.84,406.23,100.0,0.3900000000000432,1
imagine,406.32,406.83,100.0,0.5099999999999909,7
you,406.83,406.95,100.0,0.12000000000000455,3
have,406.95,407.37,100.0,0.4200000000000159,4
you,407.37,407.52,100.0,0.14999999999997726,3
know,407.52,407.76,100.0,0.2400000000000091,4
this,407.76,408.18,100.0,0.4200000000000159,4
color,408.24,408.6,96.5525,0.36000000000001364,5
space,408.6,408.99,96.5525,0.38999999999998636,5
this,408.99,409.17,100.0,0.18000000000000682,4
cube,409.17,409.59,100.0,0.4199999999999591,4
that,409.59,409.71,100.0,0.12000000000000455,4
is,409.71,409.83,89.5569,0.12000000000000455,2
this,409.83,410.01,89.31219999999999,0.18000000000000682,4
color,410.01,410.31,100.0,0.30000000000001137,5
space,410.31,410.7,100.0,0.38999999999998636,5
and,411.09,411.54,100.0,0.4500000000000455,3
we,411.54,411.75,53.63830000000001,0.20999999999997954,2
are,411.75,411.87,53.63830000000001,0.12000000000000455,3
literally,411.87,412.44,100.0,0.5699999999999932,9
looking,412.44,412.95,100.0,0.5099999999999909,7
at,412.95,413.13,100.0,0.18000000000000682,2
each,413.16,413.43,100.0,0.2699999999999818,4
one,413.43,413.79,100.0,0.36000000000001364,3
of,413.79,413.94,100.0,0.14999999999997726,2
the,413.94,414.09,100.0,0.14999999999997726,3
tiny,414.09,414.63,100.0,0.5400000000000205,4
cubes,414.63,415.2,100.0,0.5699999999999932,5
for,415.32,415.5,100.0,0.18000000000000682,3
each,415.5,415.74,100.0,0.2400000000000091,4
one,415.74,415.95,100.0,0.20999999999997954,3
of,415.95,416.04,100.0,0.09000000000003183,2
the,416.04,416.13,100.0,0.08999999999997499,3
hues,416.13,416.73,88.3053,0.6000000000000227,4
and,417.21,417.36,100.0,0.1500000000000341,3
all,417.36,417.6,100.0,0.2400000000000091,3
we're,417.6,417.75,100.0,0.14999999999997726,5
doing,417.75,418.17,100.0,0.4200000000000159,5
is,418.17,418.32,100.0,0.14999999999997726,2
counting,418.32,418.86,100.0,0.5400000000000205,8
pixels,418.86,419.52,100.0,0.6599999999999682,6
and,419.85,420.21,100.0,0.3599999999999568,3
we're,420.21,420.42,68.863,0.21000000000003638,5
made,420.42,420.78,45.7534,0.3599999999999568,4
enlarging,420.81,421.65,100.0,0.839999999999975,9
cubes,421.65,422.46,100.0,0.8100000000000023,5
of,422.61,423.0,100.0,0.38999999999998636,2
the,423.06,423.18,100.0,0.12000000000000455,3
colors,423.18,423.66,100.0,0.4800000000000182,6
we,423.66,423.78,100.0,0.1199999999999477,2
see,423.78,424.05,100.0,0.27000000000003865,3
more,424.05,424.5,100.0,0.44999999999998863,4
the,425.1,425.25,100.0,0.14999999999997726,3
most,425.25,425.64,100.0,0.38999999999998636,4
and,425.67,426.24,100.0,0.5699999999999932,3
decreasing,426.33,426.93,100.0,0.6000000000000227,10
the,426.93,427.02,100.0,0.08999999999997499,3
size,427.02,427.32,100.0,0.30000000000001137,4
of,427.32,427.38,100.0,0.060000000000002274,2
cubes,427.41,427.86,100.0,0.44999999999998863,5
of,427.86,428.13,100.0,0.2699999999999818,2
the,428.13,428.22,100.0,0.09000000000003183,3
colors,428.22,428.61,100.0,0.38999999999998636,6
we,428.61,428.73,100.0,0.12000000000000455,2
see,428.73,428.97,100.0,0.2400000000000091,3
the,428.97,429.12,100.0,0.14999999999997726,3
least,429.12,429.6,100.0,0.4800000000000182,5
okay,429.75,430.14,100.0,0.38999999999998636,4
now,430.5,430.95,100.0,0.44999999999998863,3
remember,431.55,431.97,100.0,0.4200000000000159,8
we,431.97,432.12,100.0,0.14999999999997726,2
have,432.12,432.42,100.0,0.30000000000001137,4
these,432.42,432.72,100.0,0.30000000000001137,5
per,432.72,433.02,100.0,0.2999999999999545,3
month,433.02,433.53,100.0,0.5099999999999909,5
of,433.74,433.92,100.0,0.18000000000000682,2
the,433.92,434.030215,66.6674,0.11021499999998241,3
year,434.030215,434.37,100.0,0.3397850000000062,4
right,434.43,434.73,100.0,0.30000000000001137,5
and,435.0,435.18,100.0,0.18000000000000682,3
so,435.18,435.36,100.0,0.18000000000000682,2
so,435.36,435.78,100.0,0.4199999999999591,2
we,436.11,436.29,100.0,0.18000000000000682,2
just,436.29,436.59,100.0,0.2999999999999545,4
started,436.98,437.46,100.0,0.47999999999996135,7
to,437.46,437.64,100.0,0.18000000000000682,2
stack,437.64,438.27,100.0,0.6299999999999955,5
them,438.27,438.63,100.0,0.36000000000001364,4
on,438.72,438.9,100.0,0.17999999999994998,2
top,438.9,439.17,100.0,0.27000000000003865,3
of,439.17,439.26,100.0,0.08999999999997499,2
each,439.26,439.47,100.0,0.21000000000003638,4
other,439.47,439.95,100.0,0.47999999999996135,5
over,440.07,440.37,100.0,0.30000000000001137,4
a,440.37,440.46,100.0,0.08999999999997499,1
whole,440.46,440.82,100.0,0.36000000000001364,5
year,440.82,441.33,100.0,0.5099999999999909,4
and,441.75,441.93,100.0,0.18000000000000682,3
because,441.93,442.59,100.0,0.6599999999999682,7
weather,443.16,444.03,100.0,0.8699999999999477,7
and,444.15,444.75,100.0,0.6000000000000227,3
you,444.78,444.96,100.0,0.18000000000000682,3
know,444.96,445.23,100.0,0.27000000000003865,4
the,445.29,445.519482,71.29339999999999,0.22948199999996177,3
the,445.519482,445.71,100.0,0.1905179999999973,3
seasons,445.71,446.52,100.0,0.8100000000000023,7
are,446.67,447.0,100.0,0.3299999999999841,3
cyclical,447.12,448.14,100.0,1.0199999999999818,8
rhythm,448.83,449.31,100.0,0.4800000000000182,6
we,449.7,449.88,100.0,0.18000000000000682,2
decided,449.88,450.27,100.0,0.38999999999998636,7
to,450.27,450.39,100.0,0.12000000000000455,2
put,450.39,450.63,100.0,0.2400000000000091,3
this,450.63,451.05,100.0,0.4200000000000159,4
in,451.32,451.53,100.0,0.20999999999997954,2
a,451.53,451.59,100.0,0.060000000000002274,1
circle,451.59,452.01,100.0,0.4200000000000159,6
and,452.64,453.06,100.0,0.4200000000000159,3
so,453.06,453.45,100.0,0.38999999999998636,2
this,453.45,453.84,100.0,0.38999999999998636,4
is,453.84,453.96,100.0,0.12000000000000455,2
what,453.96,454.2,100.0,0.2400000000000091,4
the,454.2,454.29,100.0,0.09000000000003183,3
visualization,454.29,455.16,100.0,0.8700000000000045,13
ended,455.22,455.52,100.0,0.2999999999999545,5
up,455.55,455.7,100.0,0.14999999999997726,2
looking,455.7,456.06,100.0,0.36000000000001364,7
like,456.06,456.27,100.0,0.20999999999997954,4
this,456.3,456.48,100.0,0.18000000000000682,4
is,456.48,456.6,100.0,0.12000000000000455,2
flicker,456.6,456.9,100.0,0.2999999999999545,7
flow,456.9,457.29,100.0,0.3900000000000432,4
and,458.07,458.52,100.0,0.44999999999998863,3
to,458.61,458.88,100.0,0.2699999999999818,2
our,458.88,459.18,100.0,0.30000000000001137,3
surprise,459.18,460.08,100.0,0.8999999999999773,8
even,460.08,460.38,100.0,0.30000000000001137,4
though,460.38,460.65,100.0,0.2699999999999818,6
we,460.65,460.83,100.0,0.18000000000000682,2
were,460.83,461.01,100.0,0.18000000000000682,4
taking,461.01,461.52,100.0,0.5099999999999909,6
out,461.52,461.85,100.0,0.3300000000000409,3
a,461.94,462.03,100.0,0.08999999999997499,1
ton,462.03,462.72,100.0,0.6900000000000546,3
of,462.72,462.9,100.0,0.17999999999994998,2
information,462.9,463.65,100.0,0.75,11
from,463.68,464.01,100.0,0.3299999999999841,4
we,464.07,464.25,100.0,0.18000000000000682,2
were,464.25,464.34,97.0958,0.08999999999997499,4
taking,464.34,464.67,100.0,0.3300000000000409,6
out,464.67,464.97,100.0,0.30000000000001137,3
most,465.12,465.45,100.0,0.3299999999999841,4
of,465.45,465.54,100.0,0.09000000000003183,2
the,465.54,465.63,100.0,0.08999999999997499,3
content,465.63,466.11,100.0,0.4800000000000182,7
from,466.11,466.35,100.0,0.2400000000000091,4
these,466.35,466.56,100.0,0.20999999999997954,5
images,466.56,467.04,100.0,0.4800000000000182,6
right,467.04,467.31,88.34450000000001,0.2699999999999818,5
we,467.31,467.46,100.0,0.14999999999997726,2
were,467.46,467.64,100.0,0.18000000000000682,4
literally,467.64,468.09,100.0,0.44999999999998863,9
just,468.09,468.36,100.0,0.27000000000003865,4
counting,468.36,468.81,100.0,0.44999999999998863,8
colors,468.81,469.35,100.0,0.5400000000000205,6
you,470.16,470.37,100.0,0.20999999999997954,3
could,470.37,470.55,83.48100000000001,0.18000000000000682,5
still,470.55,470.94,100.0,0.38999999999998636,5
see,470.94,471.42,100.0,0.4800000000000182,3
the,471.66,472.05,50.41,0.38999999999998636,3
information,472.11,472.83,100.0,0.7199999999999704,11
here,472.83,473.04,100.0,0.21000000000003638,4
so,473.04,473.22,100.0,0.18000000000000682,2
for,473.22,473.37,100.0,0.14999999999997726,3
instance,473.37,473.79,100.0,0.4200000000000159,8
you,474.03,474.3,100.0,0.27000000000003865,3
will,474.3,474.48,100.0,0.18000000000000682,4
notice,474.48,474.87,100.0,0.38999999999998636,6
that,474.87,475.14,100.0,0.2699999999999818,4
january,475.14,475.68,100.0,0.5400000000000205,7
he,475.68,475.8,46.5929,0.12000000000000455,2
is,475.8,475.92,92.4676,0.12000000000000455,2
at,475.92,476.04,100.0,0.12000000000000455,2
the,476.04,476.13,100.0,0.08999999999997499,3
very,476.13,476.4,100.0,0.2699999999999818,4
bottom,476.64,477.24,100.0,0.6000000000000227,6
of,477.3,477.63,100.0,0.3299999999999841,2
this,477.63,477.96,100.0,0.3299999999999841,4
circle,477.99,478.5,100.0,0.5099999999999909,6
and,478.92,479.28,100.0,0.3599999999999568,3
that's,479.28,479.61,100.0,0.3300000000000409,6
when,479.61,480.12,100.0,0.5099999999999909,4
you,480.12,480.3,100.0,0.18000000000000682,3
know,480.3,480.6,100.0,0.30000000000001137,4
winter,480.63,481.2,100.0,0.5699999999999932,6
is,481.2,481.47,100.0,0.27000000000003865,2
happening,481.47,482.04,100.0,0.5699999999999932,9
in,482.07,482.380049,68.7658,0.31004899999999225,2
in,482.380049,482.64,100.0,0.25995100000000093,2
boston,482.64,483.12,100.0,0.4800000000000182,6
obviously,483.12,483.63,100.0,0.5099999999999909,9
and,483.63,483.78,100.0,0.14999999999997726,3
so,483.78,483.99,100.0,0.21000000000003638,2
that's,483.99,484.26,100.0,0.2699999999999818,6
when,484.26,484.47,100.0,0.21000000000003638,4
we,484.47,484.59,100.0,0.1199999999999477,2
have,484.59,484.77,100.0,0.18000000000000682,4
a,484.77,484.83,100.0,0.060000000000002274,1
lot,484.83,485.31,100.0,0.4800000000000182,3
of,485.31,485.52,100.0,0.20999999999997954,2
whites,485.55,486.3,100.0,0.75,6
and,486.3,486.48,100.0,0.18000000000000682,3
grays,486.48,487.26,100.0,0.7799999999999727,5
if,487.5,487.71,100.0,0.20999999999997954,2
you,487.71,487.92,100.0,0.21000000000003638,3
keep,487.98,488.22,100.0,0.2400000000000091,4
going,488.22,488.52,100.0,0.2999999999999545,5
clockwise,488.52,489.21,100.0,0.6899999999999977,9
as,489.21,489.36,100.0,0.1500000000000341,2
the,489.36,489.45,100.0,0.08999999999997499,3
years,489.45,489.78,99.1271,0.3299999999999841,5
progressing,489.78,490.44,100.0,0.660000000000025,11
you,490.44,490.53,63.775800000000004,0.08999999999997499,3
will,490.53,490.68,63.775800000000004,0.1500000000000341,4
see,490.68,491.01,52.451,0.3299999999999841,3
may,491.07,491.58,100.0,0.5099999999999909,3
you,491.85,492.03,100.0,0.17999999999994998,3
have,492.03,492.39,100.0,0.36000000000001364,4
a,492.39,492.51,100.0,0.12000000000000455,1
nice,492.51,493.05,100.0,0.5400000000000205,4
ribbon,493.05,493.65,100.0,0.5999999999999659,6
ribbon,494.04,494.37,100.0,0.3299999999999841,6
of,494.37,494.52,100.0,0.14999999999997726,2
fuchsia,494.52,495.42,100.0,0.9000000000000341,7
as,495.69,495.84,100.0,0.14999999999997726,2
and,495.87,496.32,100.0,0.44999999999998863,3
that,496.53,496.98,100.0,0.4500000000000455,4
represents,496.98,497.67,100.0,0.6899999999999977,10
a,497.7,497.82,100.0,0.12000000000000455,1
lot,497.82,498.0,100.0,0.18000000000000682,3
of,498.0,498.12,100.0,0.12000000000000455,2
the,498.12,498.21,100.0,0.08999999999997499,3
flowers,498.21,498.99,100.0,0.7800000000000296,7
that,498.99,499.17,100.0,0.18000000000000682,4
are,499.17,499.26,100.0,0.08999999999997499,3
starting,499.26,499.62,100.0,0.36000000000001364,8
to,499.62,499.71,100.0,0.08999999999997499,2
bloom,499.71,500.07,100.0,0.36000000000001364,5
in,500.07,500.16,100.0,0.09000000000003183,2
the,500.16,500.25,100.0,0.08999999999997499,3
park,500.25,500.73,100.0,0.4800000000000182,4
and,501.36,501.475371,90.9639,0.1153709999999819,3
then,501.475371,501.63,100.0,0.1546289999999999,4
in,501.63,501.75,100.0,0.12000000000000455,2
june,501.78,502.2,100.0,0.4200000000000159,4
you,502.2,502.29,95.8485,0.09000000000003183,3
have,502.29123,502.44,100.0,0.14877000000001317,4
a,502.44,502.53,100.0,0.08999999999997499,1
bulge,502.53,502.98,100.0,0.4500000000000455,5
of,502.98,503.13,100.0,0.14999999999997726,2
greens,503.13,503.85,100.0,0.7200000000000273,6
and,503.85,504.12,100.0,0.2699999999999818,3
those,504.12,504.39,100.0,0.2699999999999818,5
are,504.39,504.48,100.0,0.09000000000003183,3
the,504.48,504.63,100.0,0.14999999999997726,3
leaves,504.63,505.08,83.9429,0.44999999999998863,6
coming,505.11,505.44,100.0,0.3299999999999841,6
out,505.44,505.77,100.0,0.3299999999999841,3
and,506.19,506.91,100.0,0.7200000000000273,3
then,506.91,507.15,100.0,0.23999999999995225,4
you,507.36,507.54,100.0,0.18000000000000682,3
know,507.54,507.66,100.0,0.12000000000000455,4
between,507.66,508.14,100.0,0.47999999999996135,7
october,508.17,508.8,100.0,0.6299999999999955,7
and,508.8,508.92,100.0,0.12000000000000455,3
november,508.92,509.58,100.0,0.6599999999999682,8
you,509.76,509.91,100.0,0.1500000000000341,3
have,509.91,510.03,100.0,0.1199999999999477,4
a,510.03,510.09,100.0,0.060000000000002274,1
lot,510.09,510.27,100.0,0.18000000000000682,3
of,510.27,510.39,100.0,0.12000000000000455,2
earth,510.39,510.75,100.0,0.36000000000001364,5
tones,510.75,511.32,100.0,0.5699999999999932,5
and,511.53,512.28,100.0,0.75,3
representative,512.55,513.33,100.0,0.7800000000000864,14
of,513.33,513.48,100.0,0.14999999999997726,2
the,513.48,513.6,100.0,0.12000000000000455,3
famous,513.6,514.23,100.0,0.6299999999999955,6
boston,514.23,514.86,100.0,0.6299999999999955,6
foliage,514.86,515.58,100.0,0.7200000000000273,7
re,515.85,516.0,25.811600000000002,0.14999999999997726,2
right,516.0,516.3,100.0,0.2999999999999545,5
or,516.39,516.66,100.0,0.2699999999999818,2
new,516.66,516.87,100.0,0.21000000000003638,3
england,516.87,517.29,100.0,0.4199999999999591,7
foliage,517.29,517.86,100.0,0.57000000000005,7
and,518.649902,518.82791,100.0,0.17800799999997707,3
so,518.88,519.36,100.0,0.4800000000000182,2
it,519.45,519.6,100.0,0.14999999999997726,2
was,519.6,519.81,100.0,0.2099999999999227,3
interesting,519.81,520.35,100.0,0.5400000000000773,11
to,520.35,520.5,100.0,0.14999999999997726,2
see,520.5,521.16,100.0,0.6599999999999682,3
what,521.67,522.21,100.0,0.5400000000000773,4
we,522.3,522.57,100.0,0.2700000000000955,2
could,522.57,522.84,100.0,0.2699999999999818,5
do,522.84,523.44,100.0,0.6000000000000227,2
even,523.5,523.89,100.0,0.38999999999998636,4
though,523.89,524.16,100.0,0.2699999999999818,6
we,524.16,524.31,100.0,0.14999999999997726,2
were,524.31,524.46,100.0,0.15000000000009095,4
doing,524.46,524.76,100.0,0.2999999999999545,5
away,524.76,525.18,100.0,0.4199999999999591,4
with,525.24,525.6,100.0,0.36000000000001364,4
so,525.6,526.08,100.0,0.4800000000000182,2
much,526.08,526.53,100.0,0.4499999999999318,4
of,526.56,526.74,100.0,0.18000000000006366,2
the,526.74,526.86,100.0,0.12000000000000455,3
information,526.86,527.43,100.0,0.5699999999999363,11
we,527.43,527.55,100.0,0.12000000000000455,2
had,527.55,527.85,100.0,0.3000000000000682,3
available,527.94,528.48,100.0,0.5399999999999636,9
to,528.51,528.63,100.0,0.12000000000000455,2
us,528.63,528.99,100.0,0.36000000000001364,2
and,529.47,529.62,100.0,0.14999999999997726,3
in,529.62,529.71,100.0,0.09000000000003183,2
fact,529.71,530.16,100.0,0.4499999999999318,4
even,530.31,530.58,100.0,0.2700000000000955,4
though,530.58,530.73,100.0,0.14999999999997726,6
this,530.73,530.97,100.0,0.2400000000000091,4
looks,530.97,531.33,100.0,0.36000000000001364,5
very,531.33,531.66,100.0,0.32999999999992724,4
flowy,531.66,532.68,100.0,1.0199999999999818,5
right,532.74,533.16,100.0,0.4199999999999591,5
if,533.46,533.82,100.0,0.36000000000001364,2
we,533.82,534.0,100.0,0.17999999999994998,2
were,534.0,534.3,100.0,0.2999999999999545,4
to,534.3,534.48,100.0,0.18000000000006366,2
cut,534.48,534.84,100.0,0.36000000000001364,3
these,534.84,535.11,100.0,0.2699999999999818,5
down,535.11,535.68,100.0,0.5699999999999363,4
to,535.71,536.16,74.9411,0.4499999999999318,2
who,536.16,536.31,31.7023,0.14999999999997726,3
the,536.4,536.82,100.0,0.42000000000007276,3
the,536.82,537.57,100.0,0.75,3
you,537.72,537.9,100.0,0.17999999999994998,3
know,537.9,538.14,100.0,0.2400000000000091,4
the,538.32,538.74,100.0,0.4199999999999591,3
peak,538.8,539.31,100.0,0.5099999999999909,4
of,539.4,539.55,100.0,0.14999999999997726,2
each,539.55,539.79,100.0,0.2400000000000091,4
season,539.79,540.39,100.0,0.6000000000000227,6
if,540.39,540.54,100.0,0.14999999999997726,2
you,540.54,540.66,100.0,0.12000000000000455,3
will,540.66,541.02,100.0,0.36000000000001364,4
you'll,541.47,541.68,62.1391,0.2099999999999227,6
get,541.68,541.89,100.0,0.21000000000003638,3
to,541.89,542.01,100.0,0.12000000000000455,2
see,542.01,542.34,100.0,0.3300000000000409,3
that,542.34,542.61,100.0,0.2699999999999818,4
the,542.64,542.76,100.0,0.12000000000000455,3
color,542.76,543.39,100.0,0.6299999999999955,5
distribution,543.48,544.26,100.0,0.7799999999999727,12
is,544.26,544.41,100.0,0.14999999999997726,2
dramatically,544.41,545.25,100.0,0.8400000000000318,12
different,545.25,545.76,100.0,0.5099999999999909,9
between,545.82,546.3,100.0,0.4799999999999045,7
say,546.3,546.51,97.17360000000001,0.21000000000003638,3
fall,546.517031,547.11,100.0,0.5929690000000392,4
and,547.11,547.26,100.0,0.14999999999997726,3
winter,547.26,547.92,100.0,0.6599999999999682,6
and,547.92,548.19,100.0,0.2700000000000955,3
in,548.28,548.4,100.0,0.12000000000000455,2
summer,548.4,548.73,100.0,0.3300000000000409,6
and,548.73,548.894004,59.1349,0.16400399999997717,3
and,548.894004,549.12,100.0,0.2259960000000092,3
so,549.12,549.3,100.0,0.17999999999994998,2
forth,549.3,549.66,100.0,0.36000000000001364,5
and,550.29,550.8,100.0,0.5099999999999909,3
this,551.49,551.73,100.0,0.2400000000000091,4
is,551.73,551.88,100.0,0.14999999999997726,2
what,551.88,552.061816,100.0,0.18181600000002618,4
the,552.061816,552.149707,90.7848,0.08789100000001326,3
visualization,552.149707,552.93,100.0,0.7802929999999151,13
ended,552.96,553.23,100.0,0.2699999999999818,5
up,553.23,553.41,100.0,0.17999999999994998,2
looking,553.41,553.92,100.0,0.5099999999999909,7
like,553.92,554.37,100.0,0.4500000000000455,4
on,554.46,554.97,100.0,0.5099999999999909,2
the,555.0,555.3,100.0,0.2999999999999545,3
magazine,555.33,556.08,100.0,0.75,8
as,556.68,556.83,100.0,0.15000000000009095,2
you,556.83,556.92,100.0,0.08999999999991815,3
can,556.92,557.04,100.0,0.12000000000000455,3
see,557.04,557.22,100.0,0.18000000000006366,3
they,557.22,557.37,100.0,0.14999999999997726,4
did,557.37,557.61,100.0,0.2400000000000091,3
a,557.61,557.67,100.0,0.05999999999994543,1
couple,557.67,558.0,100.0,0.3300000000000409,6
of,558.0,558.12,100.0,0.12000000000000455,2
inserts,558.12,558.66,100.0,0.5399999999999636,7
just,558.69,558.99,100.0,0.2999999999999545,4
to,558.99,559.11,100.0,0.12000000000000455,2
explain,559.11,559.74,100.0,0.6299999999999955,7
to,559.74,559.86,100.0,0.12000000000000455,2
the,559.86,560.01,100.0,0.14999999999997726,3
reader,560.01,560.46,100.0,0.4500000000000455,6
that,560.52,560.97,100.0,0.4500000000000455,4
these,561.03,561.3,100.0,0.2699999999999818,5
colors,561.3,561.78,92.1408,0.4800000000000182,6
were,561.78,561.96,100.0,0.18000000000006366,4
coming,561.96,562.35,100.0,0.38999999999998636,6
from,562.35,562.62,100.0,0.2699999999999818,4
actual,562.62,563.01,100.0,0.38999999999998636,6
photos,563.01,563.55,100.0,0.5399999999999636,6
of,563.55,563.85,100.0,0.3000000000000682,2
of,563.91,564.18,100.0,0.2699999999999818,2
the,564.18,564.3,100.0,0.12000000000000455,3
park,564.3,564.75,100.0,0.4500000000000455,4
and,565.23,565.71,62.924400000000006,0.4800000000000182,3
and,566.01,566.13,100.0,0.12000000000000455,3
so,566.13,566.55,100.0,0.4199999999999591,2
you,567.03,567.21,100.0,0.18000000000006366,3
know,567.21,567.48,100.0,0.2699999999999818,4
i,567.96,568.08,100.0,0.12000000000000455,1
think,568.08,568.29,100.0,0.2099999999999227,5
the,568.29,568.41,100.0,0.12000000000000455,3
main,568.41,568.77,100.0,0.36000000000001364,4
lesson,568.77,569.16,100.0,0.38999999999998636,6
we,569.16,569.28,100.0,0.12000000000000455,2
take,569.28,569.64,100.0,0.36000000000001364,4
from,569.64,569.88,100.0,0.2400000000000091,4
this,569.88,570.3,100.0,0.4199999999999591,4
was,570.42,570.75,100.0,0.3300000000000409,3
that,570.75,571.2,100.0,0.4500000000000455,4
we,571.47,571.8,100.0,0.32999999999992724,2
were,571.8,571.92,100.0,0.12000000000000455,4
taking,571.92,572.25,100.0,0.3300000000000409,6
a,572.25,572.31,100.0,0.05999999999994543,1
lot,572.31,572.46,100.0,0.15000000000009095,3
of,572.46,572.55,100.0,0.08999999999991815,2
chances,572.55,573.03,100.0,0.4800000000000182,7
here,573.03,573.27,100.0,0.2400000000000091,4
but,573.69,574.14,100.0,0.4499999999999318,3
projecting,574.17,574.95,100.0,0.7800000000000864,10
high,574.95,575.19,100.0,0.2400000000000091,4
dimensional,575.19,575.73,100.0,0.5399999999999636,11
space,575.73,576.27,100.0,0.5399999999999636,5
high,576.33,576.48,36.6689,0.14999999999997726,4
dimensional,576.51,576.99,100.0,0.4800000000000182,11
space,576.99,577.32,100.0,0.3300000000000409,5
of,577.32,577.44,100.0,0.12000000000000455,2
images,577.44,578.04,100.0,0.599999999999909,6
into,578.31,578.64,100.0,0.3300000000000409,4
low,578.64,578.94,100.0,0.3000000000000682,3
dimensional,578.94,579.6,100.0,0.6599999999999682,11
color,579.63,579.96,100.0,0.3300000000000409,5
space,579.96,580.47,100.0,0.5099999999999909,5
was,580.56,580.89,100.0,0.3300000000000409,3
surprisingly,580.89,581.85,100.0,0.9600000000000364,12
useful,581.85,582.48,100.0,0.6299999999999955,6
we,582.69,582.93,100.0,0.2399999999998954,2
still,582.93,583.41,100.0,0.4800000000000182,5
got,583.41,583.70877,100.0,0.29876999999999043,3
signal,583.710762,584.25,98.3805,0.5392379999999548,6
and,584.52,584.97,57.241600000000005,0.4500000000000455,3
after,585.03,585.69,100.0,0.6600000000000819,5
we,585.81,586.14,100.0,0.3300000000000409,2
took,586.14,586.41,100.0,0.2699999999999818,4
away,586.41,586.86,100.0,0.4500000000000455,4
pretty,587.76,588.06,100.0,0.2999999999999545,6
much,588.06,588.27,100.0,0.21000000000003638,4
all,588.27,588.48,100.0,0.21000000000003638,3
of,588.48,588.6,97.7264,0.12000000000000455,2
the,588.6,588.9,86.6491,0.2999999999999545,3
the,588.941953,589.14,100.0,0.1980469999999741,3
content,589.14,589.65,100.0,0.5099999999999909,7
from,590.16,590.49,100.0,0.3300000000000409,4
that,590.49,590.73,100.0,0.2400000000000091,4
data,590.73,591.0,100.0,0.2699999999999818,4
collection,591.0,591.57,100.0,0.57000000000005,10
okay,593.64,594.06,62.6262,0.4199999999999591,4
so,594.12,594.36,100.0,0.2400000000000091,2
there,594.36,594.596953,100.0,0.23695299999997133,5
you,594.6,594.72,89.91590000000001,0.12000000000000455,3
saw,594.72,594.864551,89.91590000000001,0.14455099999997856,3
an,594.864551,594.96,100.0,0.09544900000003054,2
example,594.96,595.53,100.0,0.5699999999999363,7
of,595.53,595.8,100.0,0.2699999999999818,2
a,595.83,595.92,100.0,0.08999999999991815,1
projection,595.92,596.64,100.0,0.7200000000000273,10
of,596.73,597.06,100.0,0.32999999999992724,2
where,597.09,597.288809,100.0,0.19880899999998292,5
he,597.3,597.33,47.571799999999996,0.030000000000086402,2
took,597.36,597.57,100.0,0.21000000000003638,4
away,597.57,597.72,100.0,0.14999999999997726,4
almost,597.72,598.08,100.0,0.36000000000001364,6
all,598.11,598.29,100.0,0.17999999999994998,3
the,598.29,598.38,100.0,0.09000000000003183,3
data,598.38,598.71,100.0,0.3300000000000409,4
let's,599.43,599.85,100.0,0.42000000000007276,5
talk,599.85,600.12,100.0,0.2699999999999818,4
about,600.12,600.42,100.0,0.2999999999999545,5
another,600.51,601.02,100.0,0.5099999999999909,7
color,601.02,601.41,100.0,0.38999999999998636,5
scheme,601.41,601.74,100.0,0.3300000000000409,6
that,601.74,601.92,100.0,0.17999999999994998,4
is,601.95,602.28,100.0,0.32999999999992724,2
maybe,602.4,602.76,100.0,0.36000000000001364,5
even,602.76,603.06,100.0,0.2999999999999545,4
more,603.06,603.33,100.0,0.2700000000000955,4
ridiculous,603.33,604.05,100.0,0.7199999999999136,10
that,604.32,604.5,100.0,0.17999999999994998,4
slot,604.5,604.89,100.0,0.38999999999998636,4
okay,605.76,606.09,100.0,0.3300000000000409,4
what,606.18,606.48,100.0,0.3000000000000682,4
if,606.48,606.57,100.0,0.09000000000003183,2
we,606.57,606.69,100.0,0.12000000000000455,2
told,606.69,606.93,100.0,0.2399999999998954,4
you,606.93,607.02,100.0,0.09000000000003183,3
about,607.02,607.23,100.0,0.21000000000003638,5
a,607.23,607.26,100.0,0.029999999999972715,1
visualization,607.26,608.04,100.0,0.7799999999999727,13
that,608.34,608.76,100.0,0.4199999999999591,4
used,609.09,609.54,100.0,0.4499999999999318,4
a,609.6,609.69,76.2985,0.09000000000003183,1
color,609.69,609.99,100.0,0.2999999999999545,5
and,609.99,610.08,100.0,0.09000000000003183,3
cutting,610.08,610.29,100.0,0.2099999999999227,7
for,610.29,610.47,100.0,0.18000000000006366,3
thousands,610.47,611.31,100.0,0.8399999999999181,9
of,611.31,611.43,100.0,0.12000000000000455,2
categorical,611.43,612.21,100.0,0.7800000000000864,11
items,612.21,612.75,100.0,0.5399999999999636,5
some,613.514011,613.664011,100.0,0.14999999999997726,4
of,613.664011,613.724011,100.0,0.06000000000005912,2
those,613.724011,613.874011,100.0,0.14999999999997726,5
items,613.874011,614.204011,100.0,0.3300000000000409,5
got,614.204011,614.384011,100.0,0.17999999999994998,3
mapped,614.384011,614.744011,97.9968,0.36000000000001364,6
to,614.774612,614.894011,100.0,0.11939899999993031,2
the,614.894011,615.074011,100.0,0.18000000000006366,3
same,615.074011,615.344011,100.0,0.2699999999999818,4
color,615.344011,615.674011,100.0,0.32999999999992724,5
even,615.674011,615.944011,100.0,0.2700000000000955,4
though,615.944011,616.124011,100.0,0.17999999999994998,6
they're,616.124011,616.364011,67.8539,0.2400000000000091,7
very,616.364011,616.664011,100.0,0.2999999999999545,4
different,616.664011,617.114011,100.0,0.4500000000000455,9
and,617.264011,617.594011,92.584,0.3300000000000409,3
some,617.654011,617.924011,100.0,0.2699999999999818,4
very,617.924011,618.134011,100.0,0.21000000000003638,4
similar,618.134011,618.494011,100.0,0.36000000000001364,7
items,618.494011,618.914011,100.0,0.4199999999999591,5
gotten,619.004011,619.304011,62.132200000000005,0.2999999999999545,6
up,619.304011,619.484011,41.1077,0.18000000000006366,2
to,619.514011,619.634011,96.56439999999999,0.12000000000000455,2
completely,619.634011,620.144011,100.0,0.5099999999999909,10
different,620.144011,620.414011,100.0,0.2699999999999818,9
colors,620.414011,620.864011,98.0178,0.4500000000000455,6
what,621.434011,621.824917,100.0,0.39090599999997266,4
then,621.824917,622.274011,39.4431,0.4490939999999455,4
ok,622.484011,622.754011,40.1304,0.2699999999999818,2
next,622.934011,623.204046,100.0,0.27003499999989344,4
slot,623.204046,623.474011,99.7723,0.2699650000000702,4
let's,625.544011,625.844011,100.0,0.3000000000000682,5
talk,625.844011,626.084011,100.0,0.2400000000000091,4
about,626.084011,626.264011,100.0,0.17999999999994998,5
the,626.264011,626.354011,100.0,0.09000000000003183,3
case,626.354011,626.684011,100.0,0.3300000000000409,4
of,626.684011,626.804011,100.0,0.11999999999989086,2
chronograph,626.804011,627.428658,69.33319999999999,0.6246470000000954,11
next,628.094011,628.364011,100.0,0.2699999999999818,4
life,628.364011,628.634011,74.48,0.2699999999999818,4
and,629.594011,629.834011,100.0,0.2400000000000091,3
this,629.954011,630.314011,100.0,0.36000000000001364,4
is,630.314011,630.644011,100.0,0.32999999999992724,2
the,631.154011,631.361988,82.485,0.20797700000002806,3
idea,631.361988,631.694011,100.0,0.33202300000004925,4
here,631.694011,631.994011,100.0,0.2999999999999545,4
this,631.994011,632.174011,100.0,0.17999999999994998,4
is,632.174011,632.294011,88.776,0.12000000000000455,2
work,632.294011,632.534011,92.8511,0.2400000000000091,4
done,632.534011,632.714011,92.8511,0.18000000000006366,4
with,632.714011,632.86348,100.0,0.14946899999995367,4
kit,632.864011,633.104011,88.1862,0.2400000000000091,3
holland,633.104011,633.404011,76.8712,0.2999999999999545,7
both,633.404011,633.674011,79.8673,0.2699999999999818,4
on,634.214011,634.544011,73.86540000000001,0.32999999999992724,2
and,634.604011,635.054011,100.0,0.4499999999999318,3
the,635.264011,635.444011,100.0,0.18000000000006366,3
goal,635.444011,635.779951,100.0,0.33593999999993684,4
was,635.779951,636.014011,75.88709999999999,0.2340599999999995,3
to,636.014011,636.164011,100.0,0.14999999999997726,2
look,636.164011,636.374011,100.0,0.21000000000003638,4
at,636.374011,636.494011,100.0,0.12000000000000455,2
repetitive,636.494011,637.064011,100.0,0.57000000000005,10
activities,637.064011,637.694011,100.0,0.6299999999999955,10
specifically,637.724011,638.534011,100.0,0.8099999999999454,12
edits,638.954011,639.374011,100.0,0.4199999999999591,5
on,639.374011,639.614011,100.0,0.2400000000000091,2
wikipedia,639.614011,640.274011,100.0,0.6599999999999682,9
and,640.394011,640.514011,100.0,0.12000000000000455,3
this,640.514011,640.664011,100.0,0.14999999999997726,4
was,640.664011,640.784011,100.0,0.12000000000000455,3
not,640.784011,640.994011,100.0,0.21000000000003638,3
like,640.994011,641.174011,100.0,0.17999999999994998,4
art,641.174011,641.322387,84.6806,0.14837600000009843,3
history,641.322387,641.594011,100.0,0.27162399999997433,7
flow,641.594011,641.864011,100.0,0.2699999999999818,4
work,641.864011,642.074011,93.20389999999999,0.21000000000003638,4
where,642.076223,642.224011,92.1431,0.14778799999999137,5
we're,642.224011,642.314011,100.0,0.09000000000003183,5
looking,642.314011,642.614011,100.0,0.2999999999999545,7
at,642.614011,642.704011,100.0,0.09000000000003183,2
a,642.704011,642.764011,100.0,0.05999999999994543,1
single,642.764011,643.184011,100.0,0.42000000000007276,6
page,643.214011,643.664011,100.0,0.4499999999999318,4
but,643.964011,644.144011,100.0,0.17999999999994998,3
were,644.183679,644.324011,100.0,0.14033200000005763,4
followed,644.324011,644.684011,100.0,0.36000000000001364,8
