,time,amplitude
0,0.0,0.003626402
1,0.023219954648526078,0.01560138
2,0.046439909297052155,0.18728285
3,0.06965986394557823,0.73835796
4,0.09287981859410431,0.88141197
5,0.11609977324263039,0.88141197
6,0.13931972789115646,0.82058424
7,0.16253968253968254,0.46684456
8,0.18575963718820862,0.26351234
9,0.2089795918367347,0.27873224
10,0.23219954648526078,0.5142553
11,0.25541950113378686,0.5142553
12,0.2786394557823129,0.3752271
13,0.301859410430839,0.2757427
14,0.3250793650793651,0.20464294
15,0.34829931972789113,0.33311427
16,0.37151927437641724,0.5176265
17,0.3947392290249433,0.56708336
18,0.4179591836734694,0.6372228
19,0.44117913832199546,0.7269253
20,0.46439909297052157,0.7269253
21,0.4876190476190476,0.39899874
22,0.5108390022675737,0.34778696
23,0.5340589569160997,0.32341474
24,0.5572789115646258,0.22778343
25,0.5804988662131519,0.23108445
26,0.603718820861678,0.24251124
27,0.626938775510204,0.287499
28,0.6501587301587302,0.287499
29,0.6733786848072563,0.2004187
30,0.6965986394557823,0.17226687
31,0.7198185941043084,0.14644556
32,0.7430385487528345,0.12525593
33,0.7662585034013606,0.12525593
34,0.7894784580498866,0.13538226
35,0.8126984126984127,0.13538226
36,0.8359183673469388,0.12863758
37,0.8591383219954648,0.119113676
38,0.8823582766439909,0.119113676
39,0.905578231292517,0.0976594
40,0.9287981859410431,0.09522892
41,0.9520181405895691,0.09522892
42,0.9752380952380952,0.083992794
43,0.9984580498866213,0.05403182
44,1.0216780045351475,0.037642587
45,1.0448979591836736,0.02152897
46,1.0681179138321995,0.010293304
47,1.0913378684807256,0.0061631394
48,1.1145578231292517,0.0059679705
49,1.1377777777777778,0.00454634
50,1.1609977324263039,0.00311018
51,1.18421768707483,0.0030363938
52,1.207437641723356,0.0029291862
53,1.230657596371882,0.0029291862
54,1.253877551020408,0.0026920242
55,1.2770975056689342,0.0025940924
56,1.3003174603174603,0.0053060506
57,1.3235374149659864,0.06179587
58,1.3467573696145125,0.18010777
59,1.3699773242630386,0.19073997
60,1.3931972789115645,0.19073997
61,1.4164172335600906,0.18504766
62,1.4396371882086167,0.40378854
63,1.4628571428571429,0.5688163
64,1.486077097505669,0.5688163
65,1.509297052154195,0.52327305
66,1.5325170068027212,0.47919118
67,1.555736961451247,0.4845537
68,1.5789569160997732,0.4845537
69,1.6021768707482993,0.25436607
70,1.6253968253968254,0.20667134
71,1.6486167800453515,0.14385566
72,1.6718367346938776,0.038401395
73,1.6950566893424037,0.019713478
74,1.7182766439909296,0.24584045
75,1.7414965986394557,0.24584045
76,1.7647165532879818,0.07958856
77,1.787936507936508,0.38050547
78,1.811156462585034,0.43648645
79,1.8343764172335602,0.43648645
80,1.8575963718820863,0.4017797
81,1.8808163265306121,0.34815958
82,1.9040362811791383,0.6219998
83,1.9272562358276644,0.6219998
84,1.9504761904761905,0.35423094
85,1.9736961451247166,0.2387486
86,1.9969160997732427,0.14759916
87,2.020136054421769,0.5642376
88,2.043356009070295,0.689445
89,2.066575963718821,0.689445
90,2.089795918367347,0.5973673
91,2.1130158730158732,0.129326
92,2.136235827664399,0.09582168
93,2.159455782312925,0.0627493
94,2.182675736961451,0.12421291
95,2.2058956916099772,0.65318835
96,2.2291156462585033,0.65318835
97,2.2523356009070294,0.63905627
98,2.2755555555555556,0.4929144
99,2.2987755102040817,0.4929144
100,2.3219954648526078,0.19347873
101,2.345215419501134,0.24400164
102,2.36843537414966,0.26010704
103,2.391655328798186,0.28101566
104,2.414875283446712,0.28101566
105,2.4380952380952383,0.2775449
106,2.461315192743764,0.5433787
107,2.48453514739229,0.5433787
108,2.507755102040816,0.3787971
109,2.5309750566893423,0.5672819
110,2.5541950113378684,0.5672819
111,2.5774149659863945,0.4441915
112,2.6006349206349206,0.3763484
113,2.6238548752834467,0.35499203
114,2.647074829931973,0.44461468
115,2.670294784580499,0.4770363
116,2.693514739229025,0.4770363
117,2.716734693877551,0.46527603
118,2.7399546485260773,0.42532006
119,2.7631746031746034,0.2423867
120,2.786394557823129,0.22489214
121,2.809614512471655,0.20322306
122,2.8328344671201813,0.14541788
123,2.8560544217687074,0.12561807
124,2.8792743764172335,0.10486282
125,2.9024943310657596,0.07710162
126,2.9257142857142857,0.051370792
127,2.948934240362812,0.03382023
128,2.972154195011338,0.018101081
129,2.995374149659864,0.009738648
130,3.01859410430839,0.0033766048
131,3.0418140589569163,0.0032430813
132,3.0650340136054424,0.0022486306
133,3.0882539682539685,0.002509673
134,3.111473922902494,0.002509673
135,3.1346938775510202,0.0022254167
136,3.1579138321995464,0.0038388858
137,3.1811337868480725,0.0038388858
138,3.2043537414965986,0.0033560293
139,3.2275736961451247,0.0022006596
140,3.250793650793651,0.0022006596
141,3.274013605442177,0.002187489
142,3.297233560090703,0.0023285055
143,3.320453514739229,0.0023285055
144,3.3436734693877552,0.0019739934
145,3.3668934240362813,0.0018861155
146,3.3901133786848074,0.0018861155
147,3.4133333333333336,0.0018881074
148,3.436553287981859,0.0018881074
149,3.4597732426303853,0.0023973745
150,3.4829931972789114,0.0023973745
151,3.5062131519274375,0.0028880585
152,3.5294331065759637,0.0028880585
153,3.5526530612244898,0.0027118304
154,3.575873015873016,0.0027118304
155,3.599092970521542,0.0025731025
156,3.622312925170068,0.0019393158
157,3.645532879818594,0.0022437698
158,3.6687528344671203,0.0027745068
159,3.6919727891156464,0.0027745068
160,3.7151927437641725,0.0021240122
161,3.7384126984126986,0.0021045532
162,3.7616326530612243,0.0025460403
163,3.7848526077097504,0.0025460403
164,3.8080725623582765,0.0021730918
165,3.8312925170068026,0.0019018746
166,3.8545124716553287,0.0025077334
167,3.877732426303855,0.0025479097
168,3.900952380952381,0.0025479097
169,3.924172335600907,0.008902063
170,3.947392290249433,0.011725145
171,3.9706122448979593,0.16019726
172,3.9938321995464854,0.39457282
173,4.017052154195011,0.39457282
174,4.040272108843538,0.38622865
175,4.063492063492063,0.31411293
176,4.08671201814059,0.53089863
177,4.1099319727891155,0.6370854
178,4.133151927437642,0.6813805
179,4.156371882086168,0.6813805
180,4.179591836734694,0.67455965
181,4.20281179138322,0.53889656
182,4.2260317460317465,0.53889656
183,4.249251700680272,0.55572295
184,4.272471655328798,0.55572295
185,4.295691609977324,0.31892055
186,4.31891156462585,0.17504135
187,4.342131519274377,0.27241528
188,4.365351473922902,0.4032278
189,4.388571428571429,0.4032278
190,4.4117913832199545,0.14324355
191,4.435011337868481,0.55946326
192,4.458231292517007,0.9822283
193,4.481451247165533,0.98655295
194,4.504671201814059,0.99061286
195,4.527891156462585,0.99061286
196,4.551111111111111,0.988913
197,4.574331065759637,0.98311406
198,4.597551020408163,0.4584595
199,4.620770975056689,0.23470108
200,4.6439909297052155,0.11905097
201,4.667210884353741,0.19878697
202,4.690430839002268,0.19878697
203,4.713650793650793,0.22857505
204,4.73687074829932,0.23554042
205,4.760090702947846,0.23554042
206,4.783310657596372,0.17067237
207,4.806530612244898,0.118903674
208,4.829750566893424,0.07845051
209,4.85297052154195,0.07141694
210,4.876190476190477,0.07141694
211,4.899410430839002,0.055923518
212,4.922630385487528,0.021305483
213,4.9458503401360545,0.021305483
214,4.96907029478458,0.011488367
215,4.992290249433107,0.009775696
216,5.015510204081632,0.007662666
217,5.038730158730159,0.0050296797
218,5.061950113378685,0.004392247
219,5.085170068027211,0.0031382702
220,5.108390022675737,0.0031382702
221,5.131609977324263,0.0038708623
222,5.154829931972789,0.006614159
223,5.178049886621316,0.007873754
224,5.201269841269841,0.017265705
225,5.224489795918367,0.21203502
226,5.2477097505668935,0.21203502
227,5.270929705215419,0.17319949
228,5.294149659863946,0.16443525
229,5.317369614512471,0.2313492
230,5.340589569160998,0.2313492
231,5.363809523809524,0.22091807
232,5.38702947845805,0.20740315
233,5.410249433106576,0.260183
234,5.433469387755102,0.29950646
235,5.456689342403628,0.37491366
236,5.479909297052155,0.37491366
237,5.50312925170068,0.3129138
238,5.526349206349207,0.28601664
239,5.5495691609977325,0.24521951
240,5.572789115646258,0.23522578
241,5.596009070294785,0.1796489
242,5.61922902494331,0.13359627
243,5.642448979591837,0.22361164
244,5.6656689342403626,0.22361164
245,5.688888888888889,0.22045013
246,5.712108843537415,0.10566612
247,5.735328798185941,0.11255139
248,5.758548752834467,0.19739537
249,5.7817687074829935,0.19739537
250,5.804988662131519,0.12913233
251,5.828208616780046,0.08648902
252,5.851428571428571,0.028139398
253,5.874648526077097,0.04891514
254,5.897868480725624,0.052833423
255,5.921088435374149,0.054844435
256,5.944308390022676,0.075056195
257,5.9675283446712015,0.16608132
258,5.990748299319728,0.17422745
259,6.013968253968254,0.32894602
260,6.03718820861678,0.33522663
261,6.060408163265306,0.33522663
262,6.0836281179138325,0.33217984
263,6.106848072562358,0.33217984
264,6.130068027210885,0.2834837
265,6.15328798185941,0.22387752
266,6.176507936507937,0.22387752
267,6.199727891156463,0.22111954
268,6.222947845804988,0.22111954
269,6.246167800453515,0.13433595
270,6.2693877551020405,0.108696
271,6.292607709750567,0.108696
272,6.315827664399093,0.10714512
273,6.339047619047619,0.09356384
274,6.362267573696145,0.060610056
275,6.3854875283446715,0.27095434
276,6.408707482993197,0.27095434
277,6.431927437641724,0.055958703
278,6.455147392290249,0.062495578
279,6.478367346938776,0.2161557
280,6.501587301587302,0.2161557
281,6.524807256235827,0.121510096
282,6.548027210884354,0.19081655
283,6.5712471655328795,0.2524081
284,6.594467120181406,0.25316203
285,6.617687074829932,0.25316203
286,6.640907029478458,0.2215769
287,6.664126984126984,0.28372192
288,6.6873469387755105,0.4286711
289,6.710566893424036,0.4286711
290,6.733786848072563,0.4098021
291,6.757006802721088,0.4098021
292,6.780226757369615,0.35120857
293,6.8034467120181406,0.35120857
294,6.826666666666667,0.27231255
295,6.849886621315193,0.17578155
296,6.873106575963718,0.087583974
297,6.896326530612245,0.25842923
298,6.919546485260771,0.25842923
299,6.942766439909297,0.049685776
300,6.965986394557823,0.02928364
301,6.989206349206349,0.015267879
302,7.012426303854875,0.010394359
303,7.035646258503402,0.002974028
304,7.058866213151927,0.0027408178
305,7.082086167800454,0.002233501
306,7.1053061224489795,0.0020509
307,7.128526077097506,0.0021920574
308,7.151746031746032,0.0022564807
309,7.174965986394557,0.002505954
310,7.198185941043084,0.002505954
311,7.22140589569161,0.0020249647
312,7.244625850340136,0.002277564
313,7.267845804988662,0.002277564
314,7.291065759637188,0.0029118727
315,7.314285714285714,0.003211545
316,7.337505668934241,0.0039909314
317,7.360725623582766,0.0039909314
318,7.383945578231293,0.002948261
319,7.4071655328798185,0.0030671665
320,7.430385487528345,0.0030671665
321,7.453605442176871,0.0030846668
322,7.476825396825397,0.0030846668
323,7.500045351473923,0.0033474003
324,7.523265306122449,0.0033474003
325,7.546485260770975,0.002866737
326,7.569705215419501,0.002866737
327,7.592925170068027,0.0024194112
328,7.616145124716553,0.0024194112
329,7.63936507936508,0.002031061
330,7.662585034013605,0.002031061
331,7.685804988662132,0.001768988
332,7.7090249433106575,0.002019784
333,7.732244897959184,0.002019784
334,7.75546485260771,0.0020026949
335,7.778684807256236,0.0019798481
336,7.801904761904762,0.0020988486
337,7.825124716553288,0.0035623116
338,7.848344671201814,0.22237635
339,7.87156462585034,0.22237635
340,7.894784580498866,0.19140282
341,7.918004535147392,0.15922247
342,7.9412244897959186,0.48079085
343,7.964444444444444,0.6971606
344,7.987664399092971,0.8833434
345,8.010884353741497,0.9149669
346,8.034104308390022,0.9149669
347,8.057324263038549,0.85433555
348,8.080544217687075,0.5496306
349,8.103764172335602,0.31378338
350,8.126984126984127,0.12763819
351,8.150204081632653,0.7173147
352,8.17342403628118,0.97757626
353,8.196643990929704,1.0
354,8.219863945578231,1.0
355,8.243083900226758,0.9942745
356,8.266303854875284,0.9942745
357,8.289523809523809,0.99433225
358,8.312743764172335,0.99433225
359,8.335963718820862,0.985457
360,8.359183673469389,0.59102
361,8.382403628117913,0.27622786
362,8.40562358276644,0.28076294
363,8.428843537414966,0.33656785
364,8.452063492063493,0.33656785
365,8.475283446712018,0.16046564
366,8.498503401360544,0.024492297
367,8.52172335600907,0.037364557
368,8.544943310657596,0.108697
369,8.568163265306122,0.33440226
370,8.591383219954649,0.33440226
371,8.614603174603175,0.24908987
372,8.6378231292517,0.21844894
373,8.661043083900227,0.14612795
374,8.684263038548753,0.18885683
375,8.70748299319728,0.2001026
376,8.730702947845804,0.22014228
377,8.753922902494331,0.22014228
378,8.777142857142858,0.14162095
379,8.800362811791382,0.15289341
380,8.823582766439909,0.36647984
381,8.846802721088435,0.36647984
382,8.870022675736962,0.34050837
383,8.893242630385487,0.31333277
384,8.916462585034013,0.220074
385,8.93968253968254,0.122243136
386,8.962902494331066,0.20766832
387,8.986122448979591,0.20766832
388,9.009342403628118,0.16985902
389,9.032562358276644,0.29729223
390,9.05578231292517,0.29729223
391,9.079002267573696,0.26508436
392,9.102222222222222,0.1256303
393,9.125442176870749,0.15970553
394,9.148662131519274,0.15970553
395,9.1718820861678,0.12616833
396,9.195102040816327,0.123768985
397,9.218321995464853,0.1770999
398,9.241541950113378,0.29290742
399,9.264761904761905,0.29290742
400,9.287981859410431,0.27207795
401,9.311201814058958,0.31813157
402,9.334421768707482,0.32697105
403,9.357641723356009,0.37879282
404,9.380861678004536,0.44605
405,9.404081632653062,0.44605
406,9.427301587301587,0.3260658
407,9.450521541950113,0.10075737
408,9.47374149659864,0.09701372
409,9.496961451247165,0.099636465
410,9.520181405895691,0.1332066
411,9.543401360544218,0.19770795
412,9.566621315192744,0.19770795
413,9.58984126984127,0.16835493
414,9.613061224489796,0.113799475
415,9.636281179138322,0.13012117
416,9.659501133786849,0.21030042
417,9.682721088435374,0.2190906
418,9.7059410430839,0.2190906
419,9.729160997732427,0.2006693
420,9.752380952380953,0.18905424
421,9.775600907029478,0.12443675
422,9.798820861678005,0.026666064
423,9.822040816326531,0.13983582
424,9.845260770975056,0.3998257
425,9.868480725623582,0.3998257
426,9.891700680272109,0.35548386
427,9.914920634920636,0.35548386
428,9.93814058956916,0.25022677
429,9.961360544217687,0.22657025
430,9.984580498866213,0.18011583
431,10.00780045351474,0.19941421
432,10.031020408163265,0.2020751
433,10.054240362811791,0.2020751
434,10.077460317460318,0.12117077
435,10.100680272108843,0.18305537
436,10.12390022675737,0.18305537
437,10.147120181405896,0.17209595
438,10.170340136054422,0.16626583
439,10.193560090702947,0.061399903
440,10.216780045351474,0.11599571
441,10.24,0.14889222
442,10.263219954648527,0.27546585
443,10.286439909297052,0.29232436
444,10.309659863945578,0.29232436
445,10.332879818594105,0.24070513
446,10.356099773242631,0.24070513
447,10.379319727891156,0.23808801
448,10.402539682539683,0.23808801
449,10.425759637188209,0.2067594
450,10.448979591836734,0.2742038
451,10.47219954648526,0.2742038
452,10.495419501133787,0.1818791
453,10.518639455782314,0.15585162
454,10.541859410430838,0.0709409
455,10.565079365079365,0.09171023
456,10.588299319727891,0.09171023
457,10.611519274376418,0.12339109
458,10.634739229024943,0.12339109
459,10.65795918367347,0.08645179
460,10.681179138321996,0.30601093
461,10.704399092970522,0.30601093
462,10.727619047619047,0.35296413
463,10.750839002267574,0.36232227
464,10.7740589569161,0.42694217
465,10.797278911564625,0.42694217
466,10.820498866213152,0.31924435
467,10.843718820861678,0.2629117
468,10.866938775510205,0.29565555
469,10.89015873015873,0.44346437
470,10.913378684807256,0.44346437
471,10.936598639455783,0.12968066
472,10.95981859410431,0.16428423
473,10.983038548752834,0.16428423
474,11.00625850340136,0.09969251
475,11.029478458049887,0.09930968
476,11.052698412698414,0.036591288
477,11.075918367346938,0.02089694
478,11.099138321995465,0.0067885066
479,11.122358276643991,0.0075643733
480,11.145578231292516,0.3179119
481,11.168798185941043,0.3179119
482,11.19201814058957,0.037631247
483,11.215238095238096,0.013502608
484,11.23845804988662,0.007190829
485,11.261678004535147,0.0047402564
486,11.284897959183674,0.0024854797
487,11.3081179138322,0.002179757
488,11.331337868480725,0.002311446
489,11.354557823129252,0.002311446
490,11.377777777777778,0.0022336135
491,11.400997732426303,0.0022336135
492,11.42421768707483,0.002246861
493,11.447437641723356,0.002246861
494,11.470657596371883,0.0018241263
495,11.493877551020407,0.00217822
496,11.517097505668934,0.00217822
497,11.54031746031746,0.0023109384
498,11.563537414965987,0.0023109384
499,11.586757369614512,0.002008344
500,11.609977324263038,0.0027293486
501,11.633197278911565,0.0027293486
502,11.656417233560092,0.0025793246
503,11.679637188208616,0.0021271326
504,11.702857142857143,0.0023461615
505,11.72607709750567,0.003273681
506,11.749297052154194,0.003273681
507,11.77251700680272,0.0029731614
508,11.795736961451247,0.0029731614
509,11.818956916099774,0.002347275
510,11.842176870748299,0.0022945136
511,11.865396825396825,0.0026671959
512,11.888616780045352,0.0026671959
513,11.911836734693878,0.0023138826
514,11.935056689342403,0.0019184944
515,11.95827664399093,0.0016060143
516,11.981496598639456,0.0021437588
517,12.004716553287983,0.0021437588
518,12.027936507936507,0.0033464467
519,12.051156462585034,0.0033464467
520,12.07437641723356,0.0021152024
521,12.097596371882085,0.0026282377
522,12.120816326530612,0.0026282377
523,12.144036281179138,0.010588917
524,12.167256235827665,0.060697377
525,12.19047619047619,0.12924983
526,12.213696145124716,0.22774886
527,12.236916099773243,0.3911593
528,12.26013605442177,0.46133578
529,12.283356009070294,0.50861824
530,12.30657596371882,0.50861824
531,12.329795918367347,0.47414422
532,12.353015873015874,0.36840835
533,12.376235827664399,0.10536829
534,12.399455782312925,0.19475463
535,12.422675736961452,0.38477293
536,12.445895691609977,0.38477293
537,12.469115646258503,0.23846133
538,12.49233560090703,0.21302119
539,12.515555555555556,0.21743453
540,12.538775510204081,0.21743453
541,12.561995464852608,0.13444802
542,12.585215419501134,0.13514008
543,12.60843537414966,0.13514008
544,12.631655328798185,0.10797609
545,12.654875283446712,0.16585782
546,12.678095238095239,0.16585782
547,12.701315192743763,0.14711817
548,12.72453514739229,0.14711817
549,12.747755102040816,0.121952154
550,12.770975056689343,0.13705389
551,12.794195011337868,0.13705389
552,12.817414965986394,0.12122383
553,12.84063492063492,0.17942496
554,12.863854875283447,0.20779036
555,12.887074829931972,0.33481902
556,12.910294784580499,0.33481902
557,12.933514739229025,0.3367993
558,12.956734693877552,0.3367993
559,12.979954648526077,0.23959914
560,13.003174603174603,0.39283344
561,13.02639455782313,0.44973812
562,13.049614512471654,0.44973812
563,13.072834467120181,0.29463786
564,13.096054421768708,0.29463786
565,13.119274376417234,0.24376418
566,13.142494331065759,0.24361762
567,13.165714285714285,0.24361762
568,13.188934240362812,0.16412981
569,13.212154195011339,0.15263945
570,13.235374149659863,0.14084934
571,13.25859410430839,0.13551508
572,13.281814058956916,0.11021694
573,13.305034013605443,0.085092306
574,13.328253968253968,0.040467374
575,13.351473922902494,0.32219988
576,13.374693877551021,0.32219988
577,13.397913832199546,0.044892736
578,13.421133786848072,0.014230856
579,13.444353741496599,0.006094072
580,13.467573696145125,0.003317719
581,13.49079365079365,0.0026643057
582,13.514013605442177,0.0025034335
583,13.537233560090703,0.0022989286
584,13.56045351473923,0.0022989286
585,13.583673469387755,0.0021264262
586,13.606893424036281,0.0021264262
587,13.630113378684808,0.0022966017
588,13.653333333333334,0.0030933504
589,13.676553287981859,0.0030933504
590,13.699773242630386,0.002065102
591,13.722993197278912,0.0023346376
592,13.746213151927437,0.0028088845
593,13.769433106575963,0.0028966183
594,13.79265306122449,0.0047575003
595,13.815873015873017,0.0047575003
596,13.839092970521541,0.002886211
597,13.862312925170068,0.0032079755
598,13.885532879818594,0.0034094194
599,13.908752834467121,0.0073571284
600,13.931972789115646,0.037302434
601,13.955192743764172,0.05721552
602,13.978412698412699,0.06074677
603,14.001632653061224,0.3073695
604,14.02485260770975,0.85482544
605,14.048072562358277,0.9192978
606,14.071292517006803,0.9369018
607,14.094512471655328,0.9369018
608,14.117732426303855,0.35274166
609,14.140952380952381,0.08360292
610,14.164172335600908,0.1586851
611,14.187392290249432,0.19923776
612,14.210612244897959,0.19923776
613,14.233832199546486,0.21539842
614,14.257052154195012,0.25928023
615,14.280272108843537,0.26183954
616,14.303492063492063,0.26183954
617,14.32671201814059,0.14201497
618,14.349931972789115,0.4732286
619,14.373151927437641,0.4732286
620,14.396371882086168,0.42653596
621,14.419591836734694,0.438298
622,14.44281179138322,0.44050744
623,14.466031746031746,0.44050744
624,14.489251700680272,0.35552698
625,14.512471655328799,0.14695455
626,14.535691609977324,0.13083795
627,14.55891156462585,0.29444876
628,14.582131519274377,0.29444876
629,14.605351473922903,0.053024136
630,14.628571428571428,0.1359009
631,14.651791383219955,0.1359009
632,14.675011337868481,0.28032216
633,14.698231292517006,0.31193984
634,14.721451247165533,0.31193984
635,14.744671201814059,0.24571633
636,14.767891156462586,0.2925389
637,14.79111111111111,0.2925389
638,14.814331065759637,0.19187252
639,14.837551020408164,0.33334765
640,14.86077097505669,0.5378518
641,14.883990929705215,0.6857276
642,14.907210884353741,0.6857276
643,14.930430839002268,0.55462754
644,14.953650793650795,0.55462754
645,14.97687074829932,0.53906304
646,15.000090702947846,0.3270991
647,15.023310657596372,0.46550047
648,15.046530612244897,0.4904889
649,15.069750566893424,0.4904889
650,15.09297052154195,0.4215787
651,15.116190476190477,0.31003177
652,15.139410430839002,0.11481202
653,15.162630385487528,0.19451424
654,15.185850340136055,0.19451424
655,15.209070294784581,0.1161877
656,15.232290249433106,0.13106066
657,15.255510204081633,0.47032747
658,15.27873015873016,0.66377985
659,15.301950113378684,0.66377985
660,15.32517006802721,0.6047341
661,15.348390022675737,0.47020757
662,15.371609977324264,0.22178939
663,15.394829931972788,0.22178939
664,15.418049886621315,0.14327805
665,15.441269841269841,0.08619445
666,15.464489795918368,0.37981823
667,15.487709750566893,0.37981823
668,15.51092970521542,0.22648808
669,15.534149659863946,0.12384771
670,15.557369614512472,0.09954909
671,15.580589569160997,0.14223169
672,15.603809523809524,0.14223169
673,15.62702947845805,0.124938324
674,15.650249433106575,0.12671699
675,15.673469387755102,0.1413155
676,15.696689342403628,0.31642473
677,15.719909297052155,0.40854108
678,15.74312925170068,0.40854108
679,15.766349206349206,0.35574502
680,15.789569160997733,0.6151564
681,15.81278911564626,0.68533224
682,15.836009070294784,0.68533224
683,15.85922902494331,0.69073045
684,15.882448979591837,0.69073045
685,15.905668934240364,0.5480804
686,15.928888888888888,0.47898757
687,15.952108843537415,0.40617442
688,15.975328798185942,0.40617442
689,15.998548752834466,0.28173083
690,16.021768707482995,0.23214959
691,16.04498866213152,0.23214959
692,16.068208616780044,0.12234044
693,16.091428571428573,0.1028233
694,16.114648526077097,0.08765248
695,16.137868480725622,0.07950912
696,16.16108843537415,0.061186608
697,16.184308390022675,0.04608565
698,16.207528344671204,0.05576747
699,16.23074829931973,0.05576747
700,16.253968253968253,0.028109265
701,16.27718820861678,0.0102355955
702,16.300408163265306,0.0044828956
703,16.32362811791383,0.0035629682
704,16.34684807256236,0.0035629682
705,16.370068027210884,0.028012482
706,16.39328798185941,0.028012482
707,16.416507936507937,0.004740532
708,16.439727891156462,0.0036076682
709,16.46294784580499,0.0029899946
710,16.486167800453515,0.0029899946
711,16.50938775510204,0.0030425007
712,16.532607709750568,0.0039139837
713,16.555827664399093,0.0039139837
714,16.579047619047618,0.0040267864
715,16.602267573696146,0.004218275
716,16.62548752834467,0.004218275
717,16.648707482993196,0.0029590747
718,16.671927437641724,0.0025539384
719,16.69514739229025,0.0025539384
720,16.718367346938777,0.0020496114
721,16.741587301587302,0.0021279587
722,16.764807256235827,0.0050589642
723,16.788027210884355,0.022463515
724,16.81124716553288,0.033791076
725,16.834467120181404,0.2656085
726,16.857687074829933,0.2656085
727,16.880907029478458,0.2569755
728,16.904126984126986,0.3318825
729,16.92734693877551,0.4197577
730,16.950566893424035,0.4197577
731,16.973786848072564,0.32922336
732,16.99700680272109,0.19041319
733,17.020226757369613,0.10639367
734,17.04344671201814,0.072757944
735,17.066666666666666,0.09055982
736,17.08988662131519,0.09055982
737,17.11310657596372,0.07129125
738,17.136326530612244,0.6142064
739,17.159546485260773,0.98780113
740,17.182766439909297,0.98780113
741,17.205986394557822,0.98693347
742,17.22920634920635,0.98693305
743,17.252426303854875,0.96761805
744,17.2756462585034,0.81226575
745,17.29886621315193,0.7278151
746,17.322086167800453,0.6475863
747,17.345306122448978,0.6475863
748,17.368526077097506,0.5945584
749,17.39174603174603,0.5945584
750,17.41496598639456,0.48031056
751,17.438185941043084,0.35270625
752,17.46140589569161,0.17726912
753,17.484625850340137,0.17987125
754,17.507845804988662,0.17987125
755,17.531065759637187,0.15114234
756,17.554285714285715,0.13508916
757,17.57750566893424,0.122524306
758,17.600725623582765,0.122524306
759,17.623945578231293,0.11833199
760,17.647165532879818,0.118686095
761,17.670385487528346,0.19635028
762,17.69360544217687,0.3098107
763,17.716825396825396,0.3526897
764,17.740045351473924,0.3526897
765,17.76326530612245,0.3142167
766,17.786485260770974,0.22071981
767,17.809705215419502,0.09547716
768,17.832925170068027,0.58200455
769,17.856145124716555,0.58200455
770,17.87936507936508,0.34769997
771,17.902585034013605,0.42040357
772,17.925804988662133,0.42040357
773,17.949024943310658,0.30692768
774,17.972244897959182,0.1450074
775,17.99546485260771,0.07742542
776,18.018684807256236,0.17086236
777,18.04190476190476,0.19828925
778,18.06512471655329,0.24150006
779,18.088344671201813,0.2886421
780,18.11156462585034,0.32677543
781,18.134784580498867,0.77924174
782,18.15800453514739,0.77924174
783,18.18122448979592,0.7070994
784,18.204444444444444,0.47069266
785,18.22766439909297,0.28062436
786,18.250884353741498,0.1316299
787,18.274104308390022,0.056726992
788,18.297324263038547,0.044563882
789,18.320544217687075,0.02370168
790,18.3437641723356,0.0130019
791,18.36698412698413,0.10435142
792,18.390204081632653,0.114653155
793,18.413424036281178,0.114653155
794,18.436643990929706,0.014169092
795,18.45986394557823,0.007110519
796,18.483083900226756,0.0055729602
797,18.506303854875284,0.0071257073
798,18.52952380952381,0.0088915145
799,18.552743764172334,0.009809992
800,18.575963718820862,0.011560685
801,18.599183673469387,0.011729066
802,18.622403628117915,0.011729066
803,18.64562358276644,0.0070276046
804,18.668843537414965,0.0046442007
805,18.692063492063493,0.0034254019
806,18.715283446712018,0.0029143146
807,18.738503401360543,0.004951931
808,18.76172335600907,0.024146907
809,18.784943310657596,0.12858227
810,18.808163265306124,0.13646698
811,18.83138321995465,0.15859202
812,18.854603174603174,0.3744281
813,18.877823129251702,0.3744281
814,18.901043083900227,0.25380072
815,18.92426303854875,0.30048263
816,18.94748299319728,0.40324178
817,18.970702947845805,0.40324178
818,18.99392290249433,0.25180689
819,19.017142857142858,0.18647683
820,19.040362811791383,0.18647683
821,19.06358276643991,0.113151796
822,19.086802721088436,0.03462558
823,19.11002267573696,0.34444922
824,19.13324263038549,0.5135478
825,19.156462585034014,0.5135478
826,19.17968253968254,0.4704924
827,19.202902494331067,0.4125672
828,19.22612244897959,0.40386316
829,19.249342403628116,0.3473979
830,19.272562358276645,0.42658874
831,19.29578231292517,0.42658874
832,19.319002267573698,0.48275506
833,19.342222222222222,0.48275506
834,19.365442176870747,0.44579038
835,19.388662131519276,0.31462204
836,19.4118820861678,0.27161938
837,19.435102040816325,0.19835696
838,19.458321995464853,0.11379863
839,19.481541950113378,0.11379863
840,19.504761904761907,0.05160603
841,19.52798185941043,0.033032898
842,19.551201814058956,0.010517978
843,19.574421768707484,0.55301785
844,19.59764172335601,0.55301785
845,19.620861678004534,0.19738153
846,19.644081632653062,0.061080754
847,19.667301587301587,0.27992383
848,19.690521541950112,0.41156694
849,19.71374149659864,0.5552712
850,19.736961451247165,0.5552712
851,19.760181405895693,0.60944843
852,19.783401360544218,0.60944843
853,19.806621315192743,0.60470814
854,19.82984126984127,0.3170294
855,19.853061224489796,0.17025243
856,19.87628117913832,0.17025243
857,19.89950113378685,0.080387376
858,19.922721088435374,0.39980003
859,19.9459410430839,0.40935174
860,19.969160997732427,0.40935174
861,19.99238095238095,0.0950967
862,20.01560090702948,0.18912344
863,20.038820861678005,0.2290271
864,20.06204081632653,0.28034028
865,20.085260770975058,0.28528565
866,20.108480725623583,0.3507564
867,20.131700680272107,0.41995114
868,20.154920634920636,0.47065312
869,20.17814058956916,0.5477858
870,20.201360544217685,0.5477858
871,20.224580498866214,0.5347067
872,20.24780045351474,0.55457157
873,20.271020408163267,0.55457157
874,20.29424036281179,0.28833368
875,20.317460317460316,0.27740288
876,20.340680272108845,0.20606574
877,20.36390022675737,0.20251302
878,20.387120181405894,0.12012388
879,20.410340136054423,0.12008723
880,20.433560090702947,0.1048931
881,20.456780045351476,0.09631962
882,20.48,0.03408082
883,20.503219954648525,0.007465834
884,20.526439909297054,0.0054074298
885,20.54965986394558,0.0037944478
886,20.572879818594103,0.0038411256
887,20.59609977324263,0.004755222
888,20.619319727891156,0.0052971877
889,20.64253968253968,0.0052971877
890,20.66575963718821,0.0049035433
891,20.688979591836734,0.0037463105
892,20.712199546485262,0.0041038855
893,20.735419501133787,0.0054339464
894,20.758639455782312,0.0054339464
895,20.78185941043084,0.003599616
896,20.805079365079365,0.003599616
897,20.82829931972789,0.0026251208
898,20.851519274376418,0.0027769164
899,20.874739229024943,0.0028157025
900,20.897959183673468,0.0063003837
901,20.921179138321996,0.01025438
902,20.94439909297052,0.44034484
903,20.96761904761905,0.44034484
904,20.990839002267574,0.073022015
905,21.0140589569161,0.11158407
906,21.037278911564627,0.44888362
907,21.060498866213152,0.7126152
908,21.083718820861677,0.8546049
909,21.106938775510205,0.90367836
910,21.13015873015873,0.90367836
911,21.153378684807254,0.46041003
912,21.176598639455783,0.2546859
913,21.199818594104308,0.4240004
914,21.223038548752836,0.7186048
915,21.24625850340136,0.7186048
916,21.269478458049885,0.5805316
917,21.292698412698414,0.40810987
918,21.31591836734694,0.40810987
919,21.339138321995463,0.39812618
920,21.36235827664399,0.39826137
921,21.385578231292516,0.39826137
922,21.408798185941045,0.201078
923,21.43201814058957,0.20551538
924,21.455238095238094,0.28182596
925,21.478458049886623,0.30471352
926,21.501678004535147,0.3541601
927,21.524897959183672,0.3541601
928,21.5481179138322,0.27878717
929,21.571337868480725,0.27878717
930,21.59455782312925,0.24983402
931,21.61777777777778,0.19323626
932,21.640997732426303,0.19323626
933,21.66421768707483,0.4594375
934,21.687437641723356,0.6958859
935,21.71065759637188,0.6958859
936,21.73387755102041,0.68485427
937,21.757097505668934,0.68485427
938,21.78031746031746,0.5428155
939,21.803537414965987,0.27062434
940,21.826757369614512,0.05861531
941,21.849977324263037,0.042646512
942,21.873197278911565,0.039453994
943,21.89641723356009,0.20898372
944,21.91963718820862,0.20898372
945,21.942857142857143,0.30166802
946,21.966077097505668,0.3084021
947,21.989297052154196,0.31802776
948,22.01251700680272,0.31802776
949,22.035736961451246,0.30082744
950,22.058956916099774,0.19596282
951,22.0821768707483,0.17068969
952,22.105396825396827,0.16818064
953,22.128616780045352,0.25312433
954,22.151836734693877,0.4367096
955,22.175056689342405,0.7605456
956,22.19827664399093,0.7605456
957,22.221496598639455,0.7497285
958,22.244716553287983,0.778573
959,22.267936507936508,0.778573
960,22.291156462585032,0.7615284
961,22.31437641723356,0.48529792
962,22.337596371882086,0.23275639
963,22.360816326530614,0.32314566
964,22.38403628117914,0.43272
965,22.407256235827663,0.43272
966,22.430476190476192,0.38668478
967,22.453696145124717,0.30551565
968,22.47691609977324,0.124518014
969,22.50013605442177,0.124518014
970,22.523356009070294,0.12145214
971,22.54657596371882,0.041206256
972,22.569795918367348,0.019251177
973,22.593015873015872,0.2009831
974,22.6162358276644,0.2009831
975,22.639455782312925,0.09909309
976,22.66267573696145,0.28947684
977,22.68589569160998,0.41512048
978,22.709115646258503,0.41512048
979,22.732335600907028,0.31034228
980,22.755555555555556,0.20038477
981,22.77877551020408,0.09920268
982,22.801995464852606,0.09989797
983,22.825215419501134,0.1392146
984,22.84843537414966,0.1392146
985,22.871655328798187,0.07477034
986,22.894875283446712,0.10060508
987,22.918095238095237,0.21187715
988,22.941315192743765,0.26155666
989,22.96453514739229,0.26155666
990,22.987755102040815,0.2126081
991,23.010975056689343,0.193865
992,23.034195011337868,0.12240311
993,23.057414965986396,0.0944664
994,23.08063492063492,0.104524165
995,23.103854875283446,0.18275401
996,23.127074829931974,0.31769547
997,23.1502947845805,0.42977613
998,23.173514739229024,0.4368468
999,23.196734693877552,0.4368468
1000,23.219954648526077,0.33228877
1001,23.2431746031746,0.32988393
1002,23.26639455782313,0.3205131
1003,23.289614512471655,0.27972934
1004,23.312834467120183,0.24443203
1005,23.336054421768708,0.17995818
1006,23.359274376417233,0.17995818
1007,23.38249433106576,0.17771545
1008,23.405714285714286,0.112508796
1009,23.42893424036281,0.1863686
1010,23.45215419501134,0.1863686
1011,23.475374149659864,0.16778407
1012,23.49859410430839,0.05418054
1013,23.521814058956917,0.14536224
1014,23.54503401360544,0.14536224
1015,23.56825396825397,0.14942273
1016,23.591473922902495,0.14942273
1017,23.61469387755102,0.073025554
1018,23.637913832199548,0.13055983
1019,23.661133786848072,0.49945197
1020,23.684353741496597,0.5720608
1021,23.707573696145126,0.5720608
1022,23.73079365079365,0.4764589
1023,23.754013605442175,0.35395867
1024,23.777233560090703,0.3929432
1025,23.800453514739228,0.3929432
1026,23.823673469387757,0.13656421
1027,23.84689342403628,0.13656421
1028,23.870113378684806,0.07720493
1029,23.893333333333334,0.1139507
1030,23.91655328798186,0.23338544
1031,23.939773242630384,0.23338544
1032,23.962993197278912,0.22257192
1033,23.986213151927437,0.46305218
1034,24.009433106575965,0.46305218
1035,24.03265306122449,0.3459375
1036,24.055873015873015,0.3089922
1037,24.079092970521543,0.14727542
1038,24.102312925170068,0.14193141
1039,24.125532879818593,0.4291322
1040,24.14875283446712,0.6595012
1041,24.171972789115646,0.6595012
1042,24.19519274376417,0.524735
1043,24.2184126984127,0.48492512
1044,24.241632653061224,0.6288326
1045,24.264852607709752,0.6288326
1046,24.288072562358277,0.44277325
1047,24.3112925170068,0.305207
1048,24.33451247165533,0.19820412
1049,24.357732426303855,0.17767458
1050,24.38095238095238,0.17767458
1051,24.404172335600908,0.112033196
1052,24.427392290249433,0.09673892
1053,24.450612244897957,0.08365242
1054,24.473832199546486,0.0318837
1055,24.49705215419501,0.01458315
1056,24.52027210884354,0.009210657
1057,24.543492063492064,0.006174344
1058,24.56671201814059,0.004099575
1059,24.589931972789117,0.0032838834
1060,24.61315192743764,0.0031591277
1061,24.636371882086166,0.0031591277
1062,24.659591836734695,0.0029230786
1063,24.68281179138322,0.004280855
1064,24.706031746031748,0.0046786363
1065,24.729251700680273,0.0046786363
1066,24.752471655328797,0.0040604784
1067,24.775691609977326,0.0029715612
1068,24.79891156462585,0.0029715612
1069,24.822131519274375,0.0028188215
1070,24.845351473922904,0.0025102706
1071,24.86857142857143,0.0029484963
1072,24.891791383219953,0.0029484963
1073,24.91501133786848,0.0028894611
1074,24.938231292517006,0.0028894611
1075,24.961451247165535,0.0027201157
1076,24.98467120181406,0.0027201157
1077,25.007891156462584,0.0038828927
1078,25.031111111111112,0.0038828927
1079,25.054331065759637,0.002556731
1080,25.077551020408162,0.0025970747
1081,25.10077097505669,0.0025970747
1082,25.123990929705215,0.0017527259
1083,25.14721088435374,0.001965087
1084,25.170430839002268,0.004071337
1085,25.193650793650793,0.018607663
1086,25.21687074829932,0.048049703
1087,25.240090702947846,0.072584115
1088,25.26331065759637,0.14886798
1089,25.2865306122449,0.17958756
1090,25.309750566893424,0.17958756
1091,25.33297052154195,0.052879956
1092,25.356190476190477,0.012555019
1093,25.379410430839002,0.012658739
1094,25.402630385487527,0.28647062
1095,25.425850340136055,0.4596608
1096,25.44907029478458,0.4596608
1097,25.472290249433108,0.3993685
1098,25.495510204081633,0.4291856
1099,25.518730158730158,0.4291856
1100,25.541950113378686,0.36946526
1101,25.56517006802721,0.32530636
1102,25.588390022675735,0.22480431
1103,25.611609977324264,0.14087903
1104,25.63482993197279,0.14087903
1105,25.658049886621317,0.10430445
1106,25.68126984126984,0.056997836
1107,25.704489795918366,0.13490161
1108,25.727709750566895,0.13490161
1109,25.75092970521542,0.031378116
1110,25.774149659863944,0.2480406
1111,25.797369614512473,0.2480406
1112,25.820589569160997,0.22684866
1113,25.843809523809522,0.16635132
1114,25.86702947845805,0.16635132
1115,25.890249433106575,0.12523612
1116,25.913469387755104,0.19899057
1117,25.93668934240363,0.22429729
1118,25.959909297052153,0.22429729
1119,25.98312925170068,0.20721367
1120,26.006349206349206,0.179376
1121,26.02956916099773,0.14170048
1122,26.05278911564626,0.076490276
1123,26.076009070294784,0.07712323
1124,26.09922902494331,0.07712323
1125,26.122448979591837,0.06201616
1126,26.145668934240362,0.11870448
1127,26.16888888888889,0.1668956
1128,26.192108843537415,0.17312866
1129,26.21532879818594,0.21041758
1130,26.23854875283447,0.29290426
1131,26.261768707482993,0.40796593
1132,26.284988662131518,0.40796593
1133,26.308208616780046,0.42632484
1134,26.33142857142857,0.42632484
1135,26.354648526077096,0.54819936
1136,26.377868480725624,0.54819936
1137,26.40108843537415,0.4319163
1138,26.424308390022677,0.08899192
1139,26.447528344671202,0.05448211
1140,26.470748299319727,0.053117685
1141,26.493968253968255,0.053117685
1142,26.51718820861678,0.05207345
1143,26.540408163265305,0.053489376
1144,26.563628117913833,0.13058092
1145,26.586848072562358,0.23416232
1146,26.610068027210886,0.23416232
1147,26.63328798185941,0.20680498
1148,26.656507936507936,0.09993262
1149,26.679727891156464,0.07148505
1150,26.70294784580499,0.13022919
1151,26.726167800453513,0.1539714
1152,26.749387755102042,0.1539714
1153,26.772607709750567,0.08490983
1154,26.79582766439909,0.04822532
1155,26.81904761904762,0.011407544
1156,26.842267573696144,0.17961934
1157,26.865487528344673,0.17961934
1158,26.888707482993198,0.09595214
1159,26.911927437641722,0.30675772
1160,26.93514739229025,0.30675772
1161,26.958367346938775,0.25417253
1162,26.9815873015873,0.20042382
1163,27.00480725623583,0.16661975
1164,27.028027210884353,0.16094835
1165,27.051247165532878,0.10873223
1166,27.074467120181406,0.079998866
1167,27.09768707482993,0.07332168
1168,27.12090702947846,0.060316153
1169,27.144126984126984,0.060316153
1170,27.16734693877551,0.053478763
1171,27.190566893424037,0.11409845
1172,27.213786848072562,0.11409845
1173,27.237006802721087,0.061565492
1174,27.260226757369615,0.08515228
1175,27.28344671201814,0.08515228
1176,27.30666666666667,0.05068874
1177,27.329886621315193,0.045626342
1178,27.353106575963718,0.031355087
1179,27.376326530612246,0.011878841
1180,27.39954648526077,0.0059876745
1181,27.422766439909296,0.004143008
1182,27.445986394557824,0.002502829
1183,27.46920634920635,0.002502829
1184,27.492426303854874,0.0021649853
1185,27.515646258503402,0.0022103053
1186,27.538866213151927,0.0027539826
1187,27.562086167800455,0.0027539826
1188,27.58530612244898,0.0019449551
1189,27.608526077097505,0.0019449551
1190,27.631746031746033,0.0020293084
1191,27.654965986394558,0.0024960507
1192,27.678185941043083,0.0024960507
1193,27.70140589569161,0.0024857887
1194,27.724625850340136,0.0024857887
1195,27.74784580498866,0.0025759882
1196,27.77106575963719,0.012456731
1197,27.794285714285714,0.012456731
1198,27.817505668934242,0.0075768484
1199,27.840725623582767,0.0021361036
1200,27.86394557823129,0.00244731
1201,27.88716553287982,0.0107366955
1202,27.910385487528345,0.03124793
1203,27.93360544217687,0.08798129
1204,27.956825396825398,0.09141529
1205,27.980045351473922,0.09141529
1206,28.003265306122447,0.08955228
1207,28.026485260770976,0.0795987
1208,28.0497052154195,0.082727745
1209,28.07292517006803,0.13156992
1210,28.096145124716553,0.13156992
1211,28.11936507936508,0.30383924
1212,28.142585034013607,0.6737661
1213,28.16580498866213,0.6737661
1214,28.189024943310656,0.6797067
1215,28.212244897959184,0.752015
1216,28.23546485260771,0.7960152
1217,28.258684807256238,0.7960152
1218,28.281904761904762,0.3883083
1219,28.305124716553287,0.31057733
1220,28.328344671201815,0.3359502
1221,28.35156462585034,0.36033344
1222,28.374784580498865,0.36033344
1223,28.398004535147393,0.24381876
1224,28.421224489795918,0.22671385
1225,28.444444444444443,0.1843411
1226,28.46766439909297,0.0966737
1227,28.490884353741496,0.0966737
1228,28.514104308390024,0.14585474
1229,28.53732426303855,0.18872564
1230,28.560544217687074,0.29104924
1231,28.583764172335602,0.38444176
1232,28.606984126984127,0.52058065
1233,28.63020408163265,0.6222147
1234,28.65342403628118,0.6256798
1235,28.676643990929705,0.6256798
1236,28.69986394557823,0.4278225
1237,28.723083900226758,0.23542376
1238,28.746303854875283,0.09137163
1239,28.76952380952381,0.029475478
1240,28.792743764172336,0.02028741
1241,28.81596371882086,0.011426349
1242,28.83918367346939,0.008392313
1243,28.862403628117914,0.009085997
1244,28.88562358276644,0.028451223
1245,28.908843537414967,0.22932321
1246,28.93206349206349,0.24795799
1247,28.955283446712016,0.24795799
1248,28.978503401360545,0.19313432
1249,29.00172335600907,0.15898973
1250,29.024943310657598,0.11825153
1251,29.048163265306123,0.10645263
1252,29.071383219954647,0.066551894
1253,29.094603174603176,0.044555508
1254,29.1178231292517,0.01054802
1255,29.141043083900225,0.0075193085
1256,29.164263038548754,0.0029766592
1257,29.18748299319728,0.0026422036
1258,29.210702947845807,0.0026422036
1259,29.23392290249433,0.002226971
1260,29.257142857142856,0.002226971
1261,29.280362811791385,0.002244247
1262,29.30358276643991,0.002244247
1263,29.326802721088434,0.0031085366
1264,29.350022675736962,0.014876391
1265,29.373242630385487,0.014876391
1266,29.396462585034012,0.0026328694
1267,29.41968253968254,0.0031478966
1268,29.442902494331065,0.0031478966
1269,29.466122448979593,0.0028975457
1270,29.489342403628118,0.0028851284
1271,29.512562358276643,0.0028851284
1272,29.53578231292517,0.0028038006
1273,29.559002267573696,0.0028038006
1274,29.58222222222222,0.0028300236
1275,29.60544217687075,0.0028300236
1276,29.628662131519274,0.002180093
1277,29.6518820861678,0.0019256474
1278,29.675102040816327,0.0021215691
1279,29.698321995464852,0.0037964152
1280,29.72154195011338,0.011253711
1281,29.744761904761905,0.24340996
1282,29.76798185941043,0.29910687
1283,29.791201814058958,0.29910687
1284,29.814421768707483,0.23740551
1285,29.837641723356008,0.23740551
1286,29.860861678004536,0.16793151
1287,29.88408163265306,0.16793151
1288,29.90730158730159,0.1398945
1289,29.930521541950114,0.10633795
1290,29.95374149659864,0.07376006
1291,29.976961451247167,0.07790605
1292,30.00018140589569,0.10231347
1293,30.023401360544216,0.17574577
1294,30.046621315192745,0.82618
1295,30.06984126984127,0.8546618
1296,30.093061224489794,0.8546618
1297,30.116281179138323,0.90049464
1298,30.139501133786847,0.90049464
1299,30.162721088435376,0.55319273
1300,30.1859410430839,0.4238065
1301,30.209160997732425,0.09783108
1302,30.232380952380954,0.05393359
1303,30.25560090702948,0.035195943
1304,30.278820861678003,0.04924765
1305,30.30204081632653,0.06644449
1306,30.325260770975056,0.28377986
1307,30.34848072562358,0.28377986
1308,30.37170068027211,0.104687914
1309,30.394920634920634,0.029494809
1310,30.418140589569163,0.034028057
1311,30.441360544217687,0.04017058
1312,30.464580498866212,0.0598954
1313,30.48780045351474,0.069326974
1314,30.511020408163265,0.16452634
1315,30.53424036281179,0.16452634
1316,30.55746031746032,0.11101586
1317,30.580680272108843,0.29924718
1318,30.603900226757368,0.36290637
1319,30.627120181405896,0.36290637
1320,30.65034013605442,0.29990757
1321,30.67356009070295,0.2836853
1322,30.696780045351474,0.2836853
1323,30.72,0.18290532
1324,30.743219954648527,0.1601481
1325,30.766439909297052,0.11524545
1326,30.789659863945577,0.08154493
1327,30.812879818594105,0.059981473
1328,30.83609977324263,0.034683347
1329,30.859319727891158,0.034683347
1330,30.882539682539683,0.027020274
1331,30.905759637188208,0.008447027
1332,30.928979591836736,0.0064685484
1333,30.95219954648526,0.0051171794
1334,30.975419501133786,0.0051171794
1335,30.998639455782314,0.0023401412
1336,31.02185941043084,0.0019972913
1337,31.045079365079363,0.0021968174
1338,31.068299319727892,0.0021968174
1339,31.091519274376417,0.0031735476
1340,31.114739229024945,0.0031735476
1341,31.13795918367347,0.0024860231
1342,31.161179138321994,0.0021546485
1343,31.184399092970523,0.0026553448
1344,31.207619047619048,0.0026553448
1345,31.230839002267572,0.002084335
1346,31.2540589569161,0.0026967733
1347,31.277278911564625,0.0026967733
1348,31.30049886621315,0.0023561688
1349,31.32371882086168,0.0023354094
1350,31.346938775510203,0.0023354094
1351,31.37015873015873,0.0023287185
1352,31.393378684807256,0.0022325919
1353,31.41659863945578,0.0019222344
1354,31.43981859410431,0.0018996139
1355,31.463038548752834,0.0028554667
1356,31.48625850340136,0.0028554667
1357,31.509478458049887,0.0021761262
1358,31.532698412698412,0.0021761262
1359,31.555918367346937,0.0033956221
1360,31.579138321995465,0.0033956221
1361,31.60235827664399,0.002325987
1362,31.62557823129252,0.0020641938
1363,31.648798185941043,0.0018089316
1364,31.672018140589568,0.002064624
1365,31.695238095238096,0.002064624
1366,31.71845804988662,0.0026761782
1367,31.741678004535146,0.0043152827
1368,31.764897959183674,0.0043152827
1369,31.7881179138322,0.004166051
1370,31.811337868480727,0.0028738831
1371,31.834557823129252,0.0028738831
1372,31.857777777777777,0.0025939478
1373,31.880997732426305,0.0025939478
1374,31.90421768707483,0.0021168347
1375,31.927437641723355,0.0022631185
1376,31.950657596371883,0.0022631185
1377,31.973877551020408,0.0023367933
1378,31.997097505668933,0.0023367933
1379,32.02031746031746,0.0022931977
1380,32.04353741496599,0.0020470154
1381,32.066757369614514,0.0016599409
1382,32.08997732426304,0.0023603758
1383,32.113197278911564,0.0024063417
1384,32.13641723356009,0.0027631114
1385,32.15963718820862,0.015878443
1386,32.182857142857145,0.015878443
1387,32.20607709750567,0.002652358
1388,32.229297052154195,0.0031654756
1389,32.25251700680272,0.004149984
1390,32.275736961451244,0.008716646
1391,32.298956916099776,0.01533452
1392,32.3221768707483,0.03427057
1393,32.345396825396826,0.14498046
1394,32.36861678004535,0.22836477
1395,32.391836734693875,0.22836477
1396,32.41505668934241,0.24239057
1397,32.43827664399093,0.2938627
1398,32.46149659863946,0.2938627
1399,32.48471655328798,0.2845699
1400,32.507936507936506,0.28568777
1401,32.53115646258503,0.30805027
1402,32.55437641723356,0.35842055
1403,32.57759637188209,0.39344978
1404,32.60081632653061,0.39344978
1405,32.62403628117914,0.09819079
1406,32.64725623582766,0.043403793
1407,32.670476190476194,0.09250907
1408,32.69369614512472,0.09699224
1409,32.71691609977324,0.13872199
1410,32.74013605442177,0.37758178
1411,32.76335600907029,0.720927
1412,32.78657596371882,0.720927
1413,32.80979591836735,0.69320387
1414,32.833015873015874,0.45776543
1415,32.8562358276644,0.5813526
1416,32.879455782312924,0.5813526
1417,32.90267573696145,0.36090842
1418,32.92589569160998,0.26857182
1419,32.949115646258505,0.22405022
1420,32.97233560090703,0.41597646
1421,32.995555555555555,0.41597646
1422,33.01877551020408,0.27367294
1423,33.041995464852604,0.17462884
1424,33.065215419501136,0.03155211
1425,33.08843537414966,0.28278136
1426,33.111655328798186,0.28278136
1427,33.13487528344671,0.5520675
1428,33.158095238095235,0.5520675
1429,33.18131519274377,0.4968049
1430,33.20453514739229,0.33537403
1431,33.22775510204082,0.2511663
1432,33.25097505668934,0.19749223
1433,33.274195011337866,0.16264492
1434,33.29741496598639,0.0809046
1435,33.32063492063492,0.08012198
1436,33.34385487528345,0.04502004
1437,33.36707482993197,0.025847595
1438,33.3902947845805,0.021387955
1439,33.41351473922902,0.016245322
1440,33.436734693877554,0.010550407
1441,33.45995464852608,0.011695086
1442,33.483174603174604,0.08734723
1443,33.50639455782313,0.26985094
1444,33.52961451247165,0.40559214
1445,33.55283446712018,0.4969092
1446,33.57605442176871,0.4969092
1447,33.599274376417235,0.47255298
1448,33.62249433106576,0.43172997
1449,33.645714285714284,0.26615626
1450,33.66893424036281,0.26615626
1451,33.69215419501134,0.15920378
1452,33.715374149659866,0.13208367
1453,33.73859410430839,0.2035634
1454,33.761814058956915,0.42590076
1455,33.78503401360544,0.5865896
1456,33.80825396825397,0.70395005
1457,33.8314739229025,0.70625955
1458,33.85469387755102,0.70625955
1459,33.877913832199546,0.5958324
1460,33.90113378684807,0.53845537
1461,33.924353741496596,0.4904295
1462,33.94757369614513,0.14580391
1463,33.97079365079365,0.09888709
1464,33.99401360544218,0.20745723
1465,34.0172335600907,0.20745723
1466,34.04045351473923,0.33634272
1467,34.06367346938776,0.33634272
1468,34.08689342403628,0.09807858
1469,34.11011337868481,0.045060672
1470,34.13333333333333,0.022613969
1471,34.15655328798186,0.20067061
1472,34.17977324263038,0.20067061
1473,34.202993197278914,0.09852652
1474,34.22621315192744,0.057139505
1475,34.249433106575964,0.05924926
1476,34.27265306122449,0.13869993
1477,34.29587301587301,0.21842729
1478,34.319092970521545,0.21842729
1479,34.34231292517007,0.151246
1480,34.365532879818595,0.1480325
1481,34.38875283446712,0.1480325
1482,34.411972789115644,0.11502157
1483,34.43519274376417,0.06740068
1484,34.4584126984127,0.045921937
1485,34.481632653061226,0.026795018
1486,34.50485260770975,0.020900926
1487,34.528072562358275,0.010694033
1488,34.5512925170068,0.010694033
1489,34.57451247165533,0.0065894295
1490,34.59773242630386,0.006180508
1491,34.62095238095238,0.002876851
1492,34.644172335600906,0.0031204366
1493,34.66739229024943,0.0031204366
1494,34.690612244897956,0.0025243072
1495,34.71383219954649,0.0028229428
1496,34.73705215419501,0.0028229428
1497,34.76027210884354,0.0021284313
1498,34.78349206349206,0.0021284313
1499,34.80671201814059,0.0018578465
1500,34.82993197278912,0.0018549545
1501,34.853151927437644,0.0022679567
1502,34.87637188208617,0.002430764
1503,34.89959183673469,0.002430764
1504,34.92281179138322,0.0023587188
1505,34.94603174603174,0.0022869685
1506,34.969251700680275,0.0022869685
1507,34.9924716553288,0.0022343453
1508,35.015691609977324,0.0022343453
1509,35.03891156462585,0.0021494196
1510,35.062131519274374,0.0023470763
1511,35.085351473922906,0.0026244754
1512,35.10857142857143,0.0029295564
1513,35.131791383219955,0.0029295564
1514,35.15501133786848,0.0025843182
1515,35.178231292517005,0.002886555
1516,35.20145124716553,0.0031396393
1517,35.22467120181406,0.0036266448
1518,35.247891156462586,0.0036266448
1519,35.27111111111111,0.0034265958
1520,35.294331065759636,0.0031691613
1521,35.31755102040816,0.0032548332
1522,35.34077097505669,0.003729616
1523,35.36399092970522,0.003729616
1524,35.38721088435374,0.0032961147
1525,35.41043083900227,0.003223508
1526,35.43365079365079,0.003223508
1527,35.456870748299316,0.0031708006
1528,35.48009070294785,0.0025567038
1529,35.50331065759637,0.0032063897
1530,35.5265306122449,0.0052570477
1531,35.54975056689342,0.02023754
1532,35.57297052154195,0.27494246
1533,35.59619047619048,0.98847884
1534,35.619410430839004,0.98847884
1535,35.64263038548753,0.9852311
1536,35.66585034013605,0.9751582
1537,35.68907029478458,0.9677616
1538,35.71229024943311,0.710549
1539,35.735510204081635,0.9870617
1540,35.75873015873016,0.9870617
1541,35.781950113378684,0.9908617
1542,35.80517006802721,0.9908617
1543,35.828390022675734,0.9813856
1544,35.851609977324266,0.98517716
1545,35.87482993197279,0.98663545
1546,35.898049886621315,0.98665744
1547,35.92126984126984,0.98665744
1548,35.944489795918365,0.9804212
1549,35.9677097505669,0.7873264
1550,35.99092970521542,0.982115
1551,36.014149659863946,0.982115
1552,36.03736961451247,0.82015646
1553,36.060589569160996,0.7301732
1554,36.08380952380952,0.7301732
1555,36.10702947845805,0.98271835
1556,36.13024943310658,0.98451364
1557,36.1534693877551,0.98611206
1558,36.17668934240363,0.98611206
1559,36.19990929705215,0.92518437
1560,36.22312925170068,0.6957176
1561,36.24634920634921,0.7692684
1562,36.26956916099773,0.7692684
1563,36.29278911564626,0.49572858
1564,36.31600907029478,0.5054897
1565,36.33922902494331,0.5390036
1566,36.36244897959184,0.6930702
1567,36.385668934240364,0.6930702
1568,36.40888888888889,0.682855
1569,36.432108843537414,0.7297751
1570,36.45532879818594,0.98541796
1571,36.47854875283447,0.98541796
1572,36.501768707482995,0.98387796
1573,36.52498866213152,0.71170914
1574,36.548208616780045,0.60511374
1575,36.57142857142857,0.60511374
1576,36.594648526077094,0.60024416
1577,36.617868480725626,0.39758375
1578,36.64108843537415,0.43683615
1579,36.664308390022676,0.43683615
1580,36.6875283446712,0.37048212
1581,36.710748299319725,0.37048212
1582,36.73396825396826,0.29016793
1583,36.75718820861678,0.24354628
1584,36.78040816326531,0.24354628
1585,36.80362811791383,0.20603931
1586,36.826848072562356,0.18804795
1587,36.85006802721088,0.17303084
1588,36.87328798185941,0.17303084
1589,36.89650793650794,0.17450489
1590,36.91972789115646,0.17450489
1591,36.94294784580499,0.114100285
1592,36.96616780045351,0.114100285
1593,36.989387755102044,0.092083625
1594,37.01260770975057,0.09001594
1595,37.03582766439909,0.09001594
1596,37.05904761904762,0.05762409
1597,37.08226757369614,0.049307715
1598,37.10548752834467,0.047301702
1599,37.1287074829932,0.047301702
1600,37.151927437641724,0.03074341
1601,37.17514739229025,0.028290438
1602,37.198367346938774,0.024253841
1603,37.2215873015873,0.02170402
1604,37.24480725623583,0.0154718645
1605,37.268027210884355,0.0154718645
1606,37.29124716553288,0.013961095
1607,37.314467120181405,0.012627856
1608,37.33768707482993,0.0090901805
1609,37.36090702947846,0.008270477
1610,37.384126984126986,0.0081199305
1611,37.40734693877551,0.028036786
1612,37.430566893424036,0.028036786
1613,37.45378684807256,0.0056625027
1614,37.477006802721085,0.027458379
1615,37.50022675736962,0.047097005
1616,37.52344671201814,0.07725618
1617,37.54666666666667,0.12443513
1618,37.56988662131519,0.12443513
1619,37.593106575963716,0.53155756
1620,37.61632653061225,0.6861259
1621,37.63954648526077,0.6861259
1622,37.6627664399093,0.5732179
1623,37.68598639455782,0.7825332
1624,37.70920634920635,0.9811646
1625,37.73242630385487,0.9811646
1626,37.755646258503404,0.77056354
1627,37.77886621315193,0.578156
1628,37.802086167800454,0.56563973
1629,37.82530612244898,0.56563973
1630,37.8485260770975,0.37968433
1631,37.871746031746035,0.2982404
1632,37.89496598639456,0.26233724
1633,37.918185941043085,0.3452755
1634,37.94140589569161,0.68371534
1635,37.964625850340134,0.68371534
1636,37.98784580498866,0.37347224
1637,38.01106575963719,0.51945335
1638,38.034285714285716,0.9242588
1639,38.05750566893424,0.9242588
1640,38.080725623582765,0.8498605
1641,38.10394557823129,0.54549414
1642,38.12716553287982,0.45229274
1643,38.15038548752835,0.7060703
1644,38.17360544217687,0.7060703
1645,38.196825396825396,0.41802052
1646,38.22004535147392,0.4040073
1647,38.243265306122446,0.4040073
1648,38.26648526077098,0.33028948
1649,38.2897052154195,0.27866724
1650,38.31292517006803,0.23302543
1651,38.33614512471655,0.23302543
1652,38.35936507936508,0.22767775
1653,38.38258503401361,0.2256864
1654,38.40580498866213,0.19065039
1655,38.42902494331066,0.19065039
1656,38.45224489795918,0.14253928
1657,38.47546485260771,0.13641459
1658,38.49868480725623,0.113194354
1659,38.521904761904764,0.10939717
1660,38.54512471655329,0.08555249
1661,38.568344671201814,0.07462917
1662,38.59156462585034,0.054033592
1663,38.61478458049886,0.050855327
1664,38.638004535147395,0.04335789
1665,38.66122448979592,0.036965024
1666,38.684444444444445,0.02895638
1667,38.70766439909297,0.026210217
1668,38.730884353741494,0.021690024
1669,38.75410430839002,0.019703912
1670,38.77732426303855,0.019703912
1671,38.800544217687076,0.015909346
1672,38.8237641723356,0.012486087
1673,38.846984126984125,0.011183668
1674,38.87020408163265,0.009089478
1675,38.89342403628118,0.008370555
1676,38.91664399092971,0.0069029485
1677,38.93986394557823,0.006017383
1678,38.963083900226756,0.005882654
1679,38.98630385487528,0.004569088
1680,39.00952380952381,0.0048137642
1681,39.03274376417234,0.0048137642
1682,39.05596371882086,0.004202036
1683,39.07918367346939,0.004202036
1684,39.10240362811791,0.003272569
1685,39.12562358276644,0.0026441638
1686,39.14884353741497,0.003236153
1687,39.172063492063494,0.003236153
1688,39.19528344671202,0.0029516038
1689,39.21850340136054,0.0023813348
1690,39.24172335600907,0.0026408208
1691,39.2649433106576,0.0037784681
1692,39.288163265306125,0.03348709
1693,39.31138321995465,0.5128524
1694,39.334603174603174,0.8248461
1695,39.3578231292517,0.9851655
1696,39.381043083900224,0.9851655
1697,39.404263038548756,0.9842263
1698,39.42748299319728,0.3537776
1699,39.450702947845805,0.86206245
1700,39.47392290249433,0.86206245
1701,39.497142857142855,0.9822394
1702,39.52036281179139,0.98271626
1703,39.54358276643991,0.9862207
1704,39.566802721088436,0.9862207
1705,39.59002267573696,0.9301786
1706,39.613242630385486,0.98096126
1707,39.63646258503401,0.98096126
1708,39.65968253968254,0.98589414
1709,39.68290249433107,0.98589414
1710,39.70612244897959,0.9473266
1711,39.72934240362812,0.8436582
1712,39.75256235827664,0.7782885
1713,39.77578231292517,0.8285411
1714,39.7990022675737,0.8285411
1715,39.82222222222222,0.62801176
1716,39.84544217687075,0.7297373
1717,39.86866213151927,0.9838629
1718,39.8918820861678,0.9838629
1719,39.91510204081633,0.98285407
1720,39.938321995464854,0.98285407
1721,39.96154195011338,0.94770384
1722,39.9847619047619,0.94770384
1723,40.00798185941043,0.6405119
1724,40.03120181405896,0.5941094
1725,40.054421768707485,0.5921926
1726,40.07764172335601,0.53680456
1727,40.100861678004534,0.39011326
1728,40.12408163265306,0.35233307
1729,40.147301587301584,0.34132275
1730,40.170521541950116,0.27955037
1731,40.19374149659864,0.40966162
1732,40.216961451247165,0.43136045
1733,40.24018140589569,0.43136045
1734,40.263401360544215,0.4021447
1735,40.28662131519275,0.36322114
1736,40.30984126984127,0.34380728
1737,40.333061224489796,0.43013215
1738,40.35628117913832,0.5984239
1739,40.379501133786846,0.81010664
1740,40.40272108843537,0.8920308
1741,40.4259410430839,0.8920308
1742,40.44916099773243,0.57252014
1743,40.47238095238095,0.4873586
1744,40.49560090702948,0.5623442
1745,40.518820861678,0.5623442
1746,40.542040816326534,0.31762022
1747,40.56526077097506,0.31929442
1748,40.58848072562358,0.36945495
1749,40.61170068027211,0.36945495
1750,40.63492063492063,0.37969598
1751,40.658140589569165,0.37969598
1752,40.68136054421769,0.3324038
1753,40.704580498866214,0.30519393
1754,40.72780045351474,0.30519393
1755,40.751020408163264,0.272063
1756,40.77424036281179,0.2806842
1757,40.79746031746032,0.3838363
1758,40.820680272108845,0.3838363
1759,40.84390022675737,0.28612894
1760,40.867120181405895,0.18151355
1761,40.89034013605442,0.18151355
1762,40.91356009070295,0.2107999
1763,40.936780045351476,0.24791776
1764,40.96,0.24791776
1765,40.983219954648526,0.29464695
1766,41.00643990929705,0.3355253
1767,41.029659863945575,0.3355253
1768,41.05287981859411,0.18759747
1769,41.07609977324263,0.14054088
1770,41.09931972789116,0.158313
1771,41.12253968253968,0.158313
1772,41.145759637188206,0.17848533
1773,41.16897959183674,0.91716105
1774,41.19219954648526,0.9313835
1775,41.21541950113379,0.9313835
1776,41.23863945578231,0.8398137
1777,41.26185941043084,0.7344486
1778,41.28507936507936,0.596689
1779,41.308299319727894,0.69984865
1780,41.33151927437642,0.69984865
1781,41.35473922902494,0.4686834
1782,41.37795918367347,0.3098085
1783,41.40117913832199,0.38027516
1784,41.424399092970525,0.38027516
1785,41.44761904761905,0.27348423
1786,41.470839002267574,0.16856195
1787,41.4940589569161,0.1866387
1788,41.517278911564624,0.19086896
1789,41.54049886621315,0.19086896
1790,41.56371882086168,0.08641564
1791,41.586938775510205,0.08641564
1792,41.61015873015873,0.091134615
1793,41.633378684807255,0.091134615
1794,41.65659863945578,0.07098792
1795,41.67981859410431,0.041241873
1796,41.703038548752836,0.04488211
1797,41.72625850340136,0.04488211
1798,41.749478458049886,0.032744735
1799,41.77269841269841,0.02058936
1800,41.795918367346935,0.021812681
1801,41.81913832199547,0.02271883
1802,41.84235827664399,0.02271883
1803,41.86557823129252,0.009899314
1804,41.88879818594104,0.009890697
1805,41.912018140589566,0.011900789
1806,41.9352380952381,0.011900789
1807,41.95845804988662,0.006080889
1808,41.98167800453515,0.005860526
1809,42.00489795918367,0.007312482
1810,42.0281179138322,0.007312482
1811,42.05133786848072,0.004324779
1812,42.074557823129254,0.00393158
1813,42.09777777777778,0.0040133223
1814,42.120997732426304,0.0040133223
1815,42.14421768707483,0.0027944187
1816,42.16743764172335,0.0032752308
1817,42.190657596371885,0.0032752308
1818,42.21387755102041,0.0025419516
1819,42.237097505668935,0.0031348665
1820,42.26031746031746,0.0031348665
1821,42.283537414965984,0.0032472908
1822,42.30675736961451,0.0032472908
1823,42.32997732426304,0.0030321998
1824,42.353197278911566,0.0030321998
1825,42.37641723356009,0.003051529
1826,42.399637188208615,0.003051529
1827,42.42285714285714,0.0029946973
1828,42.44607709750567,0.0030106027
1829,42.4692970521542,0.0030106027
1830,42.49251700680272,0.0033698238
1831,42.515736961451246,0.0033698238
1832,42.53895691609977,0.003095973
1833,42.5621768707483,0.0027063496
1834,42.58539682539683,0.002559223
1835,42.60861678004535,0.0025786713
1836,42.63183673469388,0.00280594
1837,42.6550566893424,0.00280594
1838,42.67827664399093,0.0028159223
1839,42.70149659863946,0.0028159223
1840,42.72471655328798,0.0029429377
1841,42.74793650793651,0.0029429377
1842,42.77115646258503,0.0024868343
1843,42.79437641723356,0.0028727835
1844,42.81759637188209,0.0028727835
1845,42.840816326530614,0.0024098463
1846,42.86403628117914,0.0023443159
1847,42.887256235827664,0.0032062167
1848,42.91047619047619,0.0032062167
1849,42.93369614512471,0.0024492133
1850,42.956916099773245,0.0024492133
1851,42.98013605442177,0.0022654128
1852,43.003356009070295,0.0025289855
1853,43.02657596371882,0.0025289855
1854,43.049795918367344,0.0024719504
1855,43.073015873015876,0.0026594244
1856,43.0962358276644,0.0026594244
1857,43.119455782312926,0.002410714
1858,43.14267573696145,0.0038051168
1859,43.165895691609975,0.0064714854
1860,43.1891156462585,0.29346547
1861,43.21233560090703,0.29346547
1862,43.23555555555556,0.49786258
1863,43.25877551020408,0.49786258
1864,43.281995464852606,0.34433866
1865,43.30521541950113,0.2501878
1866,43.32843537414966,0.08143171
1867,43.35165532879819,0.056827046
1868,43.37487528344671,0.064873345
1869,43.39809523809524,0.19847058
1870,43.42131519274376,0.20646818
1871,43.44453514739229,0.20646818
1872,43.46775510204082,0.18991612
1873,43.490975056689344,0.14724614
1874,43.51419501133787,0.1392412
1875,43.53741496598639,0.1392412
1876,43.56063492063492,0.23514955
1877,43.58385487528345,0.23514955
1878,43.607074829931975,0.16664349
1879,43.6302947845805,0.18381222
1880,43.653514739229024,0.18381222
1881,43.67673469387755,0.20359127
1882,43.699954648526074,0.20359127
1883,43.723174603174606,0.12481907
1884,43.74639455782313,0.47716013
1885,43.769614512471655,0.62487626
1886,43.79283446712018,0.62487626
1887,43.816054421768705,0.5707724
1888,43.83927437641724,0.3715116
1889,43.86249433106576,0.33512542
1890,43.885714285714286,0.33512542
1891,43.90893424036281,0.22051728
1892,43.932154195011336,0.18057449
1893,43.95537414965986,0.13402541
1894,43.97859410430839,0.08691231
1895,44.00181405895692,0.13263097
1896,44.02503401360544,0.15575917
1897,44.04825396825397,0.15575917
1898,44.07147392290249,0.1662835
1899,44.09469387755102,0.1662835
1900,44.11791383219955,0.15158594
1901,44.14113378684807,0.113551885
1902,44.1643537414966,0.12717941
1903,44.18757369614512,0.14180051
1904,44.210793650793654,0.14180051
1905,44.23401360544218,0.1234648
1906,44.257233560090704,0.117840454
1907,44.28045351473923,0.117840454
1908,44.30367346938775,0.10136083
1909,44.32689342403628,0.08757518
1910,44.35011337868481,0.07893976
1911,44.373333333333335,0.04038036
1912,44.39655328798186,0.037461527
1913,44.419773242630384,0.022356497
1914,44.44299319727891,0.016108936
1915,44.46621315192744,0.05470008
1916,44.489433106575966,0.05470008
1917,44.51265306122449,0.03188582
1918,44.535873015873015,0.03188582
1919,44.55909297052154,0.032809008
1920,44.582312925170065,0.032809008
1921,44.6055328798186,0.02519463
1922,44.62875283446712,0.019693134
1923,44.651972789115646,0.011890851
1924,44.67519274376417,0.007187827
1925,44.698412698412696,0.002970362
1926,44.72163265306123,0.0029400107
1927,44.74485260770975,0.0022370063
1928,44.76807256235828,0.001949529
1929,44.7912925170068,0.0018939662
1930,44.81451247165533,0.002200165
1931,44.83773242630385,0.002200165
1932,44.860952380952384,0.002470974
1933,44.88417233560091,0.002470974
1934,44.90739229024943,0.0021352451
1935,44.93061224489796,0.0021352451
1936,44.95383219954648,0.0021345678
1937,44.977052154195015,0.0020250897
1938,45.00027210884354,0.0026819098
1939,45.023492063492064,0.0026819098
1940,45.04671201814059,0.002443558
1941,45.069931972789114,0.002258215
1942,45.09315192743764,0.002258215
1943,45.11637188208617,0.0024774077
1944,45.139591836734695,0.0025408994
1945,45.16281179138322,0.0025408994
1946,45.186031746031745,0.0020750489
1947,45.20925170068027,0.0019843564
1948,45.2324716553288,0.0019843564
1949,45.255691609977326,0.0023046704
1950,45.27891156462585,0.0023046704
1951,45.302131519274376,0.0019014073
1952,45.3253514739229,0.0023543616
1953,45.348571428571425,0.002768682
1954,45.37179138321996,0.002768682
1955,45.39501133786848,0.0020680898
1956,45.41823129251701,0.0017731697
1957,45.44145124716553,0.0018171873
1958,45.464671201814056,0.0021791512
1959,45.48789115646259,0.0027871565
1960,45.51111111111111,0.0027871565
1961,45.53433106575964,0.0027616746
1962,45.55755102040816,0.0027616746
1963,45.58077097505669,0.002063106
1964,45.60399092970521,0.0020330355
1965,45.627210884353744,0.0026911914
1966,45.65043083900227,0.0026911914
1967,45.67365079365079,0.002503308
1968,45.69687074829932,0.0023459084
1969,45.72009070294784,0.0023459084
1970,45.743310657596375,0.0020532734
1971,45.7665306122449,0.0020532734
1972,45.789750566893424,0.0019546526
1973,45.81297052154195,0.0019335502
1974,45.836190476190474,0.002034081
1975,45.859410430839006,0.002034081
1976,45.88263038548753,0.00441287
1977,45.905850340136055,0.008878818
1978,45.92907029478458,0.03961831
1979,45.952290249433105,0.57038903
1980,45.97551020408163,0.9782234
1981,45.99873015873016,0.9782234
1982,46.021950113378686,0.92293143
1983,46.04517006802721,0.8910164
1984,46.068390022675736,0.83162165
1985,46.09160997732426,0.83162165
1986,46.11482993197279,0.78626716
1987,46.13804988662132,0.5255065
1988,46.16126984126984,0.5255065
1989,46.18448979591837,0.48836762
1990,46.20770975056689,0.53110003
1991,46.23092970521542,0.8485714
1992,46.25414965986395,0.9239166
1993,46.27736961451247,0.9239166
1994,46.300589569161,0.275062
1995,46.32380952380952,0.45851436
1996,46.34702947845805,0.75239253
1997,46.37024943310658,0.75239253
1998,46.393469387755104,0.7409878
1999,46.41668934240363,0.15600677
2000,46.439909297052154,0.12702233
2001,46.46312925170068,0.8859653
2002,46.4863492063492,0.8859653
2003,46.509569160997735,0.6073383
2004,46.53278911564626,0.13400996
2005,46.556009070294785,0.42957547
2006,46.57922902494331,0.53027
2007,46.602448979591834,0.59439206
2008,46.625668934240366,0.61317414
2009,46.64888888888889,0.6821667
2010,46.672108843537416,0.6821667
2011,46.69532879818594,0.6917053
2012,46.718548752834465,0.6917053
2013,46.74176870748299,0.5642985
2014,46.76498866213152,0.5642985
2015,46.78820861678005,0.2751786
2016,46.81142857142857,0.10612462
2017,46.834648526077096,0.31004113
2018,46.85786848072562,0.31004113
2019,46.88108843537415,0.6856305
2020,46.90430839002268,0.6856305
2021,46.9275283446712,0.71504116
2022,46.95074829931973,0.71504116
2023,46.97396825396825,0.44737723
2024,46.99718820861678,0.17124654
2025,47.02040816326531,0.071040735
2026,47.04362811791383,0.050337322
2027,47.06684807256236,0.023081005
2028,47.09006802721088,0.015225792
2029,47.11328798185941,0.34147564
2030,47.13650793650794,0.34147564
2031,47.159727891156464,0.2058449
2032,47.18294784580499,0.121755816
2033,47.206167800453514,0.17026359
2034,47.22938775510204,0.31065896
2035,47.25260770975056,0.3374887
2036,47.275827664399095,0.3374887
2037,47.29904761904762,0.4818981
2038,47.322267573696145,0.49480426
2039,47.34548752834467,0.62380475
2040,47.368707482993194,0.74803144
2041,47.391927437641726,0.93352395
2042,47.41514739229025,0.93352395
2043,47.438367346938776,0.7890272
2044,47.4615873015873,0.25236383
2045,47.484807256235825,0.25236383
2046,47.50802721088435,0.22009647
2047,47.53124716553288,0.2658752
2048,47.55446712018141,0.2658752
2049,47.57768707482993,0.31005573
2050,47.600907029478456,0.5262946
2051,47.62412698412698,0.5262946
2052,47.64734693877551,0.4046744
2053,47.67056689342404,0.23864241
2054,47.69378684807256,0.1724968
2055,47.71700680272109,0.12231761
2056,47.74022675736961,0.12231761
2057,47.763446712018144,0.5000355
2058,47.78666666666667,0.6366309
2059,47.809886621315194,0.84300315
2060,47.83310657596372,0.84300315
2061,47.85632653061224,0.9179121
2062,47.87954648526077,0.9825152
2063,47.9027664399093,0.9825152
2064,47.925986394557825,0.37646526
2065,47.94920634920635,0.13449845
2066,47.972426303854874,0.10471243
2067,47.9956462585034,0.054822437
2068,48.01886621315193,0.026438544
2069,48.042086167800456,0.017543018
2070,48.06530612244898,0.5831285
2071,48.088526077097505,0.5831285
2072,48.11174603174603,0.15973029
2073,48.134965986394555,0.15973029
2074,48.15818594104309,0.044821825
2075,48.18140589569161,0.034240954
2076,48.204625850340136,0.019506112
2077,48.22784580498866,0.007871773
2078,48.251065759637186,0.004946269
2079,48.27428571428572,0.003009349
2080,48.29750566893424,0.0023151303
2081,48.32072562358277,0.0025911778
2082,48.34394557823129,0.0025911778
2083,48.36716553287982,0.0024417748
2084,48.39038548752834,0.0028988211
2085,48.41360544217687,0.0028988211
2086,48.4368253968254,0.002764515
2087,48.46004535147392,0.002365868
2088,48.48326530612245,0.003124555
2089,48.50648526077097,0.003124555
2090,48.529705215419504,0.0023859935
2091,48.55292517006803,0.0023859935
2092,48.576145124716554,0.0019845853
2093,48.59936507936508,0.0024349382
2094,48.6225850340136,0.0024349382
2095,48.64580498866213,0.0026877532
2096,48.66902494331066,0.0026877532
2097,48.692244897959185,0.002143454
2098,48.71546485260771,0.00395547
2099,48.738684807256234,0.014397429
2100,48.76190476190476,0.83862627
2101,48.78512471655329,0.97525537
2102,48.808344671201816,0.97525537
2103,48.83156462585034,0.9423206
2104,48.854784580498865,0.9337906
2105,48.87800453514739,0.750731
2106,48.901224489795915,0.5598514
2107,48.92444444444445,0.4280507
2108,48.94766439909297,0.42134142
2109,48.970884353741496,0.32793453
2110,48.99410430839002,0.31710863
2111,49.017324263038546,0.27750403
2112,49.04054421768708,0.30694157
2113,49.0637641723356,0.30694157
2114,49.08698412698413,0.305374
2115,49.11020408163265,0.36112466
2116,49.13342403628118,0.42488664
2117,49.1566439909297,0.42488664
2118,49.179863945578234,0.3004816
2119,49.20308390022676,0.13546605
2120,49.22630385487528,0.09835483
2121,49.24952380952381,0.11451761
2122,49.27274376417233,0.11451761
2123,49.295963718820865,0.1307579
2124,49.31918367346939,0.1307579
2125,49.342403628117914,0.07413909
2126,49.36562358276644,0.25180072
2127,49.388843537414964,0.25180072
2128,49.412063492063496,0.17142205
2129,49.43528344671202,0.14320825
2130,49.458503401360545,0.14320825
2131,49.48172335600907,0.1524928
2132,49.504943310657595,0.1524928
2133,49.52816326530612,0.14407164
2134,49.55138321995465,0.44427338
2135,49.574603174603176,0.57841873
2136,49.5978231292517,0.61370254
2137,49.621043083900226,0.61370254
2138,49.64426303854875,0.6253168
2139,49.66748299319728,0.6253168
2140,49.69070294784581,0.5689222
2141,49.71392290249433,0.48360127
2142,49.73714285714286,0.33228818
2143,49.76036281179138,0.26012498
2144,49.783582766439906,0.26012498
2145,49.80680272108844,0.16404764
2146,49.83002267573696,0.16404764
2147,49.85324263038549,0.09357561
2148,49.87646258503401,0.05764518
2149,49.89968253968254,0.042730838
2150,49.92290249433107,0.0314487
2151,49.946122448979594,0.015851386
2152,49.96934240362812,0.010574499
2153,49.99256235827664,0.010574499
2154,50.01578231292517,0.007938045
2155,50.03900226757369,0.006466754
2156,50.062222222222225,0.0035021012
2157,50.08544217687075,0.0035021012
2158,50.108662131519274,0.0023968508
2159,50.1318820861678,0.0024747304
2160,50.155102040816324,0.0024747304
2161,50.178321995464856,0.0032220182
2162,50.20154195011338,0.0038012655
2163,50.224761904761905,0.0038012655
2164,50.24798185941043,0.0046287794
2165,50.271201814058955,0.0046287794
2166,50.29442176870748,0.0035894448
2167,50.31764172335601,0.0035894448
2168,50.340861678004536,0.0031294455
2169,50.36408163265306,0.003119653
2170,50.387301587301586,0.003119653
2171,50.41052154195011,0.0027300175
2172,50.43374149659864,0.0025786827
2173,50.45696145124717,0.002040822
2174,50.48018140589569,0.0022661213
2175,50.50340136054422,0.0022661213
2176,50.52662131519274,0.0020343126
2177,50.54984126984127,0.006450818
2178,50.5730612244898,0.04182327
2179,50.59628117913832,0.22452919
2180,50.61950113378685,0.50459
2181,50.64272108843537,0.50459
2182,50.6659410430839,0.37226757
2183,50.68916099773243,0.30582607
2184,50.712380952380954,0.21235417
2185,50.73560090702948,0.3647736
2186,50.758820861678004,0.5582541
2187,50.78204081632653,0.6202426
2188,50.80526077097505,0.6202426
2189,50.828480725623585,0.69076276
2190,50.85170068027211,0.69076276
2191,50.874920634920635,0.3999208
2192,50.89814058956916,0.34768128
2193,50.921360544217684,0.34690407
2194,50.944580498866216,0.34999928
2195,50.96780045351474,0.34999928
2196,50.991020408163266,0.32357785
2197,51.01424036281179,0.25826043
2198,51.037460317460315,0.29342344
2199,51.06068027210885,0.32961777
2200,51.08390022675737,0.3330098
2201,51.1071201814059,0.3330098
2202,51.13034013605442,0.17015703
2203,51.153560090702946,0.19899052
2204,51.17678004535147,0.19899052
2205,51.2,0.17476113
2206,51.22321995464853,0.1658186
2207,51.24643990929705,0.24332276
2208,51.26965986394558,0.7480042
2209,51.2928798185941,0.8386755
2210,51.316099773242634,0.980874
2211,51.33931972789116,0.980874
2212,51.36253968253968,0.844647
2213,51.38575963718821,0.16855572
2214,51.40897959183673,0.45237583
2215,51.43219954648526,0.7087888
2216,51.45541950113379,0.7087888
2217,51.478639455782314,0.58320177
2218,51.50185941043084,0.49841297
2219,51.525079365079364,0.19392093
2220,51.54829931972789,0.29653338
2221,51.57151927437642,0.44128636
2222,51.594739229024945,0.44128636
2223,51.61795918367347,0.32947597
2224,51.641179138321995,0.30500758
2225,51.66439909297052,0.18802808
2226,51.687619047619044,0.1801887
2227,51.710839002267576,0.4204265
2228,51.7340589569161,0.49032593
2229,51.757278911564626,0.49032593
2230,51.78049886621315,0.40654978
2231,51.803718820861675,0.3819285
2232,51.82693877551021,0.25944188
2233,51.85015873015873,0.22129174
2234,51.87337868480726,0.1726995
2235,51.89659863945578,0.1726995
2236,51.919818594104306,0.16889429
2237,51.94303854875283,0.15321247
2238,51.96625850340136,0.11899992
2239,51.98947845804989,0.10917204
2240,52.01269841269841,0.08225059
2241,52.03591836734694,0.06257879
2242,52.05913832199546,0.23764609
2243,52.082358276643994,0.23764609
2244,52.10557823129252,0.13346897
2245,52.128798185941044,0.13346897
2246,52.15201814058957,0.12027582
2247,52.17523809523809,0.12027582
2248,52.19845804988662,0.115892544
2249,52.22167800453515,0.12515073
2250,52.244897959183675,0.12515073
2251,52.2681179138322,0.11055004
2252,52.291337868480724,0.06786286
2253,52.31455782312925,0.0338108
2254,52.33777777777778,0.10749544
2255,52.360997732426306,0.10749544
2256,52.38421768707483,0.7105499
2257,52.407437641723355,0.9180283
2258,52.43065759637188,0.9180283
2259,52.453877551020405,0.6287454
2260,52.47709750566894,0.46356186
2261,52.50031746031746,0.3291996
2262,52.523537414965986,0.1783864
2263,52.54675736961451,0.048446
2264,52.569977324263036,0.026319837
2265,52.59319727891157,0.036956433
2266,52.61641723356009,0.044459388
2267,52.63963718820862,0.0817478
2268,52.66285714285714,0.14254276
2269,52.68607709750567,0.1677541
2270,52.70929705215419,0.1677541
2271,52.73251700680272,0.15410367
2272,52.75573696145125,0.076606646
2273,52.77895691609977,0.06380016
2274,52.8021768707483,0.027975842
2275,52.82539682539682,0.0072176578
2276,52.848616780045354,0.004659873
2277,52.87183673469388,0.003162905
2278,52.895056689342404,0.0026666978
2279,52.91827664399093,0.0026666978
2280,52.94149659863945,0.0024077103
2281,52.964716553287985,0.0025107998
2282,52.98793650793651,0.0025107998
2283,53.011156462585035,0.0023810414
2284,53.03437641723356,0.0023810414
2285,53.057596371882084,0.002246179
2286,53.08081632653061,0.0023240598
2287,53.10403628117914,0.0023240598
2288,53.127256235827666,0.0019973612
2289,53.15047619047619,0.0019558729
2290,53.173696145124715,0.002123825
2291,53.19691609977324,0.005066231
2292,53.22013605442177,0.006438286
2293,53.2433560090703,0.009289052
2294,53.26657596371882,0.013031653
2295,53.289795918367346,0.034974825
2296,53.31301587301587,0.05635862
2297,53.336235827664396,0.05635862
2298,53.35945578231293,0.61519
2299,53.38267573696145,0.74731266
2300,53.40589569160998,0.74731266
2301,53.4291156462585,0.62655044
2302,53.45233560090703,0.5607677
2303,53.47555555555556,0.45564628
2304,53.498775510204084,0.26527244
2305,53.52199546485261,0.24618357
2306,53.54521541950113,0.24618357
2307,53.56843537414966,0.16170397
2308,53.59165532879818,0.1519667
2309,53.614875283446715,0.1519667
2310,53.63809523809524,0.11645732
2311,53.661315192743764,0.10865722
2312,53.68453514739229,0.16126819
2313,53.707755102040814,0.19935377
2314,53.730975056689346,0.29978162
2315,53.75419501133787,0.29978162
2316,53.777414965986395,0.22178438
2317,53.80063492063492,0.14845692
2318,53.823854875283445,0.0985604
2319,53.84707482993197,0.070916094
2320,53.8702947845805,0.045003347
2321,53.893514739229026,0.033640552
2322,53.91673469387755,0.014535881
2323,53.939954648526076,0.0069162743
2324,53.9631746031746,0.004000573
2325,53.98639455782313,0.002707465
2326,54.00961451247166,0.0022974433
2327,54.03283446712018,0.002512976
2328,54.05605442176871,0.002512976
2329,54.07927437641723,0.002348472
2330,54.102494331065756,0.002277244
2331,54.12571428571429,0.0024328704
2332,54.14893424036281,0.0024328704
2333,54.17215419501134,0.0017990773
2334,54.19537414965986,0.0017990773
2335,54.21859410430839,0.0024005566
2336,54.24181405895692,0.0024005566
2337,54.265034013605444,0.0019497334
2338,54.28825396825397,0.0019325668
2339,54.31147392290249,0.0020118777
2340,54.33469387755102,0.0020118777
2341,54.35791383219954,0.0024777942
2342,54.381133786848075,0.0024777942
2343,54.4043537414966,0.0024805355
2344,54.427573696145124,0.0024805355
2345,54.45079365079365,0.00226225
2346,54.474013605442174,0.0023905388
2347,54.497233560090706,0.0031929526
2348,54.52045351473923,0.0031929526
2349,54.543673469387755,0.0024127073
2350,54.56689342403628,0.0020196582
2351,54.590113378684805,0.0028515449
2352,54.61333333333334,0.0028515449
2353,54.63655328798186,0.0025911399
2354,54.659773242630386,0.0026257301
2355,54.68299319727891,0.0026257301
2356,54.706213151927436,0.002098602
2357,54.72943310657596,0.002098602
2358,54.75265306122449,0.0017879814
2359,54.77587301587302,0.0019881513
2360,54.79909297052154,0.0020421844
2361,54.82231292517007,0.0020421844
2362,54.84553287981859,0.0018307044
2363,54.868752834467124,0.0023788821
2364,54.89197278911565,0.0023788821
2365,54.91519274376417,0.0018536622
2366,54.9384126984127,1.0369504e-12
2367,54.96163265306122,0.0
2368,54.98485260770975,0.0
2369,55.00807256235828,0.0
2370,55.031292517006804,0.0
2371,55.05451247165533,0.0
2372,55.077732426303854,0.0
2373,55.10095238095238,0.0
2374,55.12417233560091,0.0
2375,55.147392290249435,0.0
2376,55.17061224489796,0.0
2377,55.193832199546485,0.0
2378,55.21705215419501,0.0
2379,55.240272108843534,0.0
2380,55.263492063492066,0.0
2381,55.28671201814059,0.0
2382,55.309931972789116,0.0
2383,55.33315192743764,0.0
2384,55.356371882086165,0.0
2385,55.3795918367347,0.0
2386,55.40281179138322,0.0
2387,55.42603174603175,0.0
2388,55.44925170068027,0.0
2389,55.472471655328796,0.0
2390,55.49569160997732,0.0
2391,55.51891156462585,0.0
2392,55.54213151927438,0.0
2393,55.5653514739229,0.0
2394,55.58857142857143,0.0
2395,55.61179138321995,0.0
2396,55.635011337868484,0.0
2397,55.65823129251701,0.0
2398,55.68145124716553,0.0
2399,55.70467120181406,0.0
2400,55.72789115646258,0.0
2401,55.75111111111111,0.0
2402,55.77433106575964,0.0
2403,55.797551020408164,0.0
2404,55.82077097505669,0.0
2405,55.843990929705214,0.0
2406,55.86721088435374,0.0
2407,55.89043083900227,0.0
2408,55.913650793650795,0.0
2409,55.93687074829932,0.0
2410,55.960090702947845,0.0
2411,55.98331065759637,0.0
2412,56.006530612244894,0.0
2413,56.029750566893426,0.0
2414,56.05297052154195,0.0
2415,56.076190476190476,0.0
2416,56.099410430839,0.0
2417,56.122630385487525,0.0
2418,56.14585034013606,0.0
2419,56.16907029478458,0.0
2420,56.19229024943311,0.0
2421,56.21551020408163,0.0
2422,56.23873015873016,0.0
2423,56.26195011337869,0.0
2424,56.28517006802721,0.0
2425,56.30839002267574,0.0
2426,56.33160997732426,0.0
2427,56.35482993197279,0.0
2428,56.37804988662131,0.0
2429,56.401269841269844,0.0
2430,56.42448979591837,0.0
2431,56.447709750566894,0.0
2432,56.47092970521542,0.0
2433,56.49414965986394,0.0
2434,56.517369614512475,0.0
2435,56.540589569161,0.0
2436,56.563809523809525,0.0
2437,56.58702947845805,0.0
2438,56.610249433106574,0.0
2439,56.6334693877551,0.0
2440,56.65668934240363,0.0
2441,56.679909297052156,0.0
2442,56.70312925170068,0.0
2443,56.726349206349205,0.0
2444,56.74956916099773,0.0
2445,56.77278911564626,0.0
2446,56.79600907029479,0.0
2447,56.81922902494331,0.0
2448,56.842448979591836,0.0
2449,56.86566893424036,0.0
2450,56.888888888888886,0.0
2451,56.91210884353742,0.0
2452,56.93532879818594,0.0
2453,56.95854875283447,0.0
2454,56.98176870748299,0.0
2455,57.00498866213152,0.0
2456,57.02820861678005,0.0
2457,57.05142857142857,0.0
2458,57.0746485260771,0.0
2459,57.09786848072562,0.0
2460,57.12108843537415,0.0
2461,57.14430839002267,0.0
2462,57.167528344671204,0.0
2463,57.19074829931973,0.0
2464,57.213968253968254,0.0
2465,57.23718820861678,0.0
2466,57.2604081632653,0.0
2467,57.283628117913835,0.0
2468,57.30684807256236,0.0
2469,57.330068027210885,0.0
2470,57.35328798185941,0.0
2471,57.376507936507934,0.0
2472,57.39972789115646,0.0
2473,57.42294784580499,0.0
2474,57.446167800453516,0.0
2475,57.46938775510204,0.0
2476,57.492607709750565,0.0
2477,57.51582766439909,0.0
2478,57.53904761904762,0.0
2479,57.56226757369615,0.0
2480,57.58548752834467,0.0
2481,57.608707482993196,0.0
2482,57.63192743764172,0.0
2483,57.655147392290246,0.0
2484,57.67836734693878,0.0
2485,57.7015873015873,0.0
2486,57.72480725623583,0.0
2487,57.74802721088435,0.0
2488,57.77124716553288,0.0
2489,57.79446712018141,0.0
2490,57.817687074829934,0.0
2491,57.84090702947846,0.0
2492,57.86412698412698,0.0
2493,57.88734693877551,0.0
2494,57.91056689342403,0.0
2495,57.933786848072565,0.0
2496,57.95700680272109,0.0
2497,57.980226757369614,0.0
2498,58.00344671201814,0.0
2499,58.026666666666664,0.0
2500,58.049886621315196,0.0
2501,58.07310657596372,0.0
2502,58.096326530612245,0.0
2503,58.11954648526077,0.0
2504,58.142766439909295,0.0
2505,58.16598639455783,0.0
2506,58.18920634920635,0.0
2507,58.212426303854876,0.0
2508,58.2356462585034,0.0
2509,58.258866213151926,0.0
2510,58.28208616780045,0.0
2511,58.30530612244898,0.0
2512,58.32852607709751,0.0
2513,58.35174603174603,0.0
2514,58.37496598639456,0.0
2515,58.39818594104308,0.0
2516,58.42140589569161,0.0
2517,58.44462585034014,0.0
2518,58.46784580498866,0.0
2519,58.49106575963719,0.0
2520,58.51428571428571,0.0
2521,58.53750566893424,0.0
2522,58.56072562358277,0.0
2523,58.583945578231294,0.0
2524,58.60716553287982,0.0
2525,58.63038548752834,0.0
2526,58.65360544217687,0.0
2527,58.6768253968254,0.0
2528,58.700045351473925,0.0
2529,58.72326530612245,0.0
2530,58.746485260770974,0.0
2531,58.7697052154195,0.0
2532,58.792925170068024,0.0
2533,58.816145124716556,0.0
2534,58.83936507936508,0.0
2535,58.862585034013605,0.0
2536,58.88580498866213,0.0
2537,58.909024943310655,0.0
2538,58.93224489795919,0.0
2539,58.95546485260771,0.0
2540,58.978684807256236,0.0
2541,59.00190476190476,0.0
2542,59.025124716553286,0.0
2543,59.04834467120181,0.0
2544,59.07156462585034,0.0
2545,59.09478458049887,0.0
2546,59.11800453514739,0.0
2547,59.14122448979592,0.0
2548,59.16444444444444,0.0
2549,59.187664399092974,0.0
2550,59.2108843537415,0.0
2551,59.23410430839002,0.0
2552,59.25732426303855,0.0
2553,59.28054421768707,0.0
2554,59.3037641723356,0.0
2555,59.32698412698413,0.0
2556,59.350204081632654,0.0
2557,59.37342403628118,0.0
2558,59.396643990929704,0.0
2559,59.41986394557823,0.0
2560,59.44308390022676,0.0
2561,59.466303854875285,0.0
2562,59.48952380952381,0.0
2563,59.512743764172335,0.0
2564,59.53596371882086,0.0
2565,59.559183673469384,0.0
2566,59.582403628117916,0.0
2567,59.60562358276644,0.0
2568,59.628843537414966,0.0
2569,59.65206349206349,0.0
2570,59.675283446712015,0.0
2571,59.69850340136055,0.0
2572,59.72172335600907,0.0
2573,59.7449433106576,0.0
2574,59.76816326530612,0.0
2575,59.791383219954646,0.0
2576,59.81460317460318,0.0
2577,59.8378231292517,0.0
2578,59.86104308390023,0.0
2579,59.88426303854875,0.0
2580,59.90748299319728,0.0
2581,59.9307029478458,0.0
2582,59.953922902494334,0.0
2583,59.97714285714286,0.0
2584,60.00036281179138,0.0
2585,60.02358276643991,0.0
2586,60.04680272108843,0.0
2587,60.070022675736965,0.0
2588,60.09324263038549,0.0
2589,60.116462585034014,0.0
2590,60.13968253968254,0.0
2591,60.162902494331064,0.0
2592,60.18612244897959,0.0
2593,60.20934240362812,0.0
2594,60.232562358276645,0.0
2595,60.25578231292517,0.0
2596,60.279002267573695,0.0
2597,60.30222222222222,0.0
2598,60.32544217687075,0.0
2599,60.348662131519276,0.0
2600,60.3718820861678,0.0
2601,60.395102040816326,0.0
2602,60.41832199546485,0.0
2603,60.441541950113375,0.0
2604,60.46476190476191,0.0
2605,60.48798185941043,0.0
2606,60.51120181405896,0.0
2607,60.53442176870748,0.0
2608,60.55764172335601,0.0
2609,60.58086167800454,0.0
2610,60.60408163265306,0.0
2611,60.62730158730159,0.0
2612,60.65052154195011,0.0
2613,60.67374149659864,0.0
2614,60.69696145124716,0.0
2615,60.720181405895694,0.0
2616,60.74340136054422,0.0
2617,60.766621315192744,0.0
2618,60.78984126984127,0.0
2619,60.81306122448979,0.0
2620,60.836281179138325,0.0
2621,60.85950113378685,0.0
2622,60.882721088435375,0.0
2623,60.9059410430839,0.0
2624,60.929160997732424,0.0
2625,60.95238095238095,0.0
2626,60.97560090702948,0.0
2627,60.998820861678006,0.0
2628,61.02204081632653,0.0
2629,61.045260770975055,0.0
2630,61.06848072562358,0.0
2631,61.09170068027211,0.0
2632,61.11492063492064,0.0
2633,61.13814058956916,0.0
2634,61.161360544217686,0.0
2635,61.18458049886621,0.0
2636,61.207800453514736,0.0
2637,61.23102040816327,0.0
2638,61.25424036281179,0.0
2639,61.27746031746032,0.0
2640,61.30068027210884,0.0
2641,61.32390022675737,0.0
2642,61.3471201814059,0.0
2643,61.37034013605442,0.0
2644,61.39356009070295,0.0
2645,61.41678004535147,0.0
2646,61.44,0.0
2647,61.46321995464853,0.0
2648,61.486439909297054,0.0
2649,61.50965986394558,0.0
2650,61.532879818594104,0.0
2651,61.55609977324263,0.0
2652,61.57931972789115,0.0
2653,61.602539682539685,0.0
2654,61.62575963718821,0.0
2655,61.648979591836735,0.0
2656,61.67219954648526,0.0
2657,61.695419501133784,0.0
2658,61.718639455782316,0.0
2659,61.74185941043084,0.0
2660,61.765079365079366,0.0
2661,61.78829931972789,0.0
2662,61.811519274376415,0.0
2663,61.83473922902494,0.0
2664,61.85795918367347,0.0
2665,61.881179138322,0.0
2666,61.90439909297052,0.0
2667,61.92761904761905,0.0
2668,61.95083900226757,0.0
2669,61.9740589569161,0.0
2670,61.99727891156463,0.0
2671,62.02049886621315,0.0
2672,62.04371882086168,0.0
2673,62.0669387755102,0.0
2674,62.09015873015873,0.0
2675,62.11337868480726,0.0
2676,62.136598639455784,0.0
2677,62.15981859410431,0.0
2678,62.18303854875283,0.0
2679,62.20625850340136,0.0
2680,62.22947845804989,0.0
2681,62.252698412698415,0.0
2682,62.27591836734694,0.0
2683,62.299138321995464,0.0
2684,62.32235827664399,0.0
2685,62.345578231292514,0.0
2686,62.368798185941046,0.0
2687,62.39201814058957,0.0
2688,62.415238095238095,0.0
2689,62.43845804988662,0.0
2690,62.461678004535145,0.0
2691,62.48489795918368,0.0
2692,62.5081179138322,0.0
2693,62.531337868480726,0.0
2694,62.55455782312925,0.0
2695,62.577777777777776,0.0
2696,62.6009977324263,0.0
2697,62.62421768707483,0.0
2698,62.64743764172336,0.0
2699,62.67065759637188,0.0
2700,62.69387755102041,0.0
2701,62.71709750566893,0.0
