,Word,Start,End,length,time_spent,std_time_spent,post_space
0,does,1.08,1.24,4,0.15999999999999992,0.03999999999999998,0.020000000000000018
1,anyone,1.26,1.58,6,0.32000000000000006,0.053333333333333344,0.07999999999999985
2,not,1.66,1.82,3,0.16000000000000014,0.05333333333333338,0.040000000000000036
3,know,1.86,1.98,4,0.11999999999999988,0.02999999999999997,0.040000000000000036
4,what,2.02,2.16,4,0.14000000000000012,0.03500000000000003,0.040000000000000036
5,this,2.2,2.38,4,0.17999999999999972,0.04499999999999993,0.020000000000000018
6,is,2.4,2.64,2,0.2400000000000002,0.1200000000000001,1.2199999999999998
7,yeah,3.86,4.02,4,0.1599999999999997,0.039999999999999925,0.040000000000000036
8,it's,4.06,4.16,4,0.10000000000000053,0.025000000000000133,0.019999999999999574
9,a,4.18,4.22,1,0.040000000000000036,0.040000000000000036,0.040000000000000036
10,reference,4.26,4.62,9,0.3600000000000003,0.040000000000000036,0.05999999999999961
11,cute,4.68,4.9,4,0.22000000000000064,0.05500000000000016,0.41999999999999993
12,i've,5.32,5.5,4,0.17999999999999972,0.04499999999999993,0.040000000000000036
13,met,5.54,5.68,3,0.13999999999999968,0.04666666666666656,0.040000000000000036
14,some,5.72,5.84,4,0.1200000000000001,0.030000000000000027,0.020000000000000462
15,of,5.86,5.92,2,0.05999999999999961,0.029999999999999805,0.0600000000000005
16,you,5.98,6.04,3,0.05999999999999961,0.01999999999999987,0.040000000000000036
17,probably,6.08,6.32,8,0.2400000000000002,0.030000000000000027,0.040000000000000036
18,have,6.36,6.48,4,0.1200000000000001,0.030000000000000027,0.03999999999999915
19,one,6.52,6.64,3,0.1200000000000001,0.040000000000000036,0.10000000000000053
20,homes,6.74,7.02,5,0.27999999999999936,0.05599999999999987,0.020000000000000462
21,and,7.04,7.08,3,0.040000000000000036,0.013333333333333345,0.08000000000000007
22,on,7.16,7.24,2,0.08000000000000007,0.040000000000000036,0.040000000000000036
23,a,7.28,7.32,1,0.040000000000000036,0.040000000000000036,0.05999999999999961
24,bookshop,7.38,7.86,8,0.4800000000000004,0.06000000000000005,0.3600000000000003
25,it,8.22,8.26,2,0.03999999999999915,0.019999999999999574,0.040000000000000924
26,doesn't,8.3,8.54,7,0.23999999999999844,0.034285714285714065,0.0600000000000005
27,look,8.6,8.76,4,0.16000000000000014,0.040000000000000036,0.019999999999999574
28,like,8.78,8.96,4,0.1800000000000015,0.04500000000000037,0.03999999999999915
29,this,9.0,9.22,4,0.22000000000000064,0.05500000000000016,0.4599999999999991
30,i,9.68,9.78,1,0.09999999999999964,0.09999999999999964,0.120000000000001
31,looks,9.9,10.1,5,0.1999999999999993,0.039999999999999855,0.0600000000000005
32,up,10.16,10.26,2,0.09999999999999964,0.04999999999999982,0.0600000000000005
33,more,10.32,10.48,4,0.16000000000000014,0.040000000000000036,0.08000000000000007
34,like,10.56,10.82,4,0.2599999999999998,0.06499999999999995,0.4399999999999995
35,like,11.26,11.44,4,0.17999999999999972,0.04499999999999993,0.02000000000000135
36,this,11.46,11.7,4,0.23999999999999844,0.05999999999999961,0.3000000000000007
37,i,12.0,12.08,1,0.08000000000000007,0.08000000000000007,0.09999999999999964
38,have,12.18,12.34,4,0.16000000000000014,0.040000000000000036,0.08000000000000007
39,for,12.42,12.5,3,0.08000000000000007,0.02666666666666669,0.08000000000000007
40,years,12.58,12.86,5,0.27999999999999936,0.05599999999999987,0.7400000000000002
41,well,13.6,13.76,4,0.16000000000000014,0.040000000000000036,0.08000000000000007
42,i,13.84,13.9,1,0.0600000000000005,0.0600000000000005,0.08000000000000007
43,have,13.98,14.1,4,0.11999999999999922,0.029999999999999805,0.0600000000000005
44,been,14.16,14.28,4,0.11999999999999922,0.029999999999999805,0.040000000000000924
45,some,14.32,14.52,4,0.1999999999999993,0.04999999999999982,0.0
46,of,14.52,14.54,2,0.019999999999999574,0.009999999999999787,0.040000000000000924
47,the,14.58,14.64,3,0.0600000000000005,0.020000000000000167,0.17999999999999972
48,rescue,14.82,15.16,6,0.33999999999999986,0.05666666666666664,0.03999999999999915
49,for,15.2,15.3,3,0.10000000000000142,0.033333333333333805,0.08000000000000007
50,over,15.38,15.62,4,0.23999999999999844,0.05999999999999961,0.08000000000000007
51,four,15.7,15.9,4,0.20000000000000107,0.050000000000000266,0.08000000000000007
52,years,15.98,16.32,5,0.33999999999999986,0.06799999999999998,0.14000000000000057
53,and,16.46,16.64,3,0.17999999999999972,0.05999999999999991,0.03999999999999915
54,in,16.68,16.76,2,0.08000000000000185,0.040000000000000924,0.03999999999999915
55,that,16.8,16.94,4,0.14000000000000057,0.03500000000000014,0.03999999999999915
56,time,16.98,17.24,4,0.259999999999998,0.0649999999999995,0.0400000000000027
57,it,17.28,17.34,2,0.05999999999999872,0.02999999999999936,0.019999999999999574
58,solved,17.36,17.64,6,0.28000000000000114,0.046666666666666856,0.019999999999999574
59,it,17.66,17.74,2,0.0799999999999983,0.03999999999999915,0.060000000000002274
60,more,17.8,17.96,4,0.16000000000000014,0.040000000000000036,0.019999999999999574
61,than,17.98,18.06,4,0.0799999999999983,0.019999999999999574,0.060000000000002274
62,fifteen,18.12,18.46,7,0.33999999999999986,0.04857142857142855,0.05999999999999872
63,thousand,18.52,18.84,8,0.3200000000000003,0.040000000000000036,0.03999999999999915
64,times,18.88,19.24,5,0.35999999999999943,0.07199999999999988,1.8800000000000026
65,after,21.12,21.4,5,0.2799999999999976,0.055999999999999515,0.0400000000000027
66,my,21.44,21.52,2,0.0799999999999983,0.03999999999999915,0.03999999999999915
67,demonstration,21.56,22.2,13,0.6400000000000006,0.04923076923076927,0.10000000000000142
68,today,22.3,22.6,5,0.3000000000000007,0.060000000000000143,0.4599999999999973
69,are,23.06,23.18,3,0.120000000000001,0.040000000000000334,0.03999999999999915
70,you,23.22,23.26,3,0.0400000000000027,0.013333333333334233,0.03999999999999915
71,going,23.3,23.42,5,0.120000000000001,0.024000000000000198,0.0
72,to,23.42,23.46,2,0.03999999999999915,0.019999999999999574,0.03999999999999915
73,be,23.5,23.56,2,0.05999999999999872,0.02999999999999936,0.060000000000002274
74,able,23.62,23.76,4,0.14000000000000057,0.03500000000000014,0.0
75,to,23.76,23.78,2,0.019999999999999574,0.009999999999999787,0.05999999999999872
76,saw,23.84,24.04,3,0.1999999999999993,0.06666666666666643,0.03999999999999915
77,the,24.08,24.14,3,0.060000000000002274,0.020000000000000757,0.03999999999999915
78,river,24.18,24.42,5,0.240000000000002,0.048000000000000397,0.019999999999999574
79,skip,24.44,24.76,4,0.3200000000000003,0.08000000000000007,0.8199999999999967
80,no,25.58,25.72,2,0.14000000000000057,0.07000000000000028,0.14000000000000057
81,probably,25.86,26.06,8,0.1999999999999993,0.02499999999999991,0.060000000000002274
82,not,26.12,26.28,3,0.16000000000000014,0.05333333333333338,1.2999999999999972
83,for,27.58,27.66,3,0.08000000000000185,0.026666666666667282,0.05999999999999872
84,that,27.72,27.9,4,0.17999999999999972,0.04499999999999993,0.0400000000000027
85,is,27.94,28.04,2,0.09999999999999787,0.049999999999998934,0.03999999999999915
86,that,28.08,28.22,4,0.14000000000000057,0.03500000000000014,0.019999999999999574
87,it,28.24,28.32,2,0.08000000000000185,0.040000000000000924,0.03999999999999915
88,requires,28.36,28.8,8,0.4400000000000013,0.05500000000000016,0.03999999999999915
89,albert,28.84,29.16,6,0.3200000000000003,0.05333333333333338,0.8399999999999999
90,and,30.0,30.32,3,0.3200000000000003,0.10666666666666676,0.1999999999999993
91,unless,30.52,30.74,6,0.21999999999999886,0.03666666666666648,0.020000000000003126
92,you're,30.76,30.86,6,0.09999999999999787,0.016666666666666313,0.08000000000000185
93,math,30.94,31.18,4,0.23999999999999844,0.05999999999999961,0.05999999999999872
94,major,31.24,31.62,5,0.38000000000000256,0.07600000000000051,0.620000000000001
95,the,32.24,32.3,3,0.05999999999999517,0.01999999999999839,0.060000000000002274
96,one,32.36,32.46,3,0.10000000000000142,0.033333333333333805,0.060000000000002274
97,like,32.52,32.66,4,0.13999999999999346,0.034999999999998366,0.04000000000000625
98,somewhere,32.7,32.98,9,0.27999999999999403,0.031111111111110448,0.04000000000000625
99,to,33.02,33.06,2,0.03999999999999915,0.019999999999999574,0.05999999999999517
100,albert,33.12,33.5,6,0.38000000000000256,0.06333333333333376,0.5399999999999991
101,but,34.04,34.18,3,0.14000000000000057,0.046666666666666856,0.060000000000002274
102,in,34.24,34.4,2,0.1599999999999966,0.0799999999999983,0.21999999999999886
103,regard,34.62,34.9,6,0.28000000000000114,0.046666666666666856,0.020000000000003126
104,to,34.92,34.98,2,0.05999999999999517,0.029999999999997584,0.04000000000000625
105,the,35.02,35.06,3,0.03999999999999915,0.01333333333333305,0.05999999999999517
106,roof,35.12,35.4,4,0.28000000000000114,0.07000000000000028,0.020000000000003126
107,skew,35.42,35.74,4,0.3200000000000003,0.08000000000000007,0.29999999999999716
108,it's,36.04,36.24,4,0.20000000000000284,0.05000000000000071,0.1599999999999966
109,simply,36.4,36.74,6,0.3400000000000034,0.05666666666666723,0.17999999999999972
110,just,36.92,37.16,4,0.23999999999999488,0.05999999999999872,0.10000000000000142
111,a,37.26,37.34,1,0.0800000000000054,0.0800000000000054,0.05999999999999517
112,series,37.4,37.78,6,0.38000000000000256,0.06333333333333376,0.01999999999999602
113,of,37.8,37.88,2,0.0800000000000054,0.0400000000000027,0.05999999999999517
114,moves,37.94,38.22,5,0.28000000000000114,0.05600000000000023,0.020000000000003126
115,in,38.24,38.32,2,0.0799999999999983,0.03999999999999915,0.03999999999999915
116,terms,38.36,38.64,5,0.28000000000000114,0.05600000000000023,0.03999999999999915
117,that,38.68,38.78,4,0.10000000000000142,0.025000000000000355,0.01999999999999602
118,you,38.8,38.86,3,0.060000000000002274,0.020000000000000757,0.060000000000002274
119,do,38.92,39.02,2,0.10000000000000142,0.05000000000000071,0.11999999999999744
120,on,39.14,39.28,2,0.14000000000000057,0.07000000000000028,0.060000000000002274
121,it,39.34,39.44,2,0.09999999999999432,0.04999999999999716,0.30000000000000426
122,that,39.74,39.84,4,0.10000000000000142,0.025000000000000355,0.03999999999999915
123,does,39.88,40.02,4,0.14000000000000057,0.03500000000000014,0.03999999999999915
124,not,40.06,40.22,3,0.1599999999999966,0.0533333333333322,0.10000000000000142
125,mess,40.32,40.52,4,0.20000000000000284,0.05000000000000071,0.01999999999999602
126,up,40.54,40.66,2,0.11999999999999744,0.05999999999999872,0.0800000000000054
127,previously,40.74,41.18,10,0.4399999999999977,0.043999999999999775,0.0799999999999983
128,solvies,41.26,41.78,7,0.5200000000000031,0.07428571428571473,0.759999999999998
129,behind,42.54,42.86,6,0.3200000000000003,0.05333333333333338,0.10000000000000142
130,me,42.96,43.06,2,0.10000000000000142,0.05000000000000071,0.4199999999999946
131,is,43.48,43.7,2,0.22000000000000597,0.11000000000000298,0.03999999999999915
132,a,43.74,43.8,1,0.05999999999999517,0.05999999999999517,0.0800000000000054
133,site,43.88,44.18,4,0.29999999999999716,0.07499999999999929,0.46000000000000085
134,that,44.64,44.84,4,0.20000000000000284,0.05000000000000071,0.21999999999999886
135,includes,45.06,45.48,8,0.4199999999999946,0.052499999999999325,0.0800000000000054
136,all,45.56,45.68,3,0.11999999999999744,0.03999999999999915,0.03999999999999915
137,the,45.72,45.76,3,0.03999999999999915,0.01333333333333305,0.03999999999999915
138,different,45.8,46.06,9,0.2600000000000051,0.028888888888889457,0.03999999999999915
139,algorithms,46.1,46.78,10,0.6799999999999997,0.06799999999999998,0.14000000000000057
140,it,46.92,47.02,2,0.10000000000000142,0.05000000000000071,0.03999999999999915
141,would,47.06,47.14,5,0.0799999999999983,0.01599999999999966,0.03999999999999915
142,take,47.18,47.34,4,0.1600000000000037,0.040000000000000924,0.05999999999999517
143,way,47.4,47.6,3,0.20000000000000284,0.06666666666666761,0.03999999999999915
144,too,47.64,47.72,3,0.0799999999999983,0.0266666666666661,0.060000000000002274
145,long,47.78,47.98,4,0.19999999999999574,0.049999999999998934,0.04000000000000625
146,for,48.02,48.1,3,0.0799999999999983,0.0266666666666661,0.03999999999999915
147,me,48.14,48.22,2,0.0799999999999983,0.03999999999999915,0.020000000000003126
148,to,48.24,48.32,2,0.0799999999999983,0.03999999999999915,0.060000000000002274
149,show,48.38,48.52,4,0.14000000000000057,0.03500000000000014,0.01999999999999602
150,you,48.54,48.62,3,0.0799999999999983,0.0266666666666661,0.10000000000000142
151,all,48.72,48.86,3,0.14000000000000057,0.046666666666666856,0.03999999999999915
152,the,48.9,48.96,3,0.060000000000002274,0.020000000000000757,0.03999999999999915
153,different,49.0,49.26,9,0.259999999999998,0.02888888888888867,0.0800000000000054
154,opera,49.34,49.64,5,0.29999999999999716,0.05999999999999943,0.03999999999999915
155,those,49.68,49.96,5,0.28000000000000114,0.05600000000000023,0.17999999999999972
156,to,50.14,50.2,2,0.060000000000002274,0.030000000000001137,0.0799999999999983
157,all,50.28,50.4,3,0.11999999999999744,0.03999999999999915,0.03999999999999915
158,the,50.44,50.46,3,0.020000000000003126,0.006666666666667709,0.03999999999999915
159,different,50.5,50.72,9,0.21999999999999886,0.024444444444444317,0.060000000000002274
160,patterns,50.78,51.28,8,0.5,0.0625,0.4399999999999977
161,so,51.72,51.82,2,0.10000000000000142,0.05000000000000071,0.0799999999999983
162,instead,51.9,52.28,7,0.38000000000000256,0.05428571428571465,0.03999999999999915
163,i,52.32,52.34,1,0.020000000000003126,0.020000000000003126,0.03999999999999915
164,want,52.38,52.48,4,0.09999999999999432,0.02499999999999858,0.0
165,to,52.48,52.52,2,0.04000000000000625,0.020000000000003126,0.03999999999999915
166,show,52.56,52.7,4,0.14000000000000057,0.03500000000000014,0.01999999999999602
167,you,52.72,52.78,3,0.060000000000002274,0.020000000000000757,0.03999999999999915
168,the,52.82,52.88,3,0.060000000000002274,0.020000000000000757,0.0799999999999983
169,process,52.96,53.54,7,0.5799999999999983,0.08285714285714262,0.10000000000000142
170,of,53.64,53.78,2,0.14000000000000057,0.07000000000000028,0.03999999999999915
171,something,53.82,54.1,9,0.28000000000000114,0.03111111111111124,0.0
172,that,54.1,54.16,4,0.05999999999999517,0.014999999999998792,0.18000000000000682
173,was,54.34,54.46,3,0.11999999999999744,0.03999999999999915,0.060000000000002274
174,cute,54.52,54.74,4,0.21999999999999886,0.054999999999999716,0.4799999999999969
175,so,55.22,55.3,2,0.0799999999999983,0.03999999999999915,0.04000000000000625
176,that,55.34,55.46,4,0.11999999999999744,0.02999999999999936,0.03999999999999915
177,you,55.5,55.54,3,0.03999999999999915,0.01333333333333305,0.03999999999999915
178,know,55.58,55.7,4,0.12000000000000455,0.030000000000001137,0.05999999999999517
179,we're,55.76,55.88,5,0.12000000000000455,0.02400000000000091,0.03999999999999915
180,to,55.92,55.98,2,0.05999999999999517,0.029999999999997584,0.060000000000002274
181,start,56.04,56.4,5,0.35999999999999943,0.07199999999999988,0.3200000000000003
182,and,56.72,56.8,3,0.0799999999999983,0.0266666666666661,0.04000000000000625
183,we're,56.84,56.98,5,0.13999999999999346,0.027999999999998693,0.04000000000000625
184,to,57.02,57.1,2,0.0799999999999983,0.03999999999999915,0.05999999999999517
185,end,57.16,57.5,3,0.3400000000000034,0.11333333333333447,0.5799999999999983
186,i,58.08,58.16,1,0.0799999999999983,0.0799999999999983,0.060000000000002274
187,would,58.22,58.3,5,0.0799999999999983,0.01599999999999966,0.04000000000000625
188,hope,58.34,58.5,4,0.1599999999999966,0.03999999999999915,0.03999999999999915
189,you,58.54,58.58,3,0.03999999999999915,0.01333333333333305,0.03999999999999915
190,know,58.62,58.76,4,0.14000000000000057,0.03500000000000014,0.03999999999999915
191,where,58.8,58.94,5,0.14000000000000057,0.028000000000000115,0.020000000000003126
192,to,58.96,59.04,2,0.0799999999999983,0.03999999999999915,0.0799999999999983
193,end,59.12,59.32,3,0.20000000000000284,0.06666666666666761,0.11999999999999744
194,that's,59.44,59.7,6,0.2600000000000051,0.04333333333333419,0.19999999999999574
195,when,59.9,60.04,4,0.14000000000000057,0.03500000000000014,0.020000000000003126
196,it,60.06,60.16,2,0.09999999999999432,0.04999999999999716,0.020000000000003126
197,solved,60.18,60.58,6,0.3999999999999986,0.06666666666666643,0.03999999999999915
198,you,60.62,60.68,3,0.060000000000002274,0.020000000000000757,0.020000000000003126
199,don't,60.7,60.8,5,0.09999999999999432,0.019999999999998862,0.020000000000003126
200,want,60.82,60.96,4,0.14000000000000057,0.03500000000000014,0.0
201,to,60.96,61.0,2,0.03999999999999915,0.019999999999999574,0.020000000000003126
202,go,61.02,61.08,2,0.05999999999999517,0.029999999999997584,0.060000000000002274
203,further,61.14,61.4,7,0.259999999999998,0.03714285714285686,0.020000000000003126
204,than,61.42,61.52,4,0.10000000000000142,0.025000000000000355,0.03999999999999915
205,that,61.56,61.7,4,0.14000000000000057,0.03500000000000014,0.5999999999999943
206,so,62.3,62.46,2,0.1600000000000037,0.08000000000000185,0.8399999999999963
207,let's,63.3,63.46,5,0.1600000000000037,0.032000000000000736,0.03999999999999915
208,begin,63.5,63.82,5,0.3200000000000003,0.06400000000000006,0.03999999999999915
209,on,63.86,63.96,2,0.10000000000000142,0.05000000000000071,0.03999999999999915
210,the,64.0,64.06,3,0.060000000000002274,0.020000000000000757,0.060000000000002274
211,first,64.12,64.34,5,0.21999999999999886,0.043999999999999775,0.060000000000002274
212,stage,64.4,64.78,5,0.37999999999999545,0.0759999999999991,0.09999999999999432
213,of,64.88,65.04,2,0.1600000000000108,0.0800000000000054,0.09999999999999432
214,some,65.14,65.32,4,0.1799999999999926,0.04499999999999815,0.0
215,of,65.32,65.34,2,0.020000000000010232,0.010000000000005116,0.01999999999999602
216,the,65.36,65.42,3,0.060000000000002274,0.020000000000000757,0.03999999999999204
217,rivers,65.46,65.76,6,0.30000000000001137,0.0500000000000019,0.0
218,cube,65.76,66.04,4,0.28000000000000114,0.07000000000000028,0.19999999999998863
219,you,66.24,66.3,3,0.060000000000002274,0.020000000000000757,0.04000000000000625
220,want,66.34,66.52,4,0.1799999999999926,0.04499999999999815,0.04000000000000625
221,to,66.56,66.64,2,0.0799999999999983,0.03999999999999915,0.09999999999999432
222,start,66.74,66.98,5,0.2400000000000091,0.04800000000000182,0.060000000000002274
223,for,67.04,67.16,3,0.11999999999999034,0.03999999999999678,0.04000000000000625
224,the,67.2,67.26,3,0.060000000000002274,0.020000000000000757,0.05999999999998806
225,white,67.32,67.52,5,0.20000000000000284,0.04000000000000057,0.04000000000000625
226,cross,67.56,67.98,5,0.4200000000000017,0.08400000000000034,0.5799999999999983
227,when,68.56,68.7,4,0.14000000000000057,0.03500000000000014,0.0
228,you,68.7,68.74,3,0.03999999999999204,0.01333333333333068,0.060000000000002274
229,solve,68.8,68.98,5,0.18000000000000682,0.036000000000001364,0.03999999999999204
230,the,69.02,69.08,3,0.060000000000002274,0.020000000000000757,0.04000000000000625
231,white,69.12,69.3,5,0.1799999999999926,0.03599999999999852,0.04000000000000625
232,cross,69.34,69.66,5,0.3199999999999932,0.06399999999999864,0.04000000000000625
233,you,69.7,69.78,3,0.0799999999999983,0.0266666666666661,0.03999999999999204
234,want,69.82,70.06,4,0.2400000000000091,0.060000000000002274,0.7000000000000028
235,that,70.76,71.0,4,0.23999999999999488,0.05999999999999872,0.8400000000000034
236,edge,71.84,72.14,4,0.29999999999999716,0.07499999999999929,0.20000000000000284
237,pieces,72.34,72.8,6,0.45999999999999375,0.07666666666666562,0.04000000000000625
238,to,72.84,72.94,2,0.09999999999999432,0.04999999999999716,0.060000000000002274
239,match,73.0,73.26,5,0.2600000000000051,0.052000000000001025,0.03999999999999204
240,the,73.3,73.36,3,0.060000000000002274,0.020000000000000757,0.04000000000000625
241,colors,73.4,73.78,6,0.37999999999999545,0.06333333333333258,0.01999999999999602
242,of,73.8,73.9,2,0.10000000000000853,0.05000000000000426,0.03999999999999204
243,the,73.94,74.0,3,0.060000000000002274,0.020000000000000757,0.18000000000000682
244,layer,74.18,74.5,5,0.3199999999999932,0.06399999999999864,0.04000000000000625
245,above,74.54,74.82,5,0.2799999999999869,0.055999999999997385,0.020000000000010232
246,it,74.84,74.96,2,0.11999999999999034,0.05999999999999517,1.2000000000000028
247,so,76.16,76.34,2,0.18000000000000682,0.09000000000000341,0.2599999999999909
248,i'm,76.6,76.72,3,0.12000000000000455,0.040000000000001514,0.01999999999999602
249,gonna,76.74,76.8,5,0.060000000000002274,0.012000000000000455,0.0799999999999983
250,go,76.88,76.94,2,0.060000000000002274,0.030000000000001137,0.04000000000000625
251,ahead,76.98,77.12,5,0.14000000000000057,0.028000000000000115,0.0
252,and,77.12,77.2,3,0.0799999999999983,0.0266666666666661,0.0799999999999983
253,do,77.28,77.36,2,0.0799999999999983,0.03999999999999915,0.09999999999999432
254,this,77.46,77.68,4,0.22000000000001307,0.05500000000000327,0.2599999999999909
255,now,77.94,78.08,3,0.14000000000000057,0.046666666666666856,0.0799999999999983
256,this,78.16,78.34,4,0.18000000000000682,0.045000000000001705,0.20000000000000284
257,stuff,78.54,78.82,5,0.2799999999999869,0.055999999999997385,0.04000000000000625
258,here,78.86,79.02,4,0.1599999999999966,0.03999999999999915,0.060000000000002274
259,does,79.08,79.22,4,0.14000000000000057,0.03500000000000014,0.01999999999999602
260,not,79.24,79.38,3,0.14000000000000057,0.046666666666666856,0.060000000000002274
261,require,79.44,79.82,7,0.37999999999999545,0.05428571428571364,0.060000000000002274
262,any,79.88,80.06,3,0.18000000000000682,0.060000000000002274,0.03999999999999204
263,type,80.1,80.32,4,0.21999999999999886,0.054999999999999716,0.04000000000000625
264,of,80.36,80.44,2,0.0799999999999983,0.03999999999999915,0.21999999999999886
265,advanced,80.66,81.1,8,0.4399999999999977,0.054999999999999716,0.12000000000000455
266,algorithms,81.22,81.84,10,0.6200000000000045,0.06200000000000046,0.03999999999999204
267,most,81.88,82.04,4,0.1600000000000108,0.0400000000000027,0.03999999999999204
268,people,82.08,82.34,6,0.2600000000000051,0.04333333333333419,0.03999999999999204
269,can,82.38,82.46,3,0.0799999999999983,0.0266666666666661,0.060000000000002274
270,pick,82.52,82.7,4,0.18000000000000682,0.045000000000001705,0.01999999999999602
271,up,82.72,82.84,2,0.12000000000000455,0.060000000000002274,0.060000000000002274
272,a,82.9,82.94,1,0.03999999999999204,0.03999999999999204,0.060000000000002274
273,roof,83.0,83.18,4,0.18000000000000682,0.045000000000001705,0.01999999999999602
274,excuse,83.2,83.64,6,0.4399999999999977,0.07333333333333296,0.35999999999999943
275,and,84.0,84.28,3,0.28000000000000114,0.09333333333333371,0.35999999999999943
276,soft,84.64,85.02,4,0.37999999999999545,0.09499999999999886,0.0
277,this,85.02,85.28,4,0.2600000000000051,0.06500000000000128,0.4200000000000017
278,in,85.7,85.78,2,0.0799999999999983,0.03999999999999915,0.01999999999999602
279,a,85.8,85.84,1,0.04000000000000625,0.04000000000000625,0.03999999999999204
280,matter,85.88,86.1,6,0.21999999999999886,0.03666666666666648,0.020000000000010232
281,of,86.12,86.2,2,0.0799999999999983,0.03999999999999915,0.01999999999999602
282,a,86.22,86.26,1,0.04000000000000625,0.04000000000000625,0.05999999999998806
283,couple,86.32,86.56,6,0.2400000000000091,0.040000000000001514,0.03999999999999204
284,minutes,86.6,86.94,7,0.3400000000000034,0.04857142857142906,0.7999999999999972
285,so,87.74,87.84,2,0.10000000000000853,0.05000000000000426,0.0799999999999983
286,once,87.92,88.14,4,0.21999999999999886,0.054999999999999716,0.01999999999999602
287,that's,88.16,88.38,6,0.21999999999999886,0.03666666666666648,0.060000000000002274
288,done,88.44,88.66,4,0.21999999999999886,0.054999999999999716,0.20000000000000284
289,that,88.86,89.0,4,0.14000000000000057,0.03500000000000014,0.04000000000000625
290,was,89.04,89.12,3,0.0799999999999983,0.0266666666666661,0.21999999999999886
291,pretty,89.34,89.54,6,0.20000000000000284,0.033333333333333805,0.03999999999999204
292,easy,89.58,89.74,4,0.1599999999999966,0.03999999999999915,0.04000000000000625
293,as,89.78,89.92,2,0.14000000000000057,0.07000000000000028,0.03999999999999204
294,stage,89.96,90.22,5,0.2600000000000051,0.052000000000001025,0.04000000000000625
295,one,90.26,90.44,3,0.1799999999999926,0.059999999999997534,0.18000000000000682
296,stage,90.62,90.96,5,0.3399999999999892,0.06799999999999784,0.04000000000000625
297,too,91.0,91.14,3,0.14000000000000057,0.046666666666666856,0.09999999999999432
298,now,91.24,91.46,3,0.21999999999999886,0.07333333333333296,0.10000000000000853
299,is,91.56,91.72,2,0.1599999999999966,0.0799999999999983,0.01999999999999602
300,the,91.74,91.8,3,0.060000000000002274,0.020000000000000757,0.04000000000000625
301,software's,91.84,92.26,10,0.4200000000000017,0.04200000000000017,0.05999999999998806
302,gone,92.32,92.48,4,0.1600000000000108,0.0400000000000027,0.060000000000002274
303,the,92.54,92.6,3,0.05999999999998806,0.01999999999999602,0.060000000000002274
304,first,92.66,92.88,5,0.21999999999999886,0.043999999999999775,0.060000000000002274
305,two,92.94,93.08,3,0.14000000000000057,0.046666666666666856,0.060000000000002274
306,laters,93.14,93.46,6,0.3199999999999932,0.0533333333333322,0.04000000000000625
307,or,93.5,93.58,2,0.0799999999999983,0.03999999999999915,0.0799999999999983
308,f,93.66,93.74,1,0.0799999999999983,0.0799999999999983,0.14000000000000057
309,two,93.88,94.02,3,0.14000000000000057,0.046666666666666856,0.10000000000000853
310,l,94.12,94.26,1,0.14000000000000057,0.14000000000000057,0.3999999999999915
311,that,94.66,94.78,4,0.12000000000000455,0.030000000000001137,0.03999999999999204
312,some,94.82,95.04,4,0.22000000000001307,0.05500000000000327,0.01999999999999602
313,in,95.06,95.14,2,0.0799999999999983,0.03999999999999915,0.01999999999999602
314,the,95.16,95.2,3,0.04000000000000625,0.013333333333335418,0.060000000000002274
315,corner,95.26,95.58,6,0.3199999999999932,0.0533333333333322,0.01999999999999602
316,piece,95.6,95.86,5,0.2600000000000051,0.052000000000001025,0.060000000000002274
317,in,95.92,96.0,2,0.0799999999999983,0.03999999999999915,0.04000000000000625
318,the,96.04,96.08,3,0.03999999999999204,0.01333333333333068,0.10000000000000853
319,edge,96.18,96.4,4,0.21999999999999886,0.054999999999999716,0.05999999999998806
320,piece,96.46,96.74,5,0.28000000000000114,0.05600000000000023,0.3400000000000034
321,of,97.08,97.24,2,0.1599999999999966,0.0799999999999983,0.10000000000000853
322,these,97.34,97.52,5,0.1799999999999926,0.03599999999999852,0.060000000000002274
323,first,97.58,97.82,5,0.23999999999999488,0.047999999999998974,0.0800000000000125
324,two,97.9,98.04,3,0.14000000000000057,0.046666666666666856,0.05999999999998806
325,layers,98.1,98.5,6,0.4000000000000057,0.06666666666666761,0.12000000000000455
326,both,98.62,98.82,4,0.19999999999998863,0.04999999999999716,0.060000000000002274
327,at,98.88,98.98,2,0.10000000000000853,0.05000000000000426,0.03999999999999204
328,the,99.02,99.08,3,0.060000000000002274,0.020000000000000757,0.04000000000000625
329,same,99.12,99.36,4,0.23999999999999488,0.05999999999999872,0.01999999999999602
330,time,99.38,99.66,4,0.28000000000000114,0.07000000000000028,0.38000000000000966
331,although,100.04,100.28,8,0.23999999999999488,0.02999999999999936,0.09999999999999432
332,this,100.38,100.52,4,0.14000000000000057,0.03500000000000014,0.04000000000000625
333,process,100.56,101.0,7,0.4399999999999977,0.06285714285714253,0.060000000000002274
334,takes,101.06,101.3,5,0.23999999999999488,0.047999999999998974,0.0799999999999983
335,the,101.38,101.44,3,0.060000000000002274,0.020000000000000757,0.060000000000002274
336,most,101.5,101.74,4,0.23999999999999488,0.05999999999999872,0.04000000000000625
337,amount,101.78,102.04,6,0.2600000000000051,0.04333333333333419,0.0
338,of,102.04,102.08,2,0.03999999999999204,0.01999999999999602,0.060000000000002274
339,time,102.14,102.42,4,0.28000000000000114,0.07000000000000028,0.3199999999999932
340,robs,102.74,103.12,4,0.38000000000000966,0.09500000000000242,0.0799999999999983
341,faster,103.2,103.66,6,0.45999999999999375,0.07666666666666562,0.3400000000000034
342,than,104.0,104.16,4,0.1599999999999966,0.03999999999999915,0.04000000000000625
343,solving,104.2,104.58,7,0.37999999999999545,0.05428571428571364,0.4200000000000017
344,the,105.0,105.06,3,0.060000000000002274,0.020000000000000757,0.0799999999999983
345,individual,105.14,105.62,10,0.480000000000004,0.048000000000000397,0.060000000000002274
346,porters,105.68,106.08,7,0.3999999999999915,0.05714285714285593,0.10000000000000853
347,and,106.18,106.3,3,0.11999999999999034,0.03999999999999678,0.04000000000000625
348,then,106.34,106.48,4,0.14000000000000057,0.03500000000000014,0.03999999999999204
349,that,106.52,106.66,4,0.14000000000000057,0.03500000000000014,0.3400000000000034
350,edge,107.0,107.18,4,0.18000000000000682,0.045000000000001705,0.03999999999999204
351,pieces,107.22,107.64,6,0.4200000000000017,0.07000000000000028,1.8400000000000034
352,this,109.48,109.68,4,0.20000000000000284,0.05000000000000071,0.5799999999999983
353,stage,110.26,110.6,5,0.3399999999999892,0.06799999999999784,0.020000000000010232
354,is,110.62,110.72,2,0.09999999999999432,0.04999999999999716,0.0
355,a,110.72,110.78,1,0.060000000000002274,0.060000000000002274,0.01999999999999602
356,little,110.8,110.88,6,0.0799999999999983,0.01333333333333305,0.21999999999999886
357,complicated,111.1,111.82,11,0.7199999999999989,0.06545454545454535,0.14000000000000057
358,and,111.96,112.26,3,0.30000000000001137,0.1000000000000038,0.5
359,i've,112.76,112.92,4,0.1599999999999966,0.03999999999999915,0.01999999999999602
360,been,112.94,113.08,4,0.14000000000000057,0.03500000000000014,0.21999999999999886
361,trying,113.3,113.58,6,0.28000000000000114,0.046666666666666856,0.0
362,to,113.58,113.66,2,0.0799999999999983,0.03999999999999915,0.7199999999999989
363,speak,114.38,114.78,5,0.4000000000000057,0.08000000000000114,0.12000000000000455
364,and,114.9,115.08,3,0.1799999999999926,0.059999999999997534,0.12000000000000455
365,do,115.2,115.28,2,0.0799999999999983,0.03999999999999915,0.060000000000002274
366,it,115.34,115.42,2,0.0799999999999983,0.03999999999999915,0.03999999999999204
367,at,115.46,115.54,2,0.0800000000000125,0.04000000000000625,0.01999999999999602
368,the,115.56,115.62,3,0.060000000000002274,0.020000000000000757,0.03999999999999204
369,same,115.66,115.88,4,0.21999999999999886,0.054999999999999716,0.020000000000010232
370,time,115.9,116.2,4,0.29999999999999716,0.07499999999999929,0.2599999999999909
371,but,116.46,116.58,3,0.12000000000000455,0.040000000000001514,0.060000000000002274
372,it's,116.64,116.76,4,0.12000000000000455,0.030000000000001137,0.35999999999999943
373,also,117.12,117.36,4,0.23999999999999488,0.05999999999999872,0.060000000000002274
374,please,117.42,117.64,6,0.21999999999999886,0.03666666666666648,0.04000000000000625
375,be,117.68,117.76,2,0.0799999999999983,0.03999999999999915,0.0799999999999983
376,a,117.84,117.86,1,0.01999999999999602,0.01999999999999602,0.21999999999999886
377,bear,118.08,118.3,4,0.21999999999999886,0.054999999999999716,0.04000000000000625
378,with,118.34,118.5,4,0.1599999999999966,0.03999999999999915,0.060000000000002274
379,me,118.56,118.66,2,0.09999999999999432,0.04999999999999716,0.0799999999999983
380,while,118.74,118.9,5,0.1600000000000108,0.03200000000000216,0.03999999999999204
381,i,118.94,119.0,1,0.060000000000002274,0.060000000000002274,0.45999999999999375
382,well,119.46,119.6,4,0.14000000000000057,0.03500000000000014,0.04000000000000625
383,as,119.64,119.78,2,0.14000000000000057,0.07000000000000028,0.060000000000002274
384,office,119.84,120.2,6,0.35999999999999943,0.05999999999999991,3.6199999999999903
385,okay,123.82,123.9,4,0.0800000000000125,0.020000000000003126,2.319999999999993
386,yeah,126.22,126.22,4,0.0,0.0,0.14000000000000057
387,okay,126.36,126.84,4,0.480000000000004,0.120000000000001,1.960000000000008
388,okay,128.8,128.94,4,0.13999999999998636,0.03499999999999659,2.9799999999999898
389,yeah,131.92,131.92,4,0.0,0.0,0.700000000000017
390,okay,132.62,132.84,4,0.21999999999999886,0.054999999999999716,1.7800000000000011
391,yeah,134.62,134.62,4,0.0,0.0,6.460000000000008
392,yeah,141.08,141.08,4,0.0,0.0,0.9599999999999795
393,mm-hmm,142.04,142.04,6,0.0,0.0,0.6800000000000068
394,okay,142.72,143.0,4,0.28000000000000114,0.07000000000000028,1.3799999999999955
395,and,144.38,144.48,3,0.09999999999999432,0.03333333333333144,0.020000000000010232
396,then,144.5,144.64,4,0.13999999999998636,0.03499999999999659,0.020000000000010232
397,i,144.66,144.7,1,0.03999999999999204,0.03999999999999204,0.0800000000000125
398,complete,144.78,145.14,8,0.3599999999999852,0.04499999999999815,0.040000000000020464
399,stage,145.18,145.56,5,0.37999999999999545,0.0759999999999991,0.020000000000010232
400,to,145.58,145.7,2,0.11999999999997613,0.05999999999998806,0.5200000000000102
401,solving,146.22,146.6,7,0.37999999999999545,0.05428571428571364,0.03999999999999204
402,the,146.64,146.76,3,0.12000000000000455,0.040000000000001514,0.46000000000000796
403,first,147.22,147.46,5,0.2400000000000091,0.04800000000000182,0.07999999999998408
404,two,147.54,147.68,3,0.14000000000001478,0.046666666666671595,0.07999999999998408
405,layers,147.76,148.16,6,0.4000000000000057,0.06666666666666761,1.240000000000009
406,finally,149.4,149.74,7,0.3400000000000034,0.04857142857142906,0.060000000000002274
407,run,149.8,150.0,3,0.19999999999998863,0.06666666666666288,0.020000000000010232
408,the,150.02,150.08,3,0.060000000000002274,0.020000000000000757,0.03999999999999204
409,last,150.12,150.34,4,0.21999999999999886,0.054999999999999716,0.03999999999999204
410,stage,150.38,150.7,5,0.3199999999999932,0.06399999999999864,0.020000000000010232
411,and,150.72,150.76,3,0.03999999999999204,0.01333333333333068,0.040000000000020464
412,that,150.8,150.92,4,0.11999999999997613,0.02999999999999403,0.040000000000020464
413,solving,150.96,151.32,7,0.3599999999999852,0.05142857142856932,0.020000000000010232
414,the,151.34,151.4,3,0.060000000000002274,0.020000000000000757,0.060000000000002274
415,top,151.46,151.76,3,0.29999999999998295,0.09999999999999432,0.5800000000000125
416,what,152.34,152.48,4,0.13999999999998636,0.03499999999999659,0.040000000000020464
417,you,152.52,152.58,3,0.060000000000002274,0.020000000000000757,0.03999999999999204
418,want,152.62,152.76,4,0.13999999999998636,0.03499999999999659,0.020000000000010232
419,to,152.78,152.84,2,0.060000000000002274,0.030000000000001137,0.03999999999999204
420,do,152.88,152.94,2,0.060000000000002274,0.030000000000001137,0.0800000000000125
421,on,153.02,153.08,2,0.060000000000002274,0.030000000000001137,0.03999999999999204
422,this,153.12,153.24,4,0.12000000000000455,0.030000000000001137,0.060000000000002274
423,stage,153.3,153.66,5,0.3599999999999852,0.07199999999999704,0.36000000000001364
424,is,154.02,154.26,2,0.23999999999998067,0.11999999999999034,0.0800000000000125
425,first,154.34,154.54,5,0.19999999999998863,0.039999999999997725,0.020000000000010232
426,start,154.56,154.8,5,0.2400000000000091,0.04800000000000182,0.03999999999999204
427,with,154.84,154.98,4,0.13999999999998636,0.03499999999999659,0.060000000000002274
428,the,155.04,155.12,3,0.0800000000000125,0.026666666666670835,0.09999999999999432
429,yellow,155.22,155.5,6,0.28000000000000114,0.046666666666666856,0.0800000000000125
430,cross,155.58,155.94,5,0.3599999999999852,0.07199999999999704,0.37999999999999545
431,and,156.32,156.44,3,0.12000000000000455,0.040000000000001514,0.0
432,the,156.44,156.5,3,0.060000000000002274,0.020000000000000757,0.3400000000000034
433,cross,156.84,157.18,5,0.3400000000000034,0.06800000000000068,0.07999999999998408
434,is,157.26,157.38,2,0.12000000000000455,0.060000000000002274,0.060000000000002274
435,different,157.44,157.88,9,0.4399999999999977,0.048888888888888635,0.020000000000010232
436,so,157.9,158.02,2,0.12000000000000455,0.060000000000002274,0.07999999999998408
437,in,158.1,158.16,2,0.060000000000002274,0.030000000000001137,0.020000000000010232
438,the,158.18,158.22,3,0.03999999999999204,0.01333333333333068,0.060000000000002274
439,white,158.28,158.54,5,0.2599999999999909,0.05199999999999818,0.36000000000001364
440,because,158.9,159.16,7,0.2599999999999909,0.03714285714285585,0.03999999999999204
441,you,159.2,159.28,3,0.0800000000000125,0.026666666666670835,0.12000000000000455
442,it,159.4,159.48,2,0.07999999999998408,0.03999999999999204,0.020000000000010232
443,does,159.5,159.64,4,0.13999999999998636,0.03499999999999659,0.040000000000020464
444,not,159.68,159.82,3,0.13999999999998636,0.04666666666666212,0.060000000000002274
445,matter,159.88,160.2,6,0.3199999999999932,0.0533333333333322,0.0800000000000125
446,that,160.28,160.4,4,0.12000000000000455,0.030000000000001137,0.060000000000002274
447,that,160.46,160.62,4,0.1599999999999966,0.03999999999999915,0.13999999999998636
448,colors,160.76,161.12,6,0.36000000000001364,0.060000000000002274,0.09999999999999432
449,match,161.22,161.6,5,0.37999999999999545,0.0759999999999991,0.6400000000000148
450,on,162.24,162.34,2,0.09999999999999432,0.04999999999999716,0.03999999999999204
451,the,162.38,162.44,3,0.060000000000002274,0.020000000000000757,0.060000000000002274
452,edges,162.5,162.94,5,0.4399999999999977,0.08799999999999955,0.1599999999999966
453,so,163.1,163.18,2,0.0800000000000125,0.04000000000000625,0.03999999999999204
454,you,163.22,163.26,3,0.03999999999999204,0.01333333333333068,0.040000000000020464
455,just,163.3,163.42,4,0.11999999999997613,0.02999999999999403,0.040000000000020464
456,want,163.46,163.58,4,0.12000000000000455,0.030000000000001137,0.0
457,to,163.58,163.64,2,0.05999999999997385,0.029999999999986926,0.040000000000020464
458,get,163.68,163.82,3,0.13999999999998636,0.04666666666666212,0.060000000000002274
459,the,163.88,164.02,3,0.14000000000001478,0.046666666666671595,3.1799999999999784
460,white,167.2,167.4,5,0.20000000000001705,0.04000000000000341,0.01999999999998181
461,cross,167.42,167.72,5,0.30000000000001137,0.060000000000002274,0.03999999999999204
462,such,167.76,167.96,4,0.20000000000001705,0.05000000000000426,0.0
463,as,167.96,168.06,2,0.09999999999999432,0.04999999999999716,0.03999999999999204
464,that,168.1,168.32,4,0.21999999999999886,0.054999999999999716,0.5400000000000205
465,next,168.86,169.24,4,0.37999999999999545,0.09499999999999886,0.01999999999998181
466,you,169.26,169.32,3,0.060000000000002274,0.020000000000000757,0.060000000000002274
467,want,169.38,169.5,4,0.12000000000000455,0.030000000000001137,0.0
468,to,169.5,169.54,2,0.03999999999999204,0.01999999999999602,0.040000000000020464
469,get,169.58,169.7,3,0.11999999999997613,0.03999999999999204,0.0800000000000125
470,all,169.78,169.96,3,0.18000000000000682,0.060000000000002274,0.060000000000002274
471,yellow,170.02,170.38,6,0.3599999999999852,0.059999999999997534,0.46000000000000796
472,to,170.84,170.92,2,0.07999999999998408,0.03999999999999204,0.060000000000002274
473,be,170.98,171.06,2,0.0800000000000125,0.04000000000000625,0.07999999999998408
474,positioned,171.14,171.62,10,0.4800000000000182,0.04800000000000182,0.03999999999999204
475,on,171.66,171.76,2,0.09999999999999432,0.04999999999999716,0.060000000000002274
476,top,171.82,172.12,3,0.30000000000001137,0.1000000000000038,4.199999999999989
477,like,176.32,176.46,4,0.14000000000001478,0.035000000000003695,0.01999999999998181
478,that,176.48,176.68,4,0.20000000000001705,0.05000000000000426,3.2399999999999807
479,i,179.92,179.98,1,0.060000000000002274,0.060000000000002274,0.0800000000000125
480,have,180.06,180.14,4,0.07999999999998408,0.01999999999999602,0.040000000000020464
481,to,180.18,180.24,2,0.060000000000002274,0.030000000000001137,0.060000000000002274
482,warn,180.3,180.5,4,0.19999999999998863,0.04999999999999716,0.020000000000010232
483,you,180.52,180.58,3,0.060000000000002274,0.020000000000000757,0.05999999999997385
484,when,180.64,180.78,4,0.14000000000001478,0.035000000000003695,0.0
485,you,180.78,180.84,3,0.060000000000002274,0.020000000000000757,0.03999999999999204
486,start,180.88,181.1,5,0.21999999999999886,0.043999999999999775,0.060000000000002274
487,doing,181.16,181.48,5,0.3199999999999932,0.06399999999999864,0.060000000000002274
488,the,181.54,181.62,3,0.0800000000000125,0.026666666666670835,0.07999999999998408
489,algorithms,181.7,182.4,10,0.700000000000017,0.0700000000000017,0.09999999999999432
490,on,182.5,182.62,2,0.12000000000000455,0.060000000000002274,0.03999999999999204
491,the,182.66,182.7,3,0.03999999999999204,0.01333333333333068,0.060000000000002274
492,last,182.76,183.02,4,0.2600000000000193,0.06500000000000483,0.060000000000002274
493,way,183.08,183.28,3,0.19999999999998863,0.06666666666666288,0.46000000000000796
494,they,183.74,183.84,4,0.09999999999999432,0.02499999999999858,0.03999999999999204
495,become,183.88,184.2,6,0.3199999999999932,0.0533333333333322,0.6800000000000068
496,longer,184.88,185.34,6,0.46000000000000796,0.07666666666666799,0.07999999999998408
497,and,185.42,185.5,3,0.0800000000000125,0.026666666666670835,0.03999999999999204
498,more,185.54,185.68,4,0.14000000000001478,0.035000000000003695,0.03999999999999204
499,difficult,185.72,186.14,9,0.4199999999999875,0.046666666666665274,0.040000000000020464
500,to,186.18,186.24,2,0.060000000000002274,0.030000000000001137,0.060000000000002274
501,do,186.3,186.42,2,0.11999999999997613,0.05999999999998806,0.4800000000000182
502,and,186.9,187.04,3,0.13999999999998636,0.04666666666666212,0.0
503,if,187.04,187.16,2,0.12000000000000455,0.060000000000002274,0.0
504,you,187.16,187.24,3,0.0800000000000125,0.026666666666670835,0.29999999999998295
505,mess,187.54,187.78,4,0.2400000000000091,0.060000000000002274,0.020000000000010232
506,up,187.8,187.96,2,0.1599999999999966,0.0799999999999983,0.07999999999998408
507,midstream,188.04,188.64,9,0.5999999999999943,0.06666666666666604,0.4000000000000057
508,you,189.04,189.12,3,0.0800000000000125,0.026666666666670835,0.03999999999999204
509,end,189.16,189.38,3,0.21999999999999886,0.07333333333333296,0.0
510,up,189.38,189.52,2,0.14000000000001478,0.07000000000000739,0.060000000000002274
511,really,189.58,189.88,6,0.29999999999998295,0.04999999999999716,0.8799999999999955
512,having,190.76,191.02,6,0.2600000000000193,0.043333333333336554,0.0
513,to,191.02,191.08,2,0.060000000000002274,0.030000000000001137,0.05999999999997385
514,start,191.14,191.34,5,0.20000000000001705,0.04000000000000341,0.060000000000002274
515,back,191.4,191.58,4,0.18000000000000682,0.045000000000001705,0.03999999999999204
516,over,191.62,191.82,4,0.19999999999998863,0.04999999999999716,0.0800000000000125
517,the,191.9,191.96,3,0.060000000000002274,0.020000000000000757,0.060000000000002274
518,stage,192.02,192.34,5,0.3199999999999932,0.06399999999999864,0.060000000000002274
519,one,192.4,192.6,3,0.19999999999998863,0.06666666666666288,0.060000000000002274
520,so,192.66,192.76,2,0.09999999999999432,0.04999999999999716,0.060000000000002274
521,try,192.82,192.96,3,0.14000000000001478,0.046666666666671595,0.03999999999999204
522,to,193.0,193.08,2,0.0800000000000125,0.04000000000000625,0.03999999999999204
523,have,193.12,193.14,4,0.01999999999998181,0.0049999999999954525,0.040000000000020464
524,the,193.18,193.22,3,0.03999999999999204,0.01333333333333068,0.060000000000002274
525,mess,193.28,193.5,4,0.21999999999999886,0.054999999999999716,0.020000000000010232
526,up,193.52,193.66,2,0.13999999999998636,0.06999999999999318,0.03999999999999204
527,if,193.7,193.78,2,0.0800000000000125,0.04000000000000625,0.060000000000002274
528,you,193.84,193.88,3,0.03999999999999204,0.01333333333333068,0.0800000000000125
529,fall,193.96,194.2,4,0.23999999999998067,0.05999999999999517,0.060000000000002274
530,some,194.26,194.4,4,0.14000000000001478,0.035000000000003695,0.01999999999998181
531,of,194.42,194.48,2,0.060000000000002274,0.030000000000001137,0.060000000000002274
532,albert,194.54,194.86,6,0.3200000000000216,0.05333333333333693,1.259999999999991
533,okay,196.12,196.44,4,0.3199999999999932,0.0799999999999983,0.5800000000000125
534,so,197.02,197.14,2,0.11999999999997613,0.05999999999998806,0.10000000000002274
535,now,197.24,197.44,3,0.19999999999998863,0.06666666666666288,0.4000000000000057
536,you,197.84,197.9,3,0.060000000000002274,0.020000000000000757,0.03999999999999204
537,can,197.94,198.04,3,0.09999999999999432,0.03333333333333144,0.0800000000000125
538,see,198.12,198.28,3,0.1599999999999966,0.0533333333333322,0.09999999999999432
539,that,198.38,198.54,4,0.1599999999999966,0.03999999999999915,0.060000000000002274
540,the,198.6,198.7,3,0.09999999999999432,0.03333333333333144,0.3800000000000239
541,the,199.08,199.16,3,0.07999999999998408,0.02666666666666136,0.03999999999999204
542,science,199.2,199.54,7,0.3400000000000034,0.04857142857142906,0.020000000000010232
543,are,199.56,199.62,3,0.060000000000002274,0.020000000000000757,0.03999999999999204
544,all,199.66,199.8,3,0.14000000000001478,0.046666666666671595,0.03999999999999204
545,kind,199.84,200.02,4,0.18000000000000682,0.045000000000001705,0.0
546,of,200.02,200.08,2,0.060000000000002274,0.030000000000001137,0.03999999999999204
547,messed,200.12,200.36,6,0.2400000000000091,0.040000000000001514,0.01999999999998181
548,up,200.38,200.52,2,0.14000000000001478,0.07000000000000739,0.060000000000002274
549,there's,200.58,200.84,7,0.2599999999999909,0.03714285714285585,0.09999999999999432
550,two,200.94,201.1,3,0.1599999999999966,0.0533333333333322,0.060000000000002274
551,corners,201.16,201.56,7,0.4000000000000057,0.05714285714285795,0.020000000000010232
552,that,201.58,201.74,4,0.1599999999999966,0.03999999999999915,0.01999999999998181
553,are,201.76,201.84,3,0.0800000000000125,0.026666666666670835,0.07999999999998408
554,where,201.92,202.06,5,0.14000000000001478,0.028000000000002957,0.03999999999999204
555,they,202.1,202.18,4,0.0800000000000125,0.020000000000003126,0.060000000000002274
556,need,202.24,202.4,4,0.1599999999999966,0.03999999999999915,0.0
557,to,202.4,202.46,2,0.060000000000002274,0.030000000000001137,0.060000000000002274
558,be,202.52,202.62,2,0.09999999999999432,0.04999999999999716,0.7400000000000091
559,there's,203.36,203.52,7,0.1599999999999966,0.02285714285714237,0.01999999999998181
560,two,203.54,203.66,3,0.12000000000000455,0.040000000000001514,0.060000000000002274
561,quarters,203.72,204.1,8,0.37999999999999545,0.04749999999999943,0.03999999999999204
562,that,204.14,204.28,4,0.14000000000001478,0.035000000000003695,0.03999999999999204
563,are,204.32,204.4,3,0.0800000000000125,0.026666666666670835,0.060000000000002274
564,not,204.46,204.66,3,0.19999999999998863,0.06666666666666288,0.5200000000000102
565,so,205.18,205.26,2,0.07999999999998408,0.03999999999999204,0.060000000000002274
566,we,205.32,205.38,2,0.060000000000002274,0.030000000000001137,0.060000000000002274
567,need,205.44,205.6,4,0.1599999999999966,0.03999999999999915,0.020000000000010232
568,and,205.62,205.74,3,0.12000000000000455,0.040000000000001514,0.19999999999998863
569,give,205.94,206.08,4,0.14000000000001478,0.035000000000003695,0.07999999999998408
570,all,206.16,206.28,3,0.12000000000000455,0.040000000000001514,0.020000000000010232
571,the,206.3,206.36,3,0.060000000000002274,0.020000000000000757,0.05999999999997385
572,quarters,206.42,206.76,8,0.3400000000000034,0.042500000000000426,0.040000000000020464
573,in,206.8,206.88,2,0.07999999999998408,0.03999999999999204,0.020000000000010232
574,its,206.9,207.04,3,0.13999999999998636,0.04666666666666212,0.0800000000000125
575,respective,207.12,207.6,10,0.47999999999998977,0.047999999999998974,0.03999999999999204
576,positions,207.64,208.22,9,0.5800000000000125,0.06444444444444583,0.5800000000000125
577,so,208.8,208.94,2,0.13999999999998636,0.06999999999999318,4.219999999999999
578,like,213.16,213.3,4,0.14000000000001478,0.035000000000003695,0.03999999999999204
579,that,213.34,213.56,4,0.21999999999999886,0.054999999999999716,0.4199999999999875
580,okay,213.98,214.2,4,0.21999999999999886,0.054999999999999716,0.040000000000020464
581,so,214.24,214.32,2,0.07999999999998408,0.03999999999999204,0.060000000000002274
582,now,214.38,214.48,3,0.09999999999999432,0.03333333333333144,0.10000000000002274
583,all,214.58,214.66,3,0.07999999999998408,0.02666666666666136,0.020000000000010232
584,the,214.68,214.74,3,0.060000000000002274,0.020000000000000757,0.060000000000002274
585,corners,214.8,215.18,7,0.37999999999999545,0.05428571428571364,0.01999999999998181
586,are,215.2,215.34,3,0.14000000000001478,0.046666666666671595,0.19999999999998863
587,where,215.54,215.68,5,0.14000000000001478,0.028000000000002957,0.01999999999998181
588,they,215.7,215.78,4,0.0800000000000125,0.020000000000003126,0.03999999999999204
589,need,215.82,215.98,4,0.1599999999999966,0.03999999999999915,0.020000000000010232
590,to,216.0,216.06,2,0.060000000000002274,0.030000000000001137,0.060000000000002274
591,be,216.12,216.24,2,0.12000000000000455,0.060000000000002274,0.29999999999998295
592,you,216.54,216.62,3,0.0800000000000125,0.026666666666670835,0.03999999999999204
593,can,216.66,216.76,3,0.09999999999999432,0.03333333333333144,0.060000000000002274
594,see,216.82,216.96,3,0.14000000000001478,0.046666666666671595,0.060000000000002274
595,the,217.02,217.08,3,0.060000000000002274,0.020000000000000757,0.03999999999999204
596,very,217.12,217.32,4,0.19999999999998863,0.04999999999999716,0.060000000000002274
597,last,217.38,217.68,4,0.30000000000001137,0.07500000000000284,0.28000000000000114
598,step,217.96,218.22,4,0.2599999999999909,0.06499999999999773,0.03999999999999204
599,of,218.26,218.36,2,0.10000000000002274,0.05000000000001137,0.11999999999997613
600,stage,218.48,218.76,5,0.28000000000000114,0.05600000000000023,0.040000000000020464
601,three,218.8,219.0,5,0.19999999999998863,0.039999999999997725,0.09999999999999432
602,is,219.1,219.26,2,0.1599999999999966,0.0799999999999983,0.040000000000020464
603,that,219.3,219.5,4,0.19999999999998863,0.04999999999999716,0.5200000000000102
604,get,220.02,220.2,3,0.1799999999999784,0.0599999999999928,0.0800000000000125
605,the,220.28,220.42,3,0.13999999999998636,0.04666666666666212,0.7400000000000091
606,edge,221.16,221.4,4,0.2400000000000091,0.060000000000002274,0.03999999999999204
607,piece,221.44,221.7,5,0.2599999999999909,0.05199999999999818,0.020000000000010232
608,is,221.72,221.86,2,0.14000000000001478,0.07000000000000739,0.07999999999998408
609,properly,221.94,222.42,8,0.47999999999998977,0.05999999999999872,0.060000000000002274
610,aligned,222.48,222.76,7,0.28000000000000114,0.04000000000000016,0.060000000000002274
611,to,222.82,222.9,2,0.0800000000000125,0.04000000000000625,0.03999999999999204
612,where,222.94,223.08,5,0.14000000000001478,0.028000000000002957,0.05999999999997385
613,they,223.14,223.2,4,0.060000000000002274,0.015000000000000568,0.060000000000002274
614,need,223.26,223.42,4,0.1599999999999966,0.03999999999999915,0.0
615,to,223.42,223.46,2,0.040000000000020464,0.020000000000010232,0.060000000000002274
616,be,223.52,223.62,2,0.09999999999999432,0.04999999999999716,0.4000000000000057
617,that,224.02,224.18,4,0.1599999999999966,0.03999999999999915,0.03999999999999204
618,it's,224.22,224.42,4,0.19999999999998863,0.04999999999999716,0.30000000000001137
619,the,224.72,224.78,3,0.060000000000002274,0.020000000000000757,0.060000000000002274
620,soft,224.84,225.2,4,0.3599999999999852,0.0899999999999963,2.200000000000017
621,like,227.4,227.56,4,0.1599999999999966,0.03999999999999915,0.03999999999999204
622,that,227.6,227.78,4,0.18000000000000682,0.045000000000001705,0.060000000000002274
623,so,227.84,227.96,2,0.12000000000000455,0.060000000000002274,0.03999999999999204
624,now,228.0,228.14,3,0.13999999999998636,0.04666666666666212,0.060000000000002274
625,that,228.2,228.34,4,0.14000000000001478,0.035000000000003695,0.03999999999999204
626,the,228.38,228.44,3,0.060000000000002274,0.020000000000000757,2.5800000000000125
627,end,231.02,231.26,3,0.23999999999998067,0.07999999999999356,1.7199999999999989
628,and,232.98,233.16,3,0.18000000000000682,0.060000000000002274,0.020000000000010232
629,the,233.18,233.22,3,0.03999999999999204,0.01333333333333068,0.060000000000002274
630,recapt,233.28,233.82,6,0.539999999999992,0.08999999999999868,0.020000000000010232
631,of,233.84,233.94,2,0.09999999999999432,0.04999999999999716,0.3199999999999932
632,the,234.26,234.34,3,0.0800000000000125,0.026666666666670835,0.07999999999998408
633,first,234.42,234.66,5,0.2400000000000091,0.04800000000000182,0.03999999999999204
634,stage,234.7,235.02,5,0.3200000000000216,0.06400000000000432,0.0
635,is,235.02,235.12,2,0.09999999999999432,0.04999999999999716,0.0
636,to,235.12,235.18,2,0.060000000000002274,0.030000000000001137,0.03999999999999204
637,get,235.22,235.36,3,0.14000000000001478,0.046666666666671595,0.03999999999999204
638,the,235.4,235.44,3,0.03999999999999204,0.01333333333333068,0.060000000000002274
639,white,235.5,235.7,5,0.19999999999998863,0.039999999999997725,0.020000000000010232
640,cross,235.72,236.1,5,0.37999999999999545,0.0759999999999991,0.5999999999999943
641,the,236.7,236.76,3,0.060000000000002274,0.020000000000000757,0.040000000000020464
642,second,236.8,237.12,6,0.3199999999999932,0.0533333333333322,0.03999999999999204
643,stage,237.16,237.5,5,0.3400000000000034,0.06800000000000068,0.020000000000010232
644,is,237.52,237.6,2,0.07999999999998408,0.03999999999999204,0.03999999999999204
645,then,237.64,237.82,4,0.18000000000000682,0.045000000000001705,0.060000000000002274
646,to,237.88,238.0,2,0.12000000000000455,0.060000000000002274,0.46000000000000796
647,solve,238.46,238.74,5,0.28000000000000114,0.05600000000000023,0.060000000000002274
648,the,238.8,238.86,3,0.060000000000002274,0.020000000000000757,0.05999999999997385
649,first,238.92,239.12,5,0.20000000000001705,0.04000000000000341,0.060000000000002274
650,two,239.18,239.3,3,0.12000000000000455,0.040000000000001514,0.07999999999998408
651,layers,239.38,239.74,6,0.36000000000001364,0.060000000000002274,0.21999999999999886
652,and,239.96,240.04,3,0.07999999999998408,0.02666666666666136,0.040000000000020464
653,then,240.08,240.2,4,0.11999999999997613,0.02999999999999403,0.060000000000002274
654,finally,240.26,240.62,7,0.36000000000001364,0.05142857142857338,0.3199999999999932
655,solve,240.94,241.16,5,0.21999999999999886,0.043999999999999775,0.03999999999999204
656,the,241.2,241.26,3,0.060000000000002274,0.020000000000000757,0.040000000000020464
657,top,241.3,241.58,3,0.28000000000000114,0.09333333333333371,0.4199999999999875
658,those,242.0,242.18,5,0.18000000000000682,0.036000000000001364,0.01999999999998181
659,three,242.2,242.36,5,0.160000000000025,0.032000000000005004,0.05999999999997385
660,stages,242.42,243.02,6,0.6000000000000227,0.1000000000000038,0.1799999999999784
661,along,243.2,243.56,5,0.36000000000001364,0.07200000000000273,0.020000000000010232
662,with,243.58,243.8,4,0.21999999999999886,0.054999999999999716,0.060000000000002274
663,the,243.86,244.0,3,0.13999999999998636,0.04666666666666212,0.7400000000000091
664,rhythm,244.74,245.02,6,0.28000000000000114,0.046666666666666856,0.03999999999999204
665,you,245.06,245.12,3,0.060000000000002274,0.020000000000000757,0.03999999999999204
666,could,245.16,245.24,5,0.0800000000000125,0.016000000000002502,0.03999999999999204
667,find,245.28,245.46,4,0.18000000000000682,0.045000000000001705,0.01999999999998181
668,on,245.48,245.54,2,0.060000000000002274,0.030000000000001137,0.020000000000010232
669,the,245.56,245.6,3,0.03999999999999204,0.01333333333333068,0.060000000000002274
670,website,245.66,246.06,7,0.4000000000000057,0.05714285714285795,0.6999999999999886
671,where,246.76,246.98,5,0.21999999999999886,0.043999999999999775,0.040000000000020464
672,you,247.02,247.08,3,0.060000000000002274,0.020000000000000757,0.03999999999999204
673,saw,247.12,247.32,3,0.19999999999998863,0.06666666666666288,0.0800000000000125
674,it,247.4,247.46,2,0.060000000000002274,0.030000000000001137,0.9000000000000057
675,with,248.36,248.44,4,0.07999999999998408,0.01999999999999602,0.020000000000010232
676,no,248.46,248.58,2,0.12000000000000455,0.060000000000002274,0.07999999999998408
677,time,248.66,248.9,4,0.2400000000000091,0.060000000000002274,0.47999999999998977
678,so,249.38,249.46,2,0.0800000000000125,0.04000000000000625,0.03999999999999204
679,i,249.5,249.54,1,0.03999999999999204,0.03999999999999204,0.060000000000002274
680,try,249.6,249.72,3,0.12000000000000455,0.040000000000001514,0.4199999999999875
681,to,250.14,250.2,2,0.060000000000002274,0.030000000000001137,0.060000000000002274
682,go,250.26,250.36,2,0.10000000000002274,0.05000000000001137,0.11999999999997613
683,home,250.48,250.64,4,0.1599999999999966,0.03999999999999915,0.700000000000017
684,grab,251.34,251.56,4,0.21999999999999886,0.054999999999999716,0.03999999999999204
685,that,251.6,251.8,4,0.20000000000001705,0.05000000000000426,0.2599999999999909
686,rivers,252.06,252.34,6,0.28000000000000114,0.046666666666666856,0.020000000000010232
687,cuba,252.36,252.66,4,0.29999999999998295,0.07499999999999574,0.03999999999999204
688,from,252.7,252.88,4,0.18000000000000682,0.045000000000001705,0.03999999999999204
689,there,252.92,253.1,5,0.18000000000000682,0.036000000000001364,0.0800000000000125
690,your,253.18,253.3,4,0.12000000000000455,0.030000000000001137,0.03999999999999204
691,books,253.34,253.58,5,0.2400000000000091,0.04800000000000182,0.09999999999999432
692,offer,253.68,253.86,5,0.18000000000000682,0.036000000000001364,0.1599999999999966
693,out,254.02,254.16,3,0.13999999999998636,0.04666666666666212,0.09999999999999432
694,by,254.26,254.42,2,0.1599999999999966,0.0799999999999983,0.0800000000000125
695,one,254.5,254.76,3,0.2599999999999909,0.08666666666666363,0.30000000000001137
696,and,255.06,255.16,3,0.09999999999999432,0.03333333333333144,0.060000000000002274
697,start,255.22,255.46,5,0.2400000000000091,0.04800000000000182,0.060000000000002274
698,solving,255.52,255.92,7,0.39999999999997726,0.057142857142853894,0.020000000000010232
699,it,255.94,256.02,2,0.07999999999998408,0.03999999999999204,0.040000000000020464
700,today,256.06,256.32,5,0.2599999999999909,0.05199999999999818,1.0199999999999818
701,and,257.34,257.52,3,0.18000000000000682,0.060000000000002274,0.060000000000002274
702,now,257.58,257.74,3,0.160000000000025,0.05333333333334167,0.07999999999998408
703,i'm,257.82,257.96,3,0.13999999999998636,0.04666666666666212,0.28000000000002956
704,even,258.24,258.42,4,0.18000000000000682,0.045000000000001705,0.12000000000000455
705,open,258.54,258.84,4,0.2999999999999545,0.07499999999998863,0.36000000000001364
706,for,259.2,259.3,3,0.10000000000002274,0.03333333333334091,0.12000000000000455
707,questions,259.42,260.0,9,0.5799999999999841,0.06444444444444268,0.5600000000000023
708,open,260.56,260.84,4,0.2799999999999727,0.06999999999999318,0.0
709,there,260.84,260.96,5,0.12000000000000455,0.02400000000000091,0.5
710,too,261.46,261.56,3,0.10000000000002274,0.03333333333334091,0.12000000000000455
711,long,261.68,261.86,4,0.18000000000000682,0.045000000000001705,0.8799999999999955
712,oh,262.74,262.82,2,0.07999999999998408,0.03999999999999204,0.12000000000000455
713,wow,262.94,263.18,3,0.2400000000000091,0.08000000000000303,1.0400000000000205
714,okay,264.22,264.48,4,0.2599999999999909,0.06499999999999773,1.1399999999999864
715,what,265.62,265.78,4,0.15999999999996817,0.03999999999999204,0.12000000000000455
716,like,265.9,266.04,4,0.1400000000000432,0.0350000000000108,0.060000000000002274
717,how,266.1,266.28,3,0.17999999999994998,0.059999999999983324,0.2400000000000091
718,what,266.52,266.64,4,0.12000000000000455,0.030000000000001137,0.020000000000038654
719,could,266.66,266.76,5,0.0999999999999659,0.01999999999999318,0.040000000000020464
720,suffer,266.8,267.08,6,0.2799999999999727,0.04666666666666212,0.020000000000038654
721,is,267.1,267.14,2,0.03999999999996362,0.01999999999998181,0.020000000000038654
722,this,267.16,267.26,4,0.0999999999999659,0.024999999999991473,0.040000000000020464
723,talking,267.3,267.54,7,0.2400000000000091,0.034285714285715585,0.0
724,about,267.54,267.7,5,0.15999999999996817,0.03199999999999363,0.12000000000000455
725,software,267.82,268.16,8,0.34000000000003183,0.04250000000000398,0.47999999999996135
726,a,268.64,268.72,1,0.08000000000004093,0.08000000000004093,0.05999999999994543
727,twenty,268.78,269.06,6,0.28000000000002956,0.046666666666671595,0.07999999999998408
728,point,269.14,269.3,5,0.160000000000025,0.032000000000005004,0.0999999999999659
729,seven,269.4,269.66,5,0.26000000000004775,0.05200000000000955,0.060000000000002274
730,seconds,269.72,270.16,7,0.4399999999999977,0.06285714285714253,3.1999999999999886
731,is,273.36,273.46,2,0.0999999999999659,0.04999999999998295,0.040000000000020464
732,like,273.5,273.64,4,0.13999999999998636,0.03499999999999659,0.060000000000002274
733,forty,273.7,273.98,5,0.28000000000002956,0.05600000000000591,0.07999999999998408
734,seconds,274.06,274.48,7,0.4200000000000159,0.060000000000002274,1.4399999999999977
735,so,275.92,276.12,2,0.19999999999998863,0.09999999999999432,2.579999999999984
736,how,278.7,278.86,3,0.160000000000025,0.05333333333334167,0.03999999999996362
737,i,278.9,278.96,1,0.060000000000002274,0.060000000000002274,0.040000000000020464
738,don't,279.0,279.14,5,0.13999999999998636,0.02799999999999727,0.060000000000002274
739,think,279.2,279.38,5,0.18000000000000682,0.036000000000001364,0.040000000000020464
740,it,279.42,279.46,2,0.03999999999996362,0.01999999999998181,0.040000000000020464
741,would,279.5,279.56,5,0.060000000000002274,0.012000000000000455,0.040000000000020464
742,be,279.6,279.68,2,0.07999999999998408,0.03999999999999204,0.5
743,good,280.18,280.4,4,0.21999999999997044,0.05499999999999261,2.740000000000009
744,yeah,283.14,283.36,4,0.22000000000002728,0.05500000000000682,0.339999999999975
745,i,283.7,283.76,1,0.060000000000002274,0.060000000000002274,0.040000000000020464
746,was,283.8,283.88,3,0.07999999999998408,0.02666666666666136,0.01999999999998181
747,going,283.9,284.04,5,0.1400000000000432,0.02800000000000864,0.0
748,to,284.04,284.08,2,0.03999999999996362,0.01999999999998181,0.060000000000002274
749,have,284.14,284.22,4,0.08000000000004093,0.020000000000010232,0.01999999999998181
750,a,284.24,284.28,1,0.03999999999996362,0.03999999999996362,0.060000000000002274
751,hand,284.34,284.56,4,0.22000000000002728,0.05500000000000682,0.040000000000020464
752,injury,284.6,284.92,6,0.3199999999999932,0.0533333333333322,0.060000000000002274
753,so,284.98,285.1,2,0.12000000000000455,0.060000000000002274,0.060000000000002274
754,i,285.16,285.16,1,0.0,0.0,0.0
755,was,285.16,285.26,3,0.0999999999999659,0.03333333333332197,0.040000000000020464
756,just,285.3,285.44,4,0.13999999999998636,0.03499999999999659,0.040000000000020464
757,doing,285.48,285.68,5,0.19999999999998863,0.039999999999997725,0.0
758,it,285.68,285.74,2,0.060000000000002274,0.030000000000001137,0.03999999999996362
759,for,285.78,285.86,3,0.08000000000004093,0.02666666666668031,0.07999999999998408
760,therapy,285.94,286.34,7,0.39999999999997726,0.057142857142853894,0.36000000000001364
761,i'd,286.7,286.82,3,0.12000000000000455,0.040000000000001514,0.060000000000002274
762,be,286.88,286.96,2,0.07999999999998408,0.03999999999999204,0.08000000000004093
763,faster,287.04,287.46,6,0.4199999999999591,0.06999999999999318,0.060000000000002274
764,if,287.52,287.6,2,0.08000000000004093,0.040000000000020464,0.07999999999998408
765,my,287.68,287.76,2,0.07999999999998408,0.03999999999999204,0.060000000000002274
766,hand,287.82,288.04,4,0.22000000000002728,0.05500000000000682,0.060000000000002274
767,i,288.1,288.16,1,0.060000000000002274,0.060000000000002274,0.060000000000002274
768,have,288.22,288.3,4,0.07999999999998408,0.01999999999999602,0.07999999999998408
769,sort,288.38,288.54,4,0.160000000000025,0.04000000000000625,0.0
770,of,288.54,288.54,2,0.0,0.0,0.21999999999997044
771,like,288.76,288.9,4,0.13999999999998636,0.03499999999999659,0.020000000000038654
772,a,288.92,288.98,1,0.060000000000002274,0.060000000000002274,0.03999999999996362
773,little,289.02,289.2,6,0.18000000000000682,0.030000000000001137,0.07999999999998408
774,gifty,289.28,289.54,5,0.26000000000004775,0.05200000000000955,0.060000000000002274
775,hand,289.6,289.8,4,0.19999999999998863,0.04999999999999716,0.03999999999996362
776,sort,289.84,290.06,4,0.22000000000002728,0.05500000000000682,0.0
777,of,290.06,290.14,2,0.07999999999998408,0.03999999999999204,1.0200000000000387
778,i'd,291.16,291.34,3,0.17999999999994998,0.059999999999983324,0.020000000000038654
779,be,291.36,291.42,2,0.060000000000002274,0.030000000000001137,0.07999999999998408
780,faster,291.5,291.98,6,0.4800000000000182,0.08000000000000303,0.060000000000002274
781,if,292.04,292.12,2,0.07999999999998408,0.03999999999999204,0.5
782,that,292.62,292.76,4,0.13999999999998636,0.03499999999999659,0.040000000000020464
783,works,292.8,292.96,5,0.15999999999996817,0.03199999999999363,0.040000000000020464
784,better,293.0,293.24,6,0.2400000000000091,0.040000000000001514,0.19999999999998863
785,yeah,293.44,293.66,4,0.22000000000002728,0.05500000000000682,0.8599999999999568
786,mm-hmm,294.52,294.52,6,0.0,0.0,0.4000000000000341
787,have,294.92,295.06,4,0.13999999999998636,0.03499999999999659,0.040000000000020464
788,you,295.1,295.16,3,0.060000000000002274,0.020000000000000757,0.03999999999996362
789,ever,295.2,295.4,4,0.19999999999998863,0.04999999999999716,0.060000000000002274
790,been,295.46,295.58,4,0.12000000000000455,0.030000000000001137,0.040000000000020464
791,in,295.62,295.7,2,0.07999999999998408,0.03999999999999204,0.040000000000020464
792,a,295.74,295.78,1,0.03999999999996362,0.03999999999996362,0.060000000000002274
793,rubies,295.84,296.24,6,0.4000000000000341,0.06666666666667236,0.07999999999998408
794,cute,296.32,296.6,4,0.28000000000002956,0.07000000000000739,0.07999999999998408
795,competition,296.68,297.26,11,0.5799999999999841,0.052727272727271284,0.19999999999998863
796,no,297.46,297.64,2,0.18000000000000682,0.09000000000000341,0.2599999999999909
797,no,297.9,298.0,2,0.10000000000002274,0.05000000000001137,0.07999999999998408
798,those,298.08,298.26,5,0.18000000000000682,0.036000000000001364,0.01999999999998181
799,guys,298.28,298.5,4,0.22000000000002728,0.05500000000000682,0.0
800,are,298.5,298.6,3,0.10000000000002274,0.03333333333334091,0.03999999999996362
801,good,298.64,298.84,4,0.19999999999998863,0.04999999999999716,0.040000000000020464
802,like,298.88,299.02,4,0.13999999999998636,0.03499999999999659,0.040000000000020464
803,the,299.06,299.18,3,0.12000000000000455,0.040000000000001514,0.37999999999999545
804,the,299.56,299.62,3,0.060000000000002274,0.020000000000000757,0.07999999999998408
805,fastest,299.7,300.08,7,0.37999999999999545,0.05428571428571364,0.040000000000020464
806,time,300.12,300.32,4,0.19999999999998863,0.04999999999999716,0.040000000000020464
807,is,300.36,300.44,2,0.07999999999998408,0.03999999999999204,0.040000000000020464
808,five,300.48,300.7,4,0.21999999999997044,0.05499999999999261,0.2599999999999909
809,point,300.96,301.24,5,0.28000000000002956,0.05600000000000591,0.12000000000000455
810,five,301.36,301.58,4,0.21999999999997044,0.05499999999999261,0.040000000000020464
811,five,301.62,301.8,4,0.18000000000000682,0.045000000000001705,0.060000000000002274
812,seconds,301.86,302.24,7,0.37999999999999545,0.05428571428571364,0.7199999999999704
813,yeah,302.96,303.18,4,0.22000000000002728,0.05500000000000682,8.699999999999989
814,yeah,311.88,312.08,4,0.19999999999998863,0.04999999999999716,0.08000000000004093
815,i,312.16,312.18,1,0.01999999999998181,0.01999999999998181,0.040000000000020464
816,used,312.22,312.36,4,0.13999999999998636,0.03499999999999659,0.0
817,to,312.36,312.42,2,0.060000000000002274,0.030000000000001137,0.060000000000002274
818,take,312.48,312.66,4,0.18000000000000682,0.045000000000001705,0.0
819,it,312.66,312.74,2,0.07999999999998408,0.03999999999999204,0.01999999999998181
820,apart,312.76,313.12,5,0.36000000000001364,0.07200000000000273,5.480000000000018
821,from,318.6,318.76,4,0.15999999999996817,0.03999999999999204,0.13999999999998636
822,the,318.9,318.96,3,0.060000000000002274,0.020000000000000757,0.060000000000002274
823,solvent,319.02,319.42,7,0.4000000000000341,0.05714285714286201,1.4399999999999977
824,no,320.86,321.14,2,0.2799999999999727,0.13999999999998636,1.0
825,i,322.14,322.22,1,0.08000000000004093,0.08000000000004093,0.05999999999994543
826,can,322.28,322.38,3,0.10000000000002274,0.03333333333334091,0.060000000000002274
827,do,322.44,322.58,2,0.13999999999998636,0.06999999999999318,0.28000000000002956
828,it,322.86,322.96,2,0.0999999999999659,0.04999999999998295,0.08000000000004093
829,if,323.04,323.18,2,0.13999999999998636,0.06999999999999318,0.01999999999998181
830,i,323.2,323.26,1,0.060000000000002274,0.060000000000002274,0.10000000000002274
831,see,323.36,323.48,3,0.12000000000000455,0.040000000000001514,0.03999999999996362
832,a,323.52,323.56,1,0.040000000000020464,0.040000000000020464,0.060000000000002274
833,pattern,323.62,324.12,7,0.5,0.07142857142857142,0.30000000000001137
834,i,324.42,324.48,1,0.060000000000002274,0.060000000000002274,0.07999999999998408
835,can,324.56,324.66,3,0.10000000000002274,0.03333333333334091,0.07999999999998408
836,do,324.74,324.9,2,0.15999999999996817,0.07999999999998408,1.0400000000000205
837,i,325.94,326.04,1,0.10000000000002274,0.10000000000002274,0.03999999999996362
838,have,326.08,326.12,4,0.040000000000020464,0.010000000000005116,0.01999999999998181
839,a,326.14,326.2,1,0.060000000000002274,0.060000000000002274,0.040000000000020464
840,few,326.24,326.42,3,0.18000000000000682,0.060000000000002274,0.07999999999998408
841,moves,326.5,326.9,5,0.39999999999997726,0.07999999999999545,0.18000000000000682
842,without,327.08,327.42,7,0.34000000000003183,0.048571428571433116,0.03999999999996362
843,looking,327.46,327.76,7,0.30000000000001137,0.04285714285714448,0.01999999999998181
844,at,327.78,327.98,2,0.20000000000004547,0.10000000000002274,0.01999999999998181
845,it,328.0,328.14,2,0.13999999999998636,0.06999999999999318,0.5400000000000205
846,but,328.68,328.8,3,0.12000000000000455,0.040000000000001514,0.339999999999975
847,no,329.14,329.3,2,0.160000000000025,0.0800000000000125,0.13999999999998636
848,i,329.44,329.5,1,0.060000000000002274,0.060000000000002274,0.13999999999998636
849,it,329.64,329.8,2,0.160000000000025,0.0800000000000125,0.12000000000000455
850,some,329.92,330.12,4,0.19999999999998863,0.04999999999999716,0.040000000000020464
851,people,330.16,330.38,6,0.21999999999997044,0.03666666666666174,0.07999999999998408
852,can,330.46,330.58,3,0.12000000000000455,0.040000000000001514,0.060000000000002274
853,do,330.64,330.74,2,0.10000000000002274,0.05000000000001137,0.07999999999998408
854,that,330.82,330.94,4,0.12000000000000455,0.030000000000001137,0.10000000000002274
855,the,331.04,331.1,3,0.060000000000002274,0.020000000000000757,0.060000000000002274
856,whole,331.16,331.3,5,0.13999999999998636,0.02799999999999727,0.060000000000002274
857,use,331.36,331.54,3,0.18000000000000682,0.060000000000002274,0.03999999999996362
858,like,331.58,331.72,4,0.1400000000000432,0.0350000000000108,0.01999999999998181
859,that,331.74,331.9,4,0.15999999999996817,0.03999999999999204,1.0600000000000023
860,they,332.96,333.06,4,0.10000000000002274,0.025000000000005684,0.10000000000002274
861,have,333.16,333.22,4,0.060000000000002274,0.015000000000000568,0.03999999999996362
862,done,333.26,333.34,4,0.07999999999998408,0.01999999999999602,0.040000000000020464
863,anymore,333.38,333.66,7,0.28000000000002956,0.04000000000000422,0.03999999999996362
864,like,333.7,333.76,4,0.060000000000002274,0.015000000000000568,0.060000000000002274
865,complex,333.82,334.22,7,0.4000000000000341,0.05714285714286201,0.4199999999999591
866,lately,334.64,334.86,6,0.22000000000002728,0.03666666666667121,0.12000000000000455
867,like,334.98,335.08,4,0.0999999999999659,0.024999999999991473,0.020000000000038654
868,a,335.1,335.14,1,0.03999999999996362,0.03999999999996362,0.040000000000020464
869,five,335.18,335.38,4,0.19999999999998863,0.04999999999999716,0.060000000000002274
870,i,335.44,335.5,1,0.060000000000002274,0.060000000000002274,0.10000000000002274
871,five,335.6,335.86,4,0.2599999999999909,0.06499999999999773,0.13999999999998636
872,yeah,336.0,336.3,4,0.30000000000001137,0.07500000000000284,0.19999999999998863
873,that's,336.5,336.72,6,0.22000000000002728,0.03666666666667121,0.05999999999994543
874,the,336.78,336.84,3,0.060000000000002274,0.020000000000000757,0.08000000000004093
875,eyes,336.92,337.18,4,0.2599999999999909,0.06499999999999773,0.040000000000020464
876,i've,337.22,337.34,4,0.1199999999999477,0.029999999999986926,0.020000000000038654
877,done,337.36,337.48,4,0.12000000000000455,0.030000000000001137,0.03999999999996362
878,as,337.52,337.6,2,0.08000000000004093,0.040000000000020464,0.03999999999996362
879,a,337.64,337.68,1,0.040000000000020464,0.040000000000020464,0.060000000000002274
880,five,337.74,337.92,4,0.18000000000000682,0.045000000000001705,0.01999999999998181
881,by,337.94,338.04,2,0.10000000000002274,0.05000000000001137,0.060000000000002274
882,five,338.1,338.46,4,0.3599999999999568,0.0899999999999892,0.6800000000000068
883,out,339.14,339.28,3,0.13999999999998636,0.04666666666666212,0.0
884,of,339.28,339.38,2,0.10000000000002274,0.05000000000001137,0.37999999999999545
885,four,339.76,339.94,4,0.18000000000000682,0.045000000000001705,0.040000000000020464
886,by,339.98,340.1,2,0.12000000000000455,0.060000000000002274,0.07999999999998408
887,four,340.18,340.36,4,0.18000000000000682,0.045000000000001705,0.060000000000002274
888,as,340.42,340.52,2,0.0999999999999659,0.04999999999998295,0.040000000000020464
889,well,340.56,340.84,4,0.2799999999999727,0.06999999999999318,0.3800000000000523
890,the,341.22,341.26,3,0.03999999999996362,0.013333333333321207,0.07999999999998408
891,four,341.34,341.48,4,0.1400000000000432,0.0350000000000108,0.03999999999996362
892,by,341.52,341.64,2,0.12000000000000455,0.060000000000002274,0.08000000000004093
893,four,341.72,341.92,4,0.19999999999998863,0.04999999999999716,0.01999999999998181
894,is,341.94,342.0,2,0.060000000000002274,0.030000000000001137,0.040000000000020464
895,a,342.04,342.12,1,0.07999999999998408,0.07999999999998408,0.12000000000000455
896,different,342.24,342.54,9,0.30000000000001137,0.033333333333334596,0.15999999999996817
897,five,342.7,342.88,4,0.18000000000000682,0.045000000000001705,0.040000000000020464
898,five,342.92,343.06,4,0.13999999999998636,0.03499999999999659,0.01999999999998181
899,five,343.08,343.3,4,0.22000000000002728,0.05500000000000682,0.01999999999998181
900,to,343.32,343.38,2,0.060000000000002274,0.030000000000001137,0.040000000000020464
901,center,343.42,343.66,6,0.2400000000000091,0.040000000000001514,0.03999999999996362
902,pieces,343.7,344.02,6,0.3199999999999932,0.0533333333333322,0.040000000000020464
903,like,344.06,344.18,4,0.12000000000000455,0.030000000000001137,0.01999999999998181
904,a,344.2,344.24,1,0.040000000000020464,0.040000000000020464,0.03999999999996362
905,three,344.28,344.42,5,0.1400000000000432,0.02800000000000864,0.03999999999996362
906,by,344.46,344.56,2,0.10000000000002274,0.05000000000001137,0.060000000000002274
907,three,344.62,344.76,5,0.13999999999998636,0.02799999999999727,0.10000000000002274
908,they,344.86,344.94,4,0.07999999999998408,0.01999999999999602,0.040000000000020464
909,don't,344.98,345.16,5,0.18000000000000682,0.036000000000001364,0.03999999999996362
910,move,345.2,345.5,4,0.30000000000001137,0.07500000000000284,0.4200000000000159
911,like,345.92,346.1,4,0.18000000000000682,0.045000000000001705,0.3599999999999568
912,this,346.46,346.6,4,0.1400000000000432,0.0350000000000108,0.060000000000002274
913,piece,346.66,346.86,5,0.19999999999998863,0.039999999999997725,0.03999999999996362
914,can,346.9,346.98,3,0.08000000000004093,0.02666666666668031,0.03999999999996362
915,never,347.02,347.22,5,0.20000000000004547,0.0400000000000091,0.05999999999994543
916,be,347.28,347.38,2,0.10000000000002274,0.05000000000001137,0.36000000000001364
917,turned,347.74,348.06,6,0.3199999999999932,0.0533333333333322,0.07999999999998408
918,you,348.14,348.2,3,0.060000000000002274,0.020000000000000757,0.040000000000020464
919,know,348.24,348.34,4,0.0999999999999659,0.024999999999991473,0.060000000000002274
920,it's,348.4,348.56,4,0.160000000000025,0.04000000000000625,0.07999999999998408
921,it's,348.64,348.8,4,0.160000000000025,0.04000000000000625,0.01999999999998181
922,always,348.82,349.04,6,0.22000000000002728,0.03666666666667121,0.03999999999996362
923,going,349.08,349.2,5,0.12000000000000455,0.02400000000000091,0.0
924,to,349.2,349.24,2,0.040000000000020464,0.020000000000010232,0.03999999999996362
925,stay,349.28,349.46,4,0.18000000000000682,0.045000000000001705,0.060000000000002274
926,there,349.52,349.68,5,0.160000000000025,0.032000000000005004,0.339999999999975
927,well,350.02,350.18,4,0.160000000000025,0.04000000000000625,0.060000000000002274
928,for,350.24,350.42,3,0.18000000000000682,0.060000000000002274,0.060000000000002274
929,by,350.48,350.62,2,0.13999999999998636,0.06999999999999318,0.10000000000002274
930,for,350.72,351.0,3,0.2799999999999727,0.09333333333332423,0.2599999999999909
931,the,351.26,351.32,3,0.060000000000002274,0.020000000000000757,0.060000000000002274
932,center,351.38,351.66,6,0.28000000000002956,0.046666666666671595,0.01999999999998181
933,pieces,351.68,352.0,6,0.3199999999999932,0.0533333333333322,0.040000000000020464
934,can,352.04,352.26,3,0.21999999999997044,0.07333333333332348,0.07999999999998408
935,move,352.34,352.58,4,0.2400000000000091,0.060000000000002274,0.28000000000002956
936,so,352.86,352.94,2,0.07999999999998408,0.03999999999999204,0.01999999999998181
937,you,352.96,353.02,3,0.060000000000002274,0.020000000000000757,0.040000000000020464
938,have,353.06,353.14,4,0.07999999999998408,0.01999999999999602,0.020000000000038654
939,to,353.16,353.22,2,0.060000000000002274,0.030000000000001137,0.05999999999994543
940,first,353.28,353.48,5,0.20000000000004547,0.0400000000000091,0.03999999999996362
941,get,353.52,353.62,3,0.10000000000002274,0.03333333333334091,0.01999999999998181
942,the,353.64,353.72,3,0.08000000000004093,0.02666666666668031,0.03999999999996362
943,center,353.76,354.02,6,0.2599999999999909,0.043333333333331815,0.020000000000038654
944,pieces,354.04,354.4,6,0.3599999999999568,0.0599999999999928,0.040000000000020464
945,right,354.44,354.7,5,0.2599999999999909,0.05199999999999818,0.18000000000000682
946,just,354.88,355.06,4,0.18000000000000682,0.045000000000001705,0.5199999999999818
947,more,355.58,355.74,4,0.160000000000025,0.04000000000000625,0.03999999999996362
948,difficult,355.78,356.2,9,0.4200000000000159,0.04666666666666844,0.060000000000002274
949,actually,356.26,356.48,8,0.22000000000002728,0.02750000000000341,1.079999999999984
950,any,357.56,357.72,3,0.160000000000025,0.05333333333334167,0.01999999999998181
951,other,357.74,357.88,5,0.13999999999998636,0.02799999999999727,0.060000000000002274
952,questions,357.94,358.32,9,0.37999999999999545,0.04222222222222172,3.680000000000007
953,yeah,362.0,362.0,4,0.0,0.0,
