,Word,Start,End,length,time_spent,std_time_spent,post_space,time
0,does,1.08,1.24,4,0.1599999999999999,0.03999999999999997,0.020000000000000018,1.1600000000000001
1,anyone,1.26,1.58,6,0.32,0.05333333333333334,0.07999999999999985,1.42
2,not,1.66,1.82,3,0.1600000000000001,0.053333333333333365,0.040000000000000036,1.74
3,know,1.86,1.98,4,0.1199999999999998,0.02999999999999995,0.040000000000000036,1.92
4,what,2.02,2.16,4,0.1400000000000001,0.035000000000000024,0.040000000000000036,2.09
5,this,2.2,2.38,4,0.1799999999999997,0.04499999999999992,0.020000000000000018,2.29
6,is,2.4,2.64,2,0.2400000000000002,0.1200000000000001,1.2199999999999998,2.52
7,yeah,3.86,4.02,4,0.1599999999999997,0.039999999999999925,0.040000000000000036,3.9399999999999995
8,it's,4.06,4.16,4,0.1000000000000005,0.025000000000000126,0.019999999999999574,4.109999999999999
9,a,4.18,4.22,1,0.04,0.04,0.040000000000000036,4.199999999999999
10,reference,4.26,4.62,9,0.3600000000000003,0.040000000000000036,0.05999999999999961,4.4399999999999995
11,cute,4.68,4.9,4,0.2200000000000006,0.05500000000000015,0.41999999999999993,4.79
12,i've,5.32,5.5,4,0.1799999999999997,0.04499999999999992,0.040000000000000036,5.41
13,met,5.54,5.68,3,0.1399999999999996,0.04666666666666653,0.040000000000000036,5.609999999999999
14,some,5.72,5.84,4,0.1200000000000001,0.030000000000000027,0.020000000000000462,5.779999999999999
15,of,5.86,5.92,2,0.0599999999999996,0.0299999999999998,0.0600000000000005,5.890000000000001
16,you,5.98,6.04,3,0.0599999999999996,0.01999999999999987,0.040000000000000036,6.01
17,probably,6.08,6.32,8,0.2400000000000002,0.030000000000000027,0.040000000000000036,6.2
18,have,6.36,6.48,4,0.1200000000000001,0.030000000000000027,0.03999999999999915,6.42
19,one,6.52,6.64,3,0.1200000000000001,0.040000000000000036,0.10000000000000053,6.58
20,homes,6.74,7.02,5,0.2799999999999993,0.05599999999999986,0.020000000000000462,6.88
21,and,7.04,7.08,3,0.04,0.013333333333333334,0.08000000000000007,7.0600000000000005
22,on,7.16,7.24,2,0.08,0.04,0.040000000000000036,7.2
23,a,7.28,7.32,1,0.04,0.04,0.05999999999999961,7.300000000000001
24,bookshop,7.38,7.86,8,0.4800000000000004,0.06000000000000005,0.3600000000000003,7.62
25,it,8.22,8.26,2,0.0399999999999991,0.01999999999999955,0.040000000000000924,8.24
26,doesn't,8.3,8.54,7,0.2399999999999984,0.03428571428571406,0.0600000000000005,8.42
27,look,8.6,8.76,4,0.1600000000000001,0.04000000000000002,0.019999999999999574,8.68
28,like,8.78,8.96,4,0.1800000000000015,0.04500000000000037,0.03999999999999915,8.870000000000001
29,this,9.0,9.22,4,0.2200000000000006,0.05500000000000015,0.4599999999999991,9.11
30,i,9.68,9.78,1,0.0999999999999996,0.0999999999999996,0.120000000000001,9.73
31,looks,9.9,10.1,5,0.1999999999999993,0.039999999999999855,0.0600000000000005,10.0
32,up,10.16,10.26,2,0.0999999999999996,0.0499999999999998,0.0600000000000005,10.21
33,more,10.32,10.48,4,0.1600000000000001,0.04000000000000002,0.08000000000000007,10.4
34,like,10.56,10.82,4,0.2599999999999998,0.06499999999999995,0.4399999999999995,10.690000000000001
35,like,11.26,11.44,4,0.1799999999999997,0.04499999999999992,0.02000000000000135,11.35
36,this,11.46,11.7,4,0.2399999999999984,0.0599999999999996,0.3000000000000007,11.58
37,i,12.0,12.08,1,0.08,0.08,0.09999999999999964,12.04
38,have,12.18,12.34,4,0.1600000000000001,0.04000000000000002,0.08000000000000007,12.26
39,for,12.42,12.5,3,0.08,0.02666666666666667,0.08000000000000007,12.46
40,years,12.58,12.86,5,0.2799999999999993,0.05599999999999986,0.7400000000000002,12.719999999999999
41,well,13.6,13.76,4,0.1600000000000001,0.04000000000000002,0.08000000000000007,13.68
42,i,13.84,13.9,1,0.0600000000000005,0.0600000000000005,0.08000000000000007,13.870000000000001
43,have,13.98,14.1,4,0.1199999999999992,0.0299999999999998,0.0600000000000005,14.04
44,been,14.16,14.28,4,0.1199999999999992,0.0299999999999998,0.040000000000000924,14.219999999999999
45,some,14.32,14.52,4,0.1999999999999993,0.04999999999999982,0.0,14.42
46,of,14.52,14.54,2,0.0199999999999995,0.00999999999999975,0.040000000000000924,14.53
47,the,14.58,14.64,3,0.0600000000000005,0.020000000000000167,0.17999999999999972,14.61
48,rescue,14.82,15.16,6,0.3399999999999998,0.056666666666666636,0.03999999999999915,14.99
49,for,15.2,15.3,3,0.1000000000000014,0.0333333333333338,0.08000000000000007,15.25
50,over,15.38,15.62,4,0.2399999999999984,0.0599999999999996,0.08000000000000007,15.5
51,four,15.7,15.9,4,0.200000000000001,0.05000000000000025,0.08000000000000007,15.8
52,years,15.98,16.32,5,0.3399999999999998,0.06799999999999996,0.14000000000000057,16.15
53,and,16.46,16.64,3,0.1799999999999997,0.059999999999999894,0.03999999999999915,16.55
54,in,16.68,16.76,2,0.0800000000000018,0.0400000000000009,0.03999999999999915,16.72
55,that,16.8,16.94,4,0.1400000000000005,0.03500000000000013,0.03999999999999915,16.87
56,time,16.98,17.24,4,0.259999999999998,0.0649999999999995,0.0400000000000027,17.11
57,it,17.28,17.34,2,0.0599999999999987,0.02999999999999935,0.019999999999999574,17.310000000000002
58,solved,17.36,17.64,6,0.2800000000000011,0.04666666666666685,0.019999999999999574,17.5
59,it,17.66,17.74,2,0.0799999999999983,0.03999999999999915,0.060000000000002274,17.7
60,more,17.8,17.96,4,0.1600000000000001,0.04000000000000002,0.019999999999999574,17.880000000000003
61,than,17.98,18.06,4,0.0799999999999983,0.019999999999999574,0.060000000000002274,18.02
62,fifteen,18.12,18.46,7,0.3399999999999998,0.04857142857142854,0.05999999999999872,18.29
63,thousand,18.52,18.84,8,0.3200000000000003,0.040000000000000036,0.03999999999999915,18.68
64,times,18.88,19.24,5,0.3599999999999994,0.07199999999999987,1.8800000000000026,19.06
65,after,21.12,21.4,5,0.2799999999999976,0.055999999999999515,0.0400000000000027,21.259999999999998
66,my,21.44,21.52,2,0.0799999999999983,0.03999999999999915,0.03999999999999915,21.48
67,demonstration,21.56,22.2,13,0.6400000000000006,0.04923076923076927,0.10000000000000142,21.88
68,today,22.3,22.6,5,0.3000000000000007,0.060000000000000143,0.4599999999999973,22.450000000000003
69,are,23.06,23.18,3,0.120000000000001,0.040000000000000334,0.03999999999999915,23.119999999999997
70,you,23.22,23.26,3,0.0400000000000027,0.013333333333334233,0.03999999999999915,23.240000000000002
71,going,23.3,23.42,5,0.120000000000001,0.024000000000000198,0.0,23.36
72,to,23.42,23.46,2,0.0399999999999991,0.01999999999999955,0.03999999999999915,23.44
73,be,23.5,23.56,2,0.0599999999999987,0.02999999999999935,0.060000000000002274,23.53
74,able,23.62,23.76,4,0.1400000000000005,0.03500000000000013,0.0,23.69
75,to,23.76,23.78,2,0.0199999999999995,0.00999999999999975,0.05999999999999872,23.770000000000003
76,saw,23.84,24.04,3,0.1999999999999993,0.06666666666666643,0.03999999999999915,23.939999999999998
77,the,24.08,24.14,3,0.0600000000000022,0.020000000000000732,0.03999999999999915,24.11
78,river,24.18,24.42,5,0.240000000000002,0.048000000000000397,0.019999999999999574,24.3
79,skip,24.44,24.76,4,0.3200000000000003,0.08000000000000007,0.8199999999999967,24.6
80,no,25.58,25.72,2,0.1400000000000005,0.07000000000000026,0.14000000000000057,25.65
81,probably,25.86,26.06,8,0.1999999999999993,0.02499999999999991,0.060000000000002274,25.96
82,not,26.12,26.28,3,0.1600000000000001,0.053333333333333365,1.2999999999999972,26.200000000000003
83,for,27.58,27.66,3,0.0800000000000018,0.02666666666666727,0.05999999999999872,27.619999999999997
84,that,27.72,27.9,4,0.1799999999999997,0.04499999999999992,0.0400000000000027,27.81
85,is,27.94,28.04,2,0.0999999999999978,0.0499999999999989,0.03999999999999915,27.990000000000002
86,that,28.08,28.22,4,0.1400000000000005,0.03500000000000013,0.019999999999999574,28.15
87,it,28.24,28.32,2,0.0800000000000018,0.0400000000000009,0.03999999999999915,28.28
88,requires,28.36,28.8,8,0.4400000000000013,0.05500000000000016,0.03999999999999915,28.58
89,albert,28.84,29.16,6,0.3200000000000003,0.05333333333333338,0.8399999999999999,29.0
90,and,30.0,30.32,3,0.3200000000000003,0.10666666666666676,0.1999999999999993,30.16
91,unless,30.52,30.74,6,0.2199999999999988,0.036666666666666466,0.020000000000003126,30.63
92,you're,30.76,30.86,6,0.0999999999999978,0.0166666666666663,0.08000000000000185,30.810000000000002
93,math,30.94,31.18,4,0.2399999999999984,0.0599999999999996,0.05999999999999872,31.060000000000002
94,major,31.24,31.62,5,0.3800000000000025,0.0760000000000005,0.620000000000001,31.43
95,the,32.24,32.3,3,0.0599999999999951,0.019999999999998366,0.060000000000002274,32.269999999999996
96,one,32.36,32.46,3,0.1000000000000014,0.0333333333333338,0.060000000000002274,32.41
97,like,32.52,32.66,4,0.1399999999999934,0.03499999999999835,0.04000000000000625,32.59
98,somewhere,32.7,32.98,9,0.279999999999994,0.03111111111111044,0.04000000000000625,32.84
99,to,33.02,33.06,2,0.0399999999999991,0.01999999999999955,0.05999999999999517,33.040000000000006
100,albert,33.12,33.5,6,0.3800000000000025,0.06333333333333376,0.5399999999999991,33.31
101,but,34.04,34.18,3,0.1400000000000005,0.046666666666666835,0.060000000000002274,34.11
102,in,34.24,34.4,2,0.1599999999999966,0.0799999999999983,0.21999999999999886,34.32
103,regard,34.62,34.9,6,0.2800000000000011,0.04666666666666685,0.020000000000003126,34.76
104,to,34.92,34.98,2,0.0599999999999951,0.02999999999999755,0.04000000000000625,34.95
105,the,35.02,35.06,3,0.0399999999999991,0.013333333333333032,0.05999999999999517,35.040000000000006
106,roof,35.12,35.4,4,0.2800000000000011,0.07000000000000027,0.020000000000003126,35.26
107,skew,35.42,35.74,4,0.3200000000000003,0.08000000000000007,0.29999999999999716,35.58
108,it's,36.04,36.24,4,0.2000000000000028,0.0500000000000007,0.1599999999999966,36.14
109,simply,36.4,36.74,6,0.3400000000000034,0.05666666666666723,0.17999999999999972,36.57
110,just,36.92,37.16,4,0.2399999999999948,0.0599999999999987,0.10000000000000142,37.04
111,a,37.26,37.34,1,0.0800000000000054,0.0800000000000054,0.05999999999999517,37.3
112,series,37.4,37.78,6,0.3800000000000025,0.06333333333333376,0.01999999999999602,37.59
113,of,37.8,37.88,2,0.0800000000000054,0.0400000000000027,0.05999999999999517,37.84
114,moves,37.94,38.22,5,0.2800000000000011,0.056000000000000216,0.020000000000003126,38.08
115,in,38.24,38.32,2,0.0799999999999983,0.03999999999999915,0.03999999999999915,38.28
116,terms,38.36,38.64,5,0.2800000000000011,0.056000000000000216,0.03999999999999915,38.5
117,that,38.68,38.78,4,0.1000000000000014,0.02500000000000035,0.01999999999999602,38.730000000000004
118,you,38.8,38.86,3,0.0600000000000022,0.020000000000000732,0.060000000000002274,38.83
119,do,38.92,39.02,2,0.1000000000000014,0.0500000000000007,0.11999999999999744,38.97
120,on,39.14,39.28,2,0.1400000000000005,0.07000000000000026,0.060000000000002274,39.21
121,it,39.34,39.44,2,0.0999999999999943,0.04999999999999715,0.30000000000000426,39.39
122,that,39.74,39.84,4,0.1000000000000014,0.02500000000000035,0.03999999999999915,39.790000000000006
123,does,39.88,40.02,4,0.1400000000000005,0.03500000000000013,0.03999999999999915,39.95
124,not,40.06,40.22,3,0.1599999999999966,0.0533333333333322,0.10000000000000142,40.14
125,mess,40.32,40.52,4,0.2000000000000028,0.0500000000000007,0.01999999999999602,40.42
126,up,40.54,40.66,2,0.1199999999999974,0.0599999999999987,0.0800000000000054,40.599999999999994
127,previously,40.74,41.18,10,0.4399999999999977,0.043999999999999775,0.0799999999999983,40.96
128,solvies,41.26,41.78,7,0.5200000000000031,0.07428571428571473,0.759999999999998,41.519999999999996
129,behind,42.54,42.86,6,0.3200000000000003,0.05333333333333338,0.10000000000000142,42.7
130,me,42.96,43.06,2,0.1000000000000014,0.0500000000000007,0.4199999999999946,43.010000000000005
131,is,43.48,43.7,2,0.2200000000000059,0.11000000000000296,0.03999999999999915,43.59
132,a,43.74,43.8,1,0.0599999999999951,0.0599999999999951,0.0800000000000054,43.769999999999996
133,site,43.88,44.18,4,0.2999999999999971,0.07499999999999928,0.46000000000000085,44.03
134,that,44.64,44.84,4,0.2000000000000028,0.0500000000000007,0.21999999999999886,44.74
135,includes,45.06,45.48,8,0.4199999999999946,0.052499999999999325,0.0800000000000054,45.269999999999996
136,all,45.56,45.68,3,0.1199999999999974,0.039999999999999133,0.03999999999999915,45.620000000000005
137,the,45.72,45.76,3,0.0399999999999991,0.013333333333333032,0.03999999999999915,45.739999999999995
138,different,45.8,46.06,9,0.2600000000000051,0.028888888888889457,0.03999999999999915,45.93
139,algorithms,46.1,46.78,10,0.6799999999999997,0.06799999999999998,0.14000000000000057,46.44
140,it,46.92,47.02,2,0.1000000000000014,0.0500000000000007,0.03999999999999915,46.97
141,would,47.06,47.14,5,0.0799999999999983,0.01599999999999966,0.03999999999999915,47.1
142,take,47.18,47.34,4,0.1600000000000037,0.040000000000000924,0.05999999999999517,47.260000000000005
143,way,47.4,47.6,3,0.2000000000000028,0.0666666666666676,0.03999999999999915,47.5
144,too,47.64,47.72,3,0.0799999999999983,0.0266666666666661,0.060000000000002274,47.68
145,long,47.78,47.98,4,0.1999999999999957,0.04999999999999893,0.04000000000000625,47.879999999999995
146,for,48.02,48.1,3,0.0799999999999983,0.0266666666666661,0.03999999999999915,48.06
147,me,48.14,48.22,2,0.0799999999999983,0.03999999999999915,0.020000000000003126,48.18
148,to,48.24,48.32,2,0.0799999999999983,0.03999999999999915,0.060000000000002274,48.28
149,show,48.38,48.52,4,0.1400000000000005,0.03500000000000013,0.01999999999999602,48.45
150,you,48.54,48.62,3,0.0799999999999983,0.0266666666666661,0.10000000000000142,48.58
151,all,48.72,48.86,3,0.1400000000000005,0.046666666666666835,0.03999999999999915,48.79
152,the,48.9,48.96,3,0.0600000000000022,0.020000000000000732,0.03999999999999915,48.93
153,different,49.0,49.26,9,0.259999999999998,0.02888888888888867,0.0800000000000054,49.129999999999995
154,opera,49.34,49.64,5,0.2999999999999971,0.05999999999999942,0.03999999999999915,49.49
155,those,49.68,49.96,5,0.2800000000000011,0.056000000000000216,0.17999999999999972,49.82
156,to,50.14,50.2,2,0.0600000000000022,0.0300000000000011,0.0799999999999983,50.17
157,all,50.28,50.4,3,0.1199999999999974,0.039999999999999133,0.03999999999999915,50.34
158,the,50.44,50.46,3,0.0200000000000031,0.006666666666667699,0.03999999999999915,50.45
159,different,50.5,50.72,9,0.2199999999999988,0.02444444444444431,0.060000000000002274,50.61
160,patterns,50.78,51.28,8,0.5,0.0625,0.4399999999999977,51.03
161,so,51.72,51.82,2,0.1000000000000014,0.0500000000000007,0.0799999999999983,51.769999999999996
162,instead,51.9,52.28,7,0.3800000000000025,0.054285714285714645,0.03999999999999915,52.09
163,i,52.32,52.34,1,0.0200000000000031,0.0200000000000031,0.03999999999999915,52.33
164,want,52.38,52.48,4,0.0999999999999943,0.024999999999998575,0.0,52.43
165,to,52.48,52.52,2,0.0400000000000062,0.0200000000000031,0.03999999999999915,52.5
166,show,52.56,52.7,4,0.1400000000000005,0.03500000000000013,0.01999999999999602,52.63
167,you,52.72,52.78,3,0.0600000000000022,0.020000000000000732,0.03999999999999915,52.75
168,the,52.82,52.88,3,0.0600000000000022,0.020000000000000732,0.0799999999999983,52.85
169,process,52.96,53.54,7,0.5799999999999983,0.08285714285714262,0.10000000000000142,53.25
170,of,53.64,53.78,2,0.1400000000000005,0.07000000000000026,0.03999999999999915,53.71
171,something,53.82,54.1,9,0.2800000000000011,0.03111111111111123,0.0,53.96
172,that,54.1,54.16,4,0.0599999999999951,0.014999999999998775,0.18000000000000682,54.129999999999995
173,was,54.34,54.46,3,0.1199999999999974,0.039999999999999133,0.060000000000002274,54.400000000000006
174,cute,54.52,54.74,4,0.2199999999999988,0.0549999999999997,0.4799999999999969,54.63
175,so,55.22,55.3,2,0.0799999999999983,0.03999999999999915,0.04000000000000625,55.26
176,that,55.34,55.46,4,0.1199999999999974,0.02999999999999935,0.03999999999999915,55.400000000000006
177,you,55.5,55.54,3,0.0399999999999991,0.013333333333333032,0.03999999999999915,55.519999999999996
178,know,55.58,55.7,4,0.1200000000000045,0.030000000000001126,0.05999999999999517,55.64
179,we're,55.76,55.88,5,0.1200000000000045,0.024000000000000903,0.03999999999999915,55.82
180,to,55.92,55.98,2,0.0599999999999951,0.02999999999999755,0.060000000000002274,55.95
181,start,56.04,56.4,5,0.3599999999999994,0.07199999999999987,0.3200000000000003,56.22
182,and,56.72,56.8,3,0.0799999999999983,0.0266666666666661,0.04000000000000625,56.76
183,we're,56.84,56.98,5,0.1399999999999934,0.027999999999998682,0.04000000000000625,56.91
184,to,57.02,57.1,2,0.0799999999999983,0.03999999999999915,0.05999999999999517,57.06
185,end,57.16,57.5,3,0.3400000000000034,0.11333333333333447,0.5799999999999983,57.33
186,i,58.08,58.16,1,0.0799999999999983,0.0799999999999983,0.060000000000002274,58.12
187,would,58.22,58.3,5,0.0799999999999983,0.01599999999999966,0.04000000000000625,58.26
188,hope,58.34,58.5,4,0.1599999999999966,0.03999999999999915,0.03999999999999915,58.42
189,you,58.54,58.58,3,0.0399999999999991,0.013333333333333032,0.03999999999999915,58.56
190,know,58.62,58.76,4,0.1400000000000005,0.03500000000000013,0.03999999999999915,58.69
191,where,58.8,58.94,5,0.1400000000000005,0.0280000000000001,0.020000000000003126,58.87
192,to,58.96,59.04,2,0.0799999999999983,0.03999999999999915,0.0799999999999983,59.0
193,end,59.12,59.32,3,0.2000000000000028,0.0666666666666676,0.11999999999999744,59.22
194,that's,59.44,59.7,6,0.2600000000000051,0.04333333333333419,0.19999999999999574,59.57
195,when,59.9,60.04,4,0.1400000000000005,0.03500000000000013,0.020000000000003126,59.97
196,it,60.06,60.16,2,0.0999999999999943,0.04999999999999715,0.020000000000003126,60.11
197,solved,60.18,60.58,6,0.3999999999999986,0.06666666666666643,0.03999999999999915,60.379999999999995
198,you,60.62,60.68,3,0.0600000000000022,0.020000000000000732,0.020000000000003126,60.65
199,don't,60.7,60.8,5,0.0999999999999943,0.01999999999999886,0.020000000000003126,60.75
200,want,60.82,60.96,4,0.1400000000000005,0.03500000000000013,0.0,60.89
201,to,60.96,61.0,2,0.0399999999999991,0.01999999999999955,0.020000000000003126,60.980000000000004
202,go,61.02,61.08,2,0.0599999999999951,0.02999999999999755,0.060000000000002274,61.05
203,further,61.14,61.4,7,0.259999999999998,0.03714285714285686,0.020000000000003126,61.269999999999996
204,than,61.42,61.52,4,0.1000000000000014,0.02500000000000035,0.03999999999999915,61.47
205,that,61.56,61.7,4,0.1400000000000005,0.03500000000000013,0.5999999999999943,61.63
206,so,62.3,62.46,2,0.1600000000000037,0.08000000000000185,0.8399999999999963,62.379999999999995
207,let's,63.3,63.46,5,0.1600000000000037,0.032000000000000736,0.03999999999999915,63.379999999999995
208,begin,63.5,63.82,5,0.3200000000000003,0.06400000000000006,0.03999999999999915,63.66
209,on,63.86,63.96,2,0.1000000000000014,0.0500000000000007,0.03999999999999915,63.91
210,the,64.0,64.06,3,0.0600000000000022,0.020000000000000732,0.060000000000002274,64.03
211,first,64.12,64.34,5,0.2199999999999988,0.04399999999999976,0.060000000000002274,64.23
212,stage,64.4,64.78,5,0.3799999999999954,0.07599999999999908,0.09999999999999432,64.59
213,of,64.88,65.04,2,0.1600000000000108,0.0800000000000054,0.09999999999999432,64.96000000000001
214,some,65.14,65.32,4,0.1799999999999926,0.04499999999999815,0.0,65.22999999999999
215,of,65.32,65.34,2,0.0200000000000102,0.0100000000000051,0.01999999999999602,65.33
216,the,65.36,65.42,3,0.0600000000000022,0.020000000000000732,0.03999999999999204,65.39
217,rivers,65.46,65.76,6,0.3000000000000113,0.05000000000000188,0.0,65.61
218,cube,65.76,66.04,4,0.2800000000000011,0.07000000000000027,0.19999999999998863,65.9
219,you,66.24,66.3,3,0.0600000000000022,0.020000000000000732,0.04000000000000625,66.27
220,want,66.34,66.52,4,0.1799999999999926,0.04499999999999815,0.04000000000000625,66.43
221,to,66.56,66.64,2,0.0799999999999983,0.03999999999999915,0.09999999999999432,66.6
222,start,66.74,66.98,5,0.2400000000000091,0.04800000000000182,0.060000000000002274,66.86
223,for,67.04,67.16,3,0.1199999999999903,0.03999999999999677,0.04000000000000625,67.1
224,the,67.2,67.26,3,0.0600000000000022,0.020000000000000732,0.05999999999998806,67.23
225,white,67.32,67.52,5,0.2000000000000028,0.040000000000000556,0.04000000000000625,67.41999999999999
226,cross,67.56,67.98,5,0.4200000000000017,0.08400000000000034,0.5799999999999983,67.77000000000001
227,when,68.56,68.7,4,0.1400000000000005,0.03500000000000013,0.0,68.63
228,you,68.7,68.74,3,0.039999999999992,0.013333333333330666,0.060000000000002274,68.72
229,solve,68.8,68.98,5,0.1800000000000068,0.03600000000000136,0.03999999999999204,68.89
230,the,69.02,69.08,3,0.0600000000000022,0.020000000000000732,0.04000000000000625,69.05
231,white,69.12,69.3,5,0.1799999999999926,0.03599999999999852,0.04000000000000625,69.21000000000001
232,cross,69.34,69.66,5,0.3199999999999932,0.06399999999999864,0.04000000000000625,69.5
233,you,69.7,69.78,3,0.0799999999999983,0.0266666666666661,0.03999999999999204,69.74000000000001
234,want,69.82,70.06,4,0.2400000000000091,0.060000000000002274,0.7000000000000028,69.94
235,that,70.76,71.0,4,0.2399999999999948,0.0599999999999987,0.8400000000000034,70.88
236,edge,71.84,72.14,4,0.2999999999999971,0.07499999999999928,0.20000000000000284,71.99000000000001
237,pieces,72.34,72.8,6,0.4599999999999937,0.07666666666666562,0.04000000000000625,72.57
238,to,72.84,72.94,2,0.0999999999999943,0.04999999999999715,0.060000000000002274,72.89
239,match,73.0,73.26,5,0.2600000000000051,0.052000000000001025,0.03999999999999204,73.13
240,the,73.3,73.36,3,0.0600000000000022,0.020000000000000732,0.04000000000000625,73.33
241,colors,73.4,73.78,6,0.3799999999999954,0.06333333333333256,0.01999999999999602,73.59
242,of,73.8,73.9,2,0.1000000000000085,0.05000000000000425,0.03999999999999204,73.85
243,the,73.94,74.0,3,0.0600000000000022,0.020000000000000732,0.18000000000000682,73.97
244,layer,74.18,74.5,5,0.3199999999999932,0.06399999999999864,0.04000000000000625,74.34
245,above,74.54,74.82,5,0.2799999999999869,0.055999999999997385,0.020000000000010232,74.68
246,it,74.84,74.96,2,0.1199999999999903,0.05999999999999515,1.2000000000000028,74.9
247,so,76.16,76.34,2,0.1800000000000068,0.0900000000000034,0.2599999999999909,76.25
248,i'm,76.6,76.72,3,0.1200000000000045,0.0400000000000015,0.01999999999999602,76.66
249,gonna,76.74,76.8,5,0.0600000000000022,0.01200000000000044,0.0799999999999983,76.77
250,go,76.88,76.94,2,0.0600000000000022,0.0300000000000011,0.04000000000000625,76.91
251,ahead,76.98,77.12,5,0.1400000000000005,0.0280000000000001,0.0,77.05000000000001
252,and,77.12,77.2,3,0.0799999999999983,0.0266666666666661,0.0799999999999983,77.16
253,do,77.28,77.36,2,0.0799999999999983,0.03999999999999915,0.09999999999999432,77.32
254,this,77.46,77.68,4,0.220000000000013,0.05500000000000325,0.2599999999999909,77.57
255,now,77.94,78.08,3,0.1400000000000005,0.046666666666666835,0.0799999999999983,78.00999999999999
256,this,78.16,78.34,4,0.1800000000000068,0.0450000000000017,0.20000000000000284,78.25
257,stuff,78.54,78.82,5,0.2799999999999869,0.055999999999997385,0.04000000000000625,78.68
258,here,78.86,79.02,4,0.1599999999999966,0.03999999999999915,0.060000000000002274,78.94
259,does,79.08,79.22,4,0.1400000000000005,0.03500000000000013,0.01999999999999602,79.15
260,not,79.24,79.38,3,0.1400000000000005,0.046666666666666835,0.060000000000002274,79.31
261,require,79.44,79.82,7,0.3799999999999954,0.054285714285713625,0.060000000000002274,79.63
262,any,79.88,80.06,3,0.1800000000000068,0.06000000000000227,0.03999999999999204,79.97
263,type,80.1,80.32,4,0.2199999999999988,0.0549999999999997,0.04000000000000625,80.21
264,of,80.36,80.44,2,0.0799999999999983,0.03999999999999915,0.21999999999999886,80.4
265,advanced,80.66,81.1,8,0.4399999999999977,0.054999999999999716,0.12000000000000455,80.88
266,algorithms,81.22,81.84,10,0.6200000000000045,0.06200000000000046,0.03999999999999204,81.53
267,most,81.88,82.04,4,0.1600000000000108,0.0400000000000027,0.03999999999999204,81.96000000000001
268,people,82.08,82.34,6,0.2600000000000051,0.04333333333333419,0.03999999999999204,82.21000000000001
269,can,82.38,82.46,3,0.0799999999999983,0.0266666666666661,0.060000000000002274,82.41999999999999
270,pick,82.52,82.7,4,0.1800000000000068,0.0450000000000017,0.01999999999999602,82.61
271,up,82.72,82.84,2,0.1200000000000045,0.06000000000000225,0.060000000000002274,82.78
272,a,82.9,82.94,1,0.039999999999992,0.039999999999992,0.060000000000002274,82.92
273,roof,83.0,83.18,4,0.1800000000000068,0.0450000000000017,0.01999999999999602,83.09
274,excuse,83.2,83.64,6,0.4399999999999977,0.07333333333333296,0.35999999999999943,83.42
275,and,84.0,84.28,3,0.2800000000000011,0.0933333333333337,0.35999999999999943,84.14
276,soft,84.64,85.02,4,0.3799999999999954,0.09499999999999885,0.0,84.83
277,this,85.02,85.28,4,0.2600000000000051,0.06500000000000128,0.4200000000000017,85.15
278,in,85.7,85.78,2,0.0799999999999983,0.03999999999999915,0.01999999999999602,85.74000000000001
279,a,85.8,85.84,1,0.0400000000000062,0.0400000000000062,0.03999999999999204,85.82
280,matter,85.88,86.1,6,0.2199999999999988,0.036666666666666466,0.020000000000010232,85.99
281,of,86.12,86.2,2,0.0799999999999983,0.03999999999999915,0.01999999999999602,86.16
282,a,86.22,86.26,1,0.0400000000000062,0.0400000000000062,0.05999999999998806,86.24000000000001
283,couple,86.32,86.56,6,0.2400000000000091,0.040000000000001514,0.03999999999999204,86.44
284,minutes,86.6,86.94,7,0.3400000000000034,0.04857142857142906,0.7999999999999972,86.77
285,so,87.74,87.84,2,0.1000000000000085,0.05000000000000425,0.0799999999999983,87.78999999999999
286,once,87.92,88.14,4,0.2199999999999988,0.0549999999999997,0.01999999999999602,88.03
287,that's,88.16,88.38,6,0.2199999999999988,0.036666666666666466,0.060000000000002274,88.27
288,done,88.44,88.66,4,0.2199999999999988,0.0549999999999997,0.20000000000000284,88.55
289,that,88.86,89.0,4,0.1400000000000005,0.03500000000000013,0.04000000000000625,88.93
290,was,89.04,89.12,3,0.0799999999999983,0.0266666666666661,0.21999999999999886,89.08000000000001
291,pretty,89.34,89.54,6,0.2000000000000028,0.0333333333333338,0.03999999999999204,89.44
292,easy,89.58,89.74,4,0.1599999999999966,0.03999999999999915,0.04000000000000625,89.66
293,as,89.78,89.92,2,0.1400000000000005,0.07000000000000026,0.03999999999999204,89.85
294,stage,89.96,90.22,5,0.2600000000000051,0.052000000000001025,0.04000000000000625,90.09
295,one,90.26,90.44,3,0.1799999999999926,0.059999999999997534,0.18000000000000682,90.35
296,stage,90.62,90.96,5,0.3399999999999892,0.06799999999999784,0.04000000000000625,90.78999999999999
297,too,91.0,91.14,3,0.1400000000000005,0.046666666666666835,0.09999999999999432,91.07
298,now,91.24,91.46,3,0.2199999999999988,0.07333333333333293,0.10000000000000853,91.35
299,is,91.56,91.72,2,0.1599999999999966,0.0799999999999983,0.01999999999999602,91.64
300,the,91.74,91.8,3,0.0600000000000022,0.020000000000000732,0.04000000000000625,91.77
301,software's,91.84,92.26,10,0.4200000000000017,0.04200000000000017,0.05999999999998806,92.05000000000001
302,gone,92.32,92.48,4,0.1600000000000108,0.0400000000000027,0.060000000000002274,92.4
303,the,92.54,92.6,3,0.059999999999988,0.019999999999996,0.060000000000002274,92.57
304,first,92.66,92.88,5,0.2199999999999988,0.04399999999999976,0.060000000000002274,92.77
305,two,92.94,93.08,3,0.1400000000000005,0.046666666666666835,0.060000000000002274,93.00999999999999
306,laters,93.14,93.46,6,0.3199999999999932,0.0533333333333322,0.04000000000000625,93.3
307,or,93.5,93.58,2,0.0799999999999983,0.03999999999999915,0.0799999999999983,93.53999999999999
308,f,93.66,93.74,1,0.0799999999999983,0.0799999999999983,0.14000000000000057,93.69999999999999
309,two,93.88,94.02,3,0.1400000000000005,0.046666666666666835,0.10000000000000853,93.94999999999999
310,l,94.12,94.26,1,0.1400000000000005,0.1400000000000005,0.3999999999999915,94.19
311,that,94.66,94.78,4,0.1200000000000045,0.030000000000001126,0.03999999999999204,94.72
312,some,94.82,95.04,4,0.220000000000013,0.05500000000000325,0.01999999999999602,94.93
313,in,95.06,95.14,2,0.0799999999999983,0.03999999999999915,0.01999999999999602,95.1
314,the,95.16,95.2,3,0.0400000000000062,0.013333333333335399,0.060000000000002274,95.18
315,corner,95.26,95.58,6,0.3199999999999932,0.0533333333333322,0.01999999999999602,95.42
316,piece,95.6,95.86,5,0.2600000000000051,0.052000000000001025,0.060000000000002274,95.72999999999999
317,in,95.92,96.0,2,0.0799999999999983,0.03999999999999915,0.04000000000000625,95.96000000000001
318,the,96.04,96.08,3,0.039999999999992,0.013333333333330666,0.10000000000000853,96.06
319,edge,96.18,96.4,4,0.2199999999999988,0.0549999999999997,0.05999999999998806,96.29
320,piece,96.46,96.74,5,0.2800000000000011,0.056000000000000216,0.3400000000000034,96.6
321,of,97.08,97.24,2,0.1599999999999966,0.0799999999999983,0.10000000000000853,97.16
322,these,97.34,97.52,5,0.1799999999999926,0.03599999999999852,0.060000000000002274,97.43
323,first,97.58,97.82,5,0.2399999999999948,0.04799999999999896,0.0800000000000125,97.69999999999999
324,two,97.9,98.04,3,0.1400000000000005,0.046666666666666835,0.05999999999998806,97.97
325,layers,98.1,98.5,6,0.4000000000000057,0.06666666666666761,0.12000000000000455,98.3
326,both,98.62,98.82,4,0.1999999999999886,0.04999999999999715,0.060000000000002274,98.72
327,at,98.88,98.98,2,0.1000000000000085,0.05000000000000425,0.03999999999999204,98.93
328,the,99.02,99.08,3,0.0600000000000022,0.020000000000000732,0.04000000000000625,99.05
329,same,99.12,99.36,4,0.2399999999999948,0.0599999999999987,0.01999999999999602,99.24000000000001
330,time,99.38,99.66,4,0.2800000000000011,0.07000000000000027,0.38000000000000966,99.52
331,although,100.04,100.28,8,0.2399999999999948,0.02999999999999935,0.09999999999999432,100.16
332,this,100.38,100.52,4,0.1400000000000005,0.03500000000000013,0.04000000000000625,100.44999999999999
333,process,100.56,101.0,7,0.4399999999999977,0.06285714285714253,0.060000000000002274,100.78
334,takes,101.06,101.3,5,0.2399999999999948,0.04799999999999896,0.0799999999999983,101.18
335,the,101.38,101.44,3,0.0600000000000022,0.020000000000000732,0.060000000000002274,101.41
336,most,101.5,101.74,4,0.2399999999999948,0.0599999999999987,0.04000000000000625,101.62
337,amount,101.78,102.04,6,0.2600000000000051,0.04333333333333419,0.0,101.91
338,of,102.04,102.08,2,0.039999999999992,0.019999999999996,0.060000000000002274,102.06
339,time,102.14,102.42,4,0.2800000000000011,0.07000000000000027,0.3199999999999932,102.28
340,robs,102.74,103.12,4,0.3800000000000096,0.0950000000000024,0.0799999999999983,102.93
341,faster,103.2,103.66,6,0.4599999999999937,0.07666666666666562,0.3400000000000034,103.43
342,than,104.0,104.16,4,0.1599999999999966,0.03999999999999915,0.04000000000000625,104.08
343,solving,104.2,104.58,7,0.3799999999999954,0.054285714285713625,0.4200000000000017,104.39
344,the,105.0,105.06,3,0.0600000000000022,0.020000000000000732,0.0799999999999983,105.03
345,individual,105.14,105.62,10,0.480000000000004,0.048000000000000397,0.060000000000002274,105.38
346,porters,105.68,106.08,7,0.3999999999999915,0.05714285714285593,0.10000000000000853,105.88
347,and,106.18,106.3,3,0.1199999999999903,0.03999999999999677,0.04000000000000625,106.24000000000001
348,then,106.34,106.48,4,0.1400000000000005,0.03500000000000013,0.03999999999999204,106.41
349,that,106.52,106.66,4,0.1400000000000005,0.03500000000000013,0.3400000000000034,106.59
350,edge,107.0,107.18,4,0.1800000000000068,0.0450000000000017,0.03999999999999204,107.09
351,pieces,107.22,107.64,6,0.4200000000000017,0.07000000000000028,1.8400000000000034,107.43
352,this,109.48,109.68,4,0.2000000000000028,0.0500000000000007,0.5799999999999983,109.58000000000001
353,stage,110.26,110.6,5,0.3399999999999892,0.06799999999999784,0.020000000000010232,110.43
354,is,110.62,110.72,2,0.0999999999999943,0.04999999999999715,0.0,110.67
355,a,110.72,110.78,1,0.0600000000000022,0.0600000000000022,0.01999999999999602,110.75
356,little,110.8,110.88,6,0.0799999999999983,0.01333333333333305,0.21999999999999886,110.84
357,complicated,111.1,111.82,11,0.7199999999999989,0.06545454545454535,0.14000000000000057,111.46
358,and,111.96,112.26,3,0.3000000000000113,0.10000000000000377,0.5,112.11
359,i've,112.76,112.92,4,0.1599999999999966,0.03999999999999915,0.01999999999999602,112.84
360,been,112.94,113.08,4,0.1400000000000005,0.03500000000000013,0.21999999999999886,113.00999999999999
361,trying,113.3,113.58,6,0.2800000000000011,0.04666666666666685,0.0,113.44
362,to,113.58,113.66,2,0.0799999999999983,0.03999999999999915,0.7199999999999989,113.62
363,speak,114.38,114.78,5,0.4000000000000057,0.08000000000000114,0.12000000000000455,114.58
364,and,114.9,115.08,3,0.1799999999999926,0.059999999999997534,0.12000000000000455,114.99000000000001
365,do,115.2,115.28,2,0.0799999999999983,0.03999999999999915,0.060000000000002274,115.24000000000001
366,it,115.34,115.42,2,0.0799999999999983,0.03999999999999915,0.03999999999999204,115.38
367,at,115.46,115.54,2,0.0800000000000125,0.04000000000000625,0.01999999999999602,115.5
368,the,115.56,115.62,3,0.0600000000000022,0.020000000000000732,0.03999999999999204,115.59
369,same,115.66,115.88,4,0.2199999999999988,0.0549999999999997,0.020000000000010232,115.77
370,time,115.9,116.2,4,0.2999999999999971,0.07499999999999928,0.2599999999999909,116.05000000000001
371,but,116.46,116.58,3,0.1200000000000045,0.0400000000000015,0.060000000000002274,116.52
372,it's,116.64,116.76,4,0.1200000000000045,0.030000000000001126,0.35999999999999943,116.7
373,also,117.12,117.36,4,0.2399999999999948,0.0599999999999987,0.060000000000002274,117.24000000000001
374,please,117.42,117.64,6,0.2199999999999988,0.036666666666666466,0.04000000000000625,117.53
375,be,117.68,117.76,2,0.0799999999999983,0.03999999999999915,0.0799999999999983,117.72
376,a,117.84,117.86,1,0.019999999999996,0.019999999999996,0.21999999999999886,117.85
377,bear,118.08,118.3,4,0.2199999999999988,0.0549999999999997,0.04000000000000625,118.19
378,with,118.34,118.5,4,0.1599999999999966,0.03999999999999915,0.060000000000002274,118.42
379,me,118.56,118.66,2,0.0999999999999943,0.04999999999999715,0.0799999999999983,118.61
380,while,118.74,118.9,5,0.1600000000000108,0.03200000000000216,0.03999999999999204,118.82
381,i,118.94,119.0,1,0.0600000000000022,0.0600000000000022,0.45999999999999375,118.97
382,well,119.46,119.6,4,0.1400000000000005,0.03500000000000013,0.04000000000000625,119.53
383,as,119.64,119.78,2,0.1400000000000005,0.07000000000000026,0.060000000000002274,119.71000000000001
384,office,119.84,120.2,6,0.3599999999999994,0.059999999999999894,3.6199999999999903,120.02000000000001
385,okay,123.82,123.9,4,0.0800000000000125,0.020000000000003126,2.319999999999993,123.86
386,yeah,126.22,126.22,4,0.0,0.0,0.14000000000000057,126.22
387,okay,126.36,126.84,4,0.480000000000004,0.120000000000001,1.960000000000008,126.6
388,okay,128.8,128.94,4,0.1399999999999863,0.034999999999996576,2.9799999999999898,128.87
389,yeah,131.92,131.92,4,0.0,0.0,0.700000000000017,131.92
390,okay,132.62,132.84,4,0.2199999999999988,0.0549999999999997,1.7800000000000011,132.73000000000002
391,yeah,134.62,134.62,4,0.0,0.0,6.460000000000008,134.62
392,yeah,141.08,141.08,4,0.0,0.0,0.9599999999999795,141.08
393,mm-hmm,142.04,142.04,6,0.0,0.0,0.6800000000000068,142.04
394,okay,142.72,143.0,4,0.2800000000000011,0.07000000000000027,1.3799999999999955,142.86
395,and,144.38,144.48,3,0.0999999999999943,0.03333333333333143,0.020000000000010232,144.43
396,then,144.5,144.64,4,0.1399999999999863,0.034999999999996576,0.020000000000010232,144.57
397,i,144.66,144.7,1,0.039999999999992,0.039999999999992,0.0800000000000125,144.68
398,complete,144.78,145.14,8,0.3599999999999852,0.04499999999999815,0.040000000000020464,144.95999999999998
399,stage,145.18,145.56,5,0.3799999999999954,0.07599999999999908,0.020000000000010232,145.37
400,to,145.58,145.7,2,0.1199999999999761,0.05999999999998805,0.5200000000000102,145.64
401,solving,146.22,146.6,7,0.3799999999999954,0.054285714285713625,0.03999999999999204,146.41
402,the,146.64,146.76,3,0.1200000000000045,0.0400000000000015,0.46000000000000796,146.7
403,first,147.22,147.46,5,0.2400000000000091,0.04800000000000182,0.07999999999998408,147.34
404,two,147.54,147.68,3,0.1400000000000147,0.04666666666667157,0.07999999999998408,147.61
405,layers,147.76,148.16,6,0.4000000000000057,0.06666666666666761,1.240000000000009,147.95999999999998
406,finally,149.4,149.74,7,0.3400000000000034,0.04857142857142906,0.060000000000002274,149.57
407,run,149.8,150.0,3,0.1999999999999886,0.06666666666666286,0.020000000000010232,149.9
408,the,150.02,150.08,3,0.0600000000000022,0.020000000000000732,0.03999999999999204,150.05
409,last,150.12,150.34,4,0.2199999999999988,0.0549999999999997,0.03999999999999204,150.23000000000002
410,stage,150.38,150.7,5,0.3199999999999932,0.06399999999999864,0.020000000000010232,150.54
411,and,150.72,150.76,3,0.039999999999992,0.013333333333330666,0.040000000000020464,150.74
412,that,150.8,150.92,4,0.1199999999999761,0.029999999999994025,0.040000000000020464,150.86
413,solving,150.96,151.32,7,0.3599999999999852,0.05142857142856932,0.020000000000010232,151.14
414,the,151.34,151.4,3,0.0600000000000022,0.020000000000000732,0.060000000000002274,151.37
415,top,151.46,151.76,3,0.2999999999999829,0.0999999999999943,0.5800000000000125,151.61
416,what,152.34,152.48,4,0.1399999999999863,0.034999999999996576,0.040000000000020464,152.41
417,you,152.52,152.58,3,0.0600000000000022,0.020000000000000732,0.03999999999999204,152.55
418,want,152.62,152.76,4,0.1399999999999863,0.034999999999996576,0.020000000000010232,152.69
419,to,152.78,152.84,2,0.0600000000000022,0.0300000000000011,0.03999999999999204,152.81
420,do,152.88,152.94,2,0.0600000000000022,0.0300000000000011,0.0800000000000125,152.91
421,on,153.02,153.08,2,0.0600000000000022,0.0300000000000011,0.03999999999999204,153.05
422,this,153.12,153.24,4,0.1200000000000045,0.030000000000001126,0.060000000000002274,153.18
423,stage,153.3,153.66,5,0.3599999999999852,0.07199999999999704,0.36000000000001364,153.48000000000002
424,is,154.02,154.26,2,0.2399999999999806,0.1199999999999903,0.0800000000000125,154.14
425,first,154.34,154.54,5,0.1999999999999886,0.03999999999999772,0.020000000000010232,154.44
426,start,154.56,154.8,5,0.2400000000000091,0.04800000000000182,0.03999999999999204,154.68
427,with,154.84,154.98,4,0.1399999999999863,0.034999999999996576,0.060000000000002274,154.91
428,the,155.04,155.12,3,0.0800000000000125,0.026666666666670835,0.09999999999999432,155.07999999999998
429,yellow,155.22,155.5,6,0.2800000000000011,0.04666666666666685,0.0800000000000125,155.36
430,cross,155.58,155.94,5,0.3599999999999852,0.07199999999999704,0.37999999999999545,155.76
431,and,156.32,156.44,3,0.1200000000000045,0.0400000000000015,0.0,156.38
432,the,156.44,156.5,3,0.0600000000000022,0.020000000000000732,0.3400000000000034,156.47
433,cross,156.84,157.18,5,0.3400000000000034,0.06800000000000068,0.07999999999998408,157.01
434,is,157.26,157.38,2,0.1200000000000045,0.06000000000000225,0.060000000000002274,157.32
435,different,157.44,157.88,9,0.4399999999999977,0.048888888888888635,0.020000000000010232,157.66
436,so,157.9,158.02,2,0.1200000000000045,0.06000000000000225,0.07999999999998408,157.96
437,in,158.1,158.16,2,0.0600000000000022,0.0300000000000011,0.020000000000010232,158.13
438,the,158.18,158.22,3,0.039999999999992,0.013333333333330666,0.060000000000002274,158.2
439,white,158.28,158.54,5,0.2599999999999909,0.05199999999999818,0.36000000000001364,158.41
440,because,158.9,159.16,7,0.2599999999999909,0.03714285714285585,0.03999999999999204,159.03
441,you,159.2,159.28,3,0.0800000000000125,0.026666666666670835,0.12000000000000455,159.24
442,it,159.4,159.48,2,0.079999999999984,0.039999999999992,0.020000000000010232,159.44
443,does,159.5,159.64,4,0.1399999999999863,0.034999999999996576,0.040000000000020464,159.57
444,not,159.68,159.82,3,0.1399999999999863,0.0466666666666621,0.060000000000002274,159.75
445,matter,159.88,160.2,6,0.3199999999999932,0.0533333333333322,0.0800000000000125,160.04
446,that,160.28,160.4,4,0.1200000000000045,0.030000000000001126,0.060000000000002274,160.34
447,that,160.46,160.62,4,0.1599999999999966,0.03999999999999915,0.13999999999998636,160.54000000000002
448,colors,160.76,161.12,6,0.3600000000000136,0.06000000000000227,0.09999999999999432,160.94
449,match,161.22,161.6,5,0.3799999999999954,0.07599999999999908,0.6400000000000148,161.41
450,on,162.24,162.34,2,0.0999999999999943,0.04999999999999715,0.03999999999999204,162.29000000000002
451,the,162.38,162.44,3,0.0600000000000022,0.020000000000000732,0.060000000000002274,162.41
452,edges,162.5,162.94,5,0.4399999999999977,0.08799999999999955,0.1599999999999966,162.72
453,so,163.1,163.18,2,0.0800000000000125,0.04000000000000625,0.03999999999999204,163.14
454,you,163.22,163.26,3,0.039999999999992,0.013333333333330666,0.040000000000020464,163.24
455,just,163.3,163.42,4,0.1199999999999761,0.029999999999994025,0.040000000000020464,163.36
456,want,163.46,163.58,4,0.1200000000000045,0.030000000000001126,0.0,163.52
457,to,163.58,163.64,2,0.0599999999999738,0.0299999999999869,0.040000000000020464,163.61
458,get,163.68,163.82,3,0.1399999999999863,0.0466666666666621,0.060000000000002274,163.75
459,the,163.88,164.02,3,0.1400000000000147,0.04666666666667157,3.1799999999999784,163.95
460,white,167.2,167.4,5,0.200000000000017,0.0400000000000034,0.01999999999998181,167.3
461,cross,167.42,167.72,5,0.3000000000000113,0.06000000000000226,0.03999999999999204,167.57
462,such,167.76,167.96,4,0.200000000000017,0.05000000000000425,0.0,167.86
463,as,167.96,168.06,2,0.0999999999999943,0.04999999999999715,0.03999999999999204,168.01
464,that,168.1,168.32,4,0.2199999999999988,0.0549999999999997,0.5400000000000205,168.20999999999998
465,next,168.86,169.24,4,0.3799999999999954,0.09499999999999885,0.01999999999998181,169.05
466,you,169.26,169.32,3,0.0600000000000022,0.020000000000000732,0.060000000000002274,169.29
467,want,169.38,169.5,4,0.1200000000000045,0.030000000000001126,0.0,169.44
468,to,169.5,169.54,2,0.039999999999992,0.019999999999996,0.040000000000020464,169.51999999999998
469,get,169.58,169.7,3,0.1199999999999761,0.039999999999992035,0.0800000000000125,169.64
470,all,169.78,169.96,3,0.1800000000000068,0.06000000000000227,0.060000000000002274,169.87
471,yellow,170.02,170.38,6,0.3599999999999852,0.059999999999997534,0.46000000000000796,170.2
472,to,170.84,170.92,2,0.079999999999984,0.039999999999992,0.060000000000002274,170.88
473,be,170.98,171.06,2,0.0800000000000125,0.04000000000000625,0.07999999999998408,171.01999999999998
474,positioned,171.14,171.62,10,0.4800000000000182,0.04800000000000182,0.03999999999999204,171.38
475,on,171.66,171.76,2,0.0999999999999943,0.04999999999999715,0.060000000000002274,171.70999999999998
476,top,171.82,172.12,3,0.3000000000000113,0.10000000000000377,4.199999999999989,171.97
477,like,176.32,176.46,4,0.1400000000000147,0.035000000000003674,0.01999999999998181,176.39
478,that,176.48,176.68,4,0.200000000000017,0.05000000000000425,3.2399999999999807,176.57999999999998
479,i,179.92,179.98,1,0.0600000000000022,0.0600000000000022,0.0800000000000125,179.95
480,have,180.06,180.14,4,0.079999999999984,0.019999999999996,0.040000000000020464,180.1
481,to,180.18,180.24,2,0.0600000000000022,0.0300000000000011,0.060000000000002274,180.21
482,warn,180.3,180.5,4,0.1999999999999886,0.04999999999999715,0.020000000000010232,180.4
483,you,180.52,180.58,3,0.0600000000000022,0.020000000000000732,0.05999999999997385,180.55
484,when,180.64,180.78,4,0.1400000000000147,0.035000000000003674,0.0,180.70999999999998
485,you,180.78,180.84,3,0.0600000000000022,0.020000000000000732,0.03999999999999204,180.81
486,start,180.88,181.1,5,0.2199999999999988,0.04399999999999976,0.060000000000002274,180.99
487,doing,181.16,181.48,5,0.3199999999999932,0.06399999999999864,0.060000000000002274,181.32
488,the,181.54,181.62,3,0.0800000000000125,0.026666666666670835,0.07999999999998408,181.57999999999998
489,algorithms,181.7,182.4,10,0.700000000000017,0.0700000000000017,0.09999999999999432,182.05
490,on,182.5,182.62,2,0.1200000000000045,0.06000000000000225,0.03999999999999204,182.56
491,the,182.66,182.7,3,0.039999999999992,0.013333333333330666,0.060000000000002274,182.68
492,last,182.76,183.02,4,0.2600000000000193,0.06500000000000483,0.060000000000002274,182.89
493,way,183.08,183.28,3,0.1999999999999886,0.06666666666666286,0.46000000000000796,183.18
494,they,183.74,183.84,4,0.0999999999999943,0.024999999999998575,0.03999999999999204,183.79000000000002
495,become,183.88,184.2,6,0.3199999999999932,0.0533333333333322,0.6800000000000068,184.04
496,longer,184.88,185.34,6,0.4600000000000079,0.07666666666666798,0.07999999999998408,185.11
497,and,185.42,185.5,3,0.0800000000000125,0.026666666666670835,0.03999999999999204,185.45999999999998
498,more,185.54,185.68,4,0.1400000000000147,0.035000000000003674,0.03999999999999204,185.61
499,difficult,185.72,186.14,9,0.4199999999999875,0.046666666666665274,0.040000000000020464,185.93
500,to,186.18,186.24,2,0.0600000000000022,0.0300000000000011,0.060000000000002274,186.21
501,do,186.3,186.42,2,0.1199999999999761,0.05999999999998805,0.4800000000000182,186.36
502,and,186.9,187.04,3,0.1399999999999863,0.0466666666666621,0.0,186.97
503,if,187.04,187.16,2,0.1200000000000045,0.06000000000000225,0.0,187.1
504,you,187.16,187.24,3,0.0800000000000125,0.026666666666670835,0.29999999999998295,187.2
505,mess,187.54,187.78,4,0.2400000000000091,0.060000000000002274,0.020000000000010232,187.66
506,up,187.8,187.96,2,0.1599999999999966,0.0799999999999983,0.07999999999998408,187.88
507,midstream,188.04,188.64,9,0.5999999999999943,0.06666666666666604,0.4000000000000057,188.33999999999997
508,you,189.04,189.12,3,0.0800000000000125,0.026666666666670835,0.03999999999999204,189.07999999999998
509,end,189.16,189.38,3,0.2199999999999988,0.07333333333333293,0.0,189.26999999999998
510,up,189.38,189.52,2,0.1400000000000147,0.07000000000000735,0.060000000000002274,189.45
511,really,189.58,189.88,6,0.2999999999999829,0.04999999999999715,0.8799999999999955,189.73000000000002
512,having,190.76,191.02,6,0.2600000000000193,0.043333333333336554,0.0,190.89
513,to,191.02,191.08,2,0.0600000000000022,0.0300000000000011,0.05999999999997385,191.05
514,start,191.14,191.34,5,0.200000000000017,0.0400000000000034,0.060000000000002274,191.24
515,back,191.4,191.58,4,0.1800000000000068,0.0450000000000017,0.03999999999999204,191.49
516,over,191.62,191.82,4,0.1999999999999886,0.04999999999999715,0.0800000000000125,191.72
517,the,191.9,191.96,3,0.0600000000000022,0.020000000000000732,0.060000000000002274,191.93
518,stage,192.02,192.34,5,0.3199999999999932,0.06399999999999864,0.060000000000002274,192.18
519,one,192.4,192.6,3,0.1999999999999886,0.06666666666666286,0.060000000000002274,192.5
520,so,192.66,192.76,2,0.0999999999999943,0.04999999999999715,0.060000000000002274,192.70999999999998
521,try,192.82,192.96,3,0.1400000000000147,0.04666666666667157,0.03999999999999204,192.89
522,to,193.0,193.08,2,0.0800000000000125,0.04000000000000625,0.03999999999999204,193.04000000000002
523,have,193.12,193.14,4,0.0199999999999818,0.00499999999999545,0.040000000000020464,193.13
524,the,193.18,193.22,3,0.039999999999992,0.013333333333330666,0.060000000000002274,193.2
525,mess,193.28,193.5,4,0.2199999999999988,0.0549999999999997,0.020000000000010232,193.39
526,up,193.52,193.66,2,0.1399999999999863,0.06999999999999315,0.03999999999999204,193.59
527,if,193.7,193.78,2,0.0800000000000125,0.04000000000000625,0.060000000000002274,193.74
528,you,193.84,193.88,3,0.039999999999992,0.013333333333330666,0.0800000000000125,193.86
529,fall,193.96,194.2,4,0.2399999999999806,0.05999999999999515,0.060000000000002274,194.07999999999998
530,some,194.26,194.4,4,0.1400000000000147,0.035000000000003674,0.01999999999998181,194.32999999999998
531,of,194.42,194.48,2,0.0600000000000022,0.0300000000000011,0.060000000000002274,194.45
532,albert,194.54,194.86,6,0.3200000000000216,0.05333333333333693,1.259999999999991,194.7
533,okay,196.12,196.44,4,0.3199999999999932,0.0799999999999983,0.5800000000000125,196.28
534,so,197.02,197.14,2,0.1199999999999761,0.05999999999998805,0.10000000000002274,197.07999999999998
535,now,197.24,197.44,3,0.1999999999999886,0.06666666666666286,0.4000000000000057,197.34
536,you,197.84,197.9,3,0.0600000000000022,0.020000000000000732,0.03999999999999204,197.87
537,can,197.94,198.04,3,0.0999999999999943,0.03333333333333143,0.0800000000000125,197.99
538,see,198.12,198.28,3,0.1599999999999966,0.0533333333333322,0.09999999999999432,198.2
539,that,198.38,198.54,4,0.1599999999999966,0.03999999999999915,0.060000000000002274,198.45999999999998
540,the,198.6,198.7,3,0.0999999999999943,0.03333333333333143,0.3800000000000239,198.64999999999998
541,the,199.08,199.16,3,0.079999999999984,0.026666666666661332,0.03999999999999204,199.12
542,science,199.2,199.54,7,0.3400000000000034,0.04857142857142906,0.020000000000010232,199.37
543,are,199.56,199.62,3,0.0600000000000022,0.020000000000000732,0.03999999999999204,199.59
544,all,199.66,199.8,3,0.1400000000000147,0.04666666666667157,0.03999999999999204,199.73000000000002
545,kind,199.84,200.02,4,0.1800000000000068,0.0450000000000017,0.0,199.93
546,of,200.02,200.08,2,0.0600000000000022,0.0300000000000011,0.03999999999999204,200.05
547,messed,200.12,200.36,6,0.2400000000000091,0.040000000000001514,0.01999999999998181,200.24
548,up,200.38,200.52,2,0.1400000000000147,0.07000000000000735,0.060000000000002274,200.45
549,there's,200.58,200.84,7,0.2599999999999909,0.03714285714285585,0.09999999999999432,200.71
550,two,200.94,201.1,3,0.1599999999999966,0.0533333333333322,0.060000000000002274,201.01999999999998
551,corners,201.16,201.56,7,0.4000000000000057,0.05714285714285795,0.020000000000010232,201.36
552,that,201.58,201.74,4,0.1599999999999966,0.03999999999999915,0.01999999999998181,201.66000000000003
553,are,201.76,201.84,3,0.0800000000000125,0.026666666666670835,0.07999999999998408,201.8
554,where,201.92,202.06,5,0.1400000000000147,0.02800000000000294,0.03999999999999204,201.99
555,they,202.1,202.18,4,0.0800000000000125,0.020000000000003126,0.060000000000002274,202.14
556,need,202.24,202.4,4,0.1599999999999966,0.03999999999999915,0.0,202.32
557,to,202.4,202.46,2,0.0600000000000022,0.0300000000000011,0.060000000000002274,202.43
558,be,202.52,202.62,2,0.0999999999999943,0.04999999999999715,0.7400000000000091,202.57
559,there's,203.36,203.52,7,0.1599999999999966,0.02285714285714237,0.01999999999998181,203.44
560,two,203.54,203.66,3,0.1200000000000045,0.0400000000000015,0.060000000000002274,203.6
561,quarters,203.72,204.1,8,0.3799999999999954,0.047499999999999425,0.03999999999999204,203.91
562,that,204.14,204.28,4,0.1400000000000147,0.035000000000003674,0.03999999999999204,204.20999999999998
563,are,204.32,204.4,3,0.0800000000000125,0.026666666666670835,0.060000000000002274,204.36
564,not,204.46,204.66,3,0.1999999999999886,0.06666666666666286,0.5200000000000102,204.56
565,so,205.18,205.26,2,0.079999999999984,0.039999999999992,0.060000000000002274,205.22
566,we,205.32,205.38,2,0.0600000000000022,0.0300000000000011,0.060000000000002274,205.35
567,need,205.44,205.6,4,0.1599999999999966,0.03999999999999915,0.020000000000010232,205.51999999999998
568,and,205.62,205.74,3,0.1200000000000045,0.0400000000000015,0.19999999999998863,205.68
569,give,205.94,206.08,4,0.1400000000000147,0.035000000000003674,0.07999999999998408,206.01
570,all,206.16,206.28,3,0.1200000000000045,0.0400000000000015,0.020000000000010232,206.22
571,the,206.3,206.36,3,0.0600000000000022,0.020000000000000732,0.05999999999997385,206.33
572,quarters,206.42,206.76,8,0.3400000000000034,0.042500000000000426,0.040000000000020464,206.58999999999997
573,in,206.8,206.88,2,0.079999999999984,0.039999999999992,0.020000000000010232,206.84
574,its,206.9,207.04,3,0.1399999999999863,0.0466666666666621,0.0800000000000125,206.97
575,respective,207.12,207.6,10,0.4799999999999897,0.047999999999998974,0.03999999999999204,207.36
576,positions,207.64,208.22,9,0.5800000000000125,0.06444444444444583,0.5800000000000125,207.93
577,so,208.8,208.94,2,0.1399999999999863,0.06999999999999315,4.219999999999999,208.87
578,like,213.16,213.3,4,0.1400000000000147,0.035000000000003674,0.03999999999999204,213.23000000000002
579,that,213.34,213.56,4,0.2199999999999988,0.0549999999999997,0.4199999999999875,213.45
580,okay,213.98,214.2,4,0.2199999999999988,0.0549999999999997,0.040000000000020464,214.08999999999997
581,so,214.24,214.32,2,0.079999999999984,0.039999999999992,0.060000000000002274,214.28
582,now,214.38,214.48,3,0.0999999999999943,0.03333333333333143,0.10000000000002274,214.43
583,all,214.58,214.66,3,0.079999999999984,0.026666666666661332,0.020000000000010232,214.62
584,the,214.68,214.74,3,0.0600000000000022,0.020000000000000732,0.060000000000002274,214.71
585,corners,214.8,215.18,7,0.3799999999999954,0.054285714285713625,0.01999999999998181,214.99
586,are,215.2,215.34,3,0.1400000000000147,0.04666666666667157,0.19999999999998863,215.26999999999998
587,where,215.54,215.68,5,0.1400000000000147,0.02800000000000294,0.01999999999998181,215.61
588,they,215.7,215.78,4,0.0800000000000125,0.020000000000003126,0.03999999999999204,215.74
589,need,215.82,215.98,4,0.1599999999999966,0.03999999999999915,0.020000000000010232,215.89999999999998
590,to,216.0,216.06,2,0.0600000000000022,0.0300000000000011,0.060000000000002274,216.03
591,be,216.12,216.24,2,0.1200000000000045,0.06000000000000225,0.29999999999998295,216.18
592,you,216.54,216.62,3,0.0800000000000125,0.026666666666670835,0.03999999999999204,216.57999999999998
593,can,216.66,216.76,3,0.0999999999999943,0.03333333333333143,0.060000000000002274,216.70999999999998
594,see,216.82,216.96,3,0.1400000000000147,0.04666666666667157,0.060000000000002274,216.89
595,the,217.02,217.08,3,0.0600000000000022,0.020000000000000732,0.03999999999999204,217.05
596,very,217.12,217.32,4,0.1999999999999886,0.04999999999999715,0.060000000000002274,217.22
597,last,217.38,217.68,4,0.3000000000000113,0.07500000000000283,0.28000000000000114,217.53
598,step,217.96,218.22,4,0.2599999999999909,0.06499999999999773,0.03999999999999204,218.09
599,of,218.26,218.36,2,0.1000000000000227,0.05000000000001135,0.11999999999997613,218.31
600,stage,218.48,218.76,5,0.2800000000000011,0.056000000000000216,0.040000000000020464,218.62
601,three,218.8,219.0,5,0.1999999999999886,0.03999999999999772,0.09999999999999432,218.9
602,is,219.1,219.26,2,0.1599999999999966,0.0799999999999983,0.040000000000020464,219.18
603,that,219.3,219.5,4,0.1999999999999886,0.04999999999999715,0.5200000000000102,219.4
604,get,220.02,220.2,3,0.1799999999999784,0.0599999999999928,0.0800000000000125,220.11
605,the,220.28,220.42,3,0.1399999999999863,0.0466666666666621,0.7400000000000091,220.35
606,edge,221.16,221.4,4,0.2400000000000091,0.060000000000002274,0.03999999999999204,221.28
607,piece,221.44,221.7,5,0.2599999999999909,0.05199999999999818,0.020000000000010232,221.57
608,is,221.72,221.86,2,0.1400000000000147,0.07000000000000735,0.07999999999998408,221.79000000000002
609,properly,221.94,222.42,8,0.4799999999999897,0.059999999999998714,0.060000000000002274,222.18
610,aligned,222.48,222.76,7,0.2800000000000011,0.040000000000000153,0.060000000000002274,222.62
611,to,222.82,222.9,2,0.0800000000000125,0.04000000000000625,0.03999999999999204,222.86
612,where,222.94,223.08,5,0.1400000000000147,0.02800000000000294,0.05999999999997385,223.01
613,they,223.14,223.2,4,0.0600000000000022,0.01500000000000055,0.060000000000002274,223.17
614,need,223.26,223.42,4,0.1599999999999966,0.03999999999999915,0.0,223.33999999999997
615,to,223.42,223.46,2,0.0400000000000204,0.0200000000000102,0.060000000000002274,223.44
616,be,223.52,223.62,2,0.0999999999999943,0.04999999999999715,0.4000000000000057,223.57
617,that,224.02,224.18,4,0.1599999999999966,0.03999999999999915,0.03999999999999204,224.10000000000002
618,it's,224.22,224.42,4,0.1999999999999886,0.04999999999999715,0.30000000000001137,224.32
619,the,224.72,224.78,3,0.0600000000000022,0.020000000000000732,0.060000000000002274,224.75
620,soft,224.84,225.2,4,0.3599999999999852,0.0899999999999963,2.200000000000017,225.01999999999998
621,like,227.4,227.56,4,0.1599999999999966,0.03999999999999915,0.03999999999999204,227.48000000000002
622,that,227.6,227.78,4,0.1800000000000068,0.0450000000000017,0.060000000000002274,227.69
623,so,227.84,227.96,2,0.1200000000000045,0.06000000000000225,0.03999999999999204,227.9
624,now,228.0,228.14,3,0.1399999999999863,0.0466666666666621,0.060000000000002274,228.07
625,that,228.2,228.34,4,0.1400000000000147,0.035000000000003674,0.03999999999999204,228.26999999999998
626,the,228.38,228.44,3,0.0600000000000022,0.020000000000000732,2.5800000000000125,228.41
627,end,231.02,231.26,3,0.2399999999999806,0.07999999999999353,1.7199999999999989,231.14
628,and,232.98,233.16,3,0.1800000000000068,0.06000000000000227,0.020000000000010232,233.07
629,the,233.18,233.22,3,0.039999999999992,0.013333333333330666,0.060000000000002274,233.2
630,recapt,233.28,233.82,6,0.539999999999992,0.08999999999999868,0.020000000000010232,233.55
631,of,233.84,233.94,2,0.0999999999999943,0.04999999999999715,0.3199999999999932,233.89
632,the,234.26,234.34,3,0.0800000000000125,0.026666666666670835,0.07999999999998408,234.3
633,first,234.42,234.66,5,0.2400000000000091,0.04800000000000182,0.03999999999999204,234.54
634,stage,234.7,235.02,5,0.3200000000000216,0.06400000000000432,0.0,234.86
635,is,235.02,235.12,2,0.0999999999999943,0.04999999999999715,0.0,235.07
636,to,235.12,235.18,2,0.0600000000000022,0.0300000000000011,0.03999999999999204,235.15
637,get,235.22,235.36,3,0.1400000000000147,0.04666666666667157,0.03999999999999204,235.29000000000002
638,the,235.4,235.44,3,0.039999999999992,0.013333333333330666,0.060000000000002274,235.42000000000002
639,white,235.5,235.7,5,0.1999999999999886,0.03999999999999772,0.020000000000010232,235.6
640,cross,235.72,236.1,5,0.3799999999999954,0.07599999999999908,0.5999999999999943,235.91
641,the,236.7,236.76,3,0.0600000000000022,0.020000000000000732,0.040000000000020464,236.73
642,second,236.8,237.12,6,0.3199999999999932,0.0533333333333322,0.03999999999999204,236.96
643,stage,237.16,237.5,5,0.3400000000000034,0.06800000000000068,0.020000000000010232,237.32999999999998
644,is,237.52,237.6,2,0.079999999999984,0.039999999999992,0.03999999999999204,237.56
645,then,237.64,237.82,4,0.1800000000000068,0.0450000000000017,0.060000000000002274,237.73
646,to,237.88,238.0,2,0.1200000000000045,0.06000000000000225,0.46000000000000796,237.94
647,solve,238.46,238.74,5,0.2800000000000011,0.056000000000000216,0.060000000000002274,238.60000000000002
648,the,238.8,238.86,3,0.0600000000000022,0.020000000000000732,0.05999999999997385,238.83
649,first,238.92,239.12,5,0.200000000000017,0.0400000000000034,0.060000000000002274,239.01999999999998
650,two,239.18,239.3,3,0.1200000000000045,0.0400000000000015,0.07999999999998408,239.24
651,layers,239.38,239.74,6,0.3600000000000136,0.06000000000000227,0.21999999999999886,239.56
652,and,239.96,240.04,3,0.079999999999984,0.026666666666661332,0.040000000000020464,240.0
653,then,240.08,240.2,4,0.1199999999999761,0.029999999999994025,0.060000000000002274,240.14
654,finally,240.26,240.62,7,0.3600000000000136,0.05142857142857337,0.3199999999999932,240.44
655,solve,240.94,241.16,5,0.2199999999999988,0.04399999999999976,0.03999999999999204,241.05
656,the,241.2,241.26,3,0.0600000000000022,0.020000000000000732,0.040000000000020464,241.23
657,top,241.3,241.58,3,0.2800000000000011,0.0933333333333337,0.4199999999999875,241.44
658,those,242.0,242.18,5,0.1800000000000068,0.03600000000000136,0.01999999999998181,242.09
659,three,242.2,242.36,5,0.160000000000025,0.032000000000005004,0.05999999999997385,242.28
660,stages,242.42,243.02,6,0.6000000000000227,0.1000000000000038,0.1799999999999784,242.72
661,along,243.2,243.56,5,0.3600000000000136,0.07200000000000271,0.020000000000010232,243.38
662,with,243.58,243.8,4,0.2199999999999988,0.0549999999999997,0.060000000000002274,243.69
663,the,243.86,244.0,3,0.1399999999999863,0.0466666666666621,0.7400000000000091,243.93
664,rhythm,244.74,245.02,6,0.2800000000000011,0.04666666666666685,0.03999999999999204,244.88
665,you,245.06,245.12,3,0.0600000000000022,0.020000000000000732,0.03999999999999204,245.09
666,could,245.16,245.24,5,0.0800000000000125,0.016000000000002502,0.03999999999999204,245.2
667,find,245.28,245.46,4,0.1800000000000068,0.0450000000000017,0.01999999999998181,245.37
668,on,245.48,245.54,2,0.0600000000000022,0.0300000000000011,0.020000000000010232,245.51
669,the,245.56,245.6,3,0.039999999999992,0.013333333333330666,0.060000000000002274,245.57999999999998
670,website,245.66,246.06,7,0.4000000000000057,0.05714285714285795,0.6999999999999886,245.86
671,where,246.76,246.98,5,0.2199999999999988,0.04399999999999976,0.040000000000020464,246.87
672,you,247.02,247.08,3,0.0600000000000022,0.020000000000000732,0.03999999999999204,247.05
673,saw,247.12,247.32,3,0.1999999999999886,0.06666666666666286,0.0800000000000125,247.22
674,it,247.4,247.46,2,0.0600000000000022,0.0300000000000011,0.9000000000000057,247.43
675,with,248.36,248.44,4,0.079999999999984,0.019999999999996,0.020000000000010232,248.4
676,no,248.46,248.58,2,0.1200000000000045,0.06000000000000225,0.07999999999998408,248.52
677,time,248.66,248.9,4,0.2400000000000091,0.060000000000002274,0.47999999999998977,248.78
678,so,249.38,249.46,2,0.0800000000000125,0.04000000000000625,0.03999999999999204,249.42000000000002
679,i,249.5,249.54,1,0.039999999999992,0.039999999999992,0.060000000000002274,249.51999999999998
680,try,249.6,249.72,3,0.1200000000000045,0.0400000000000015,0.4199999999999875,249.66
681,to,250.14,250.2,2,0.0600000000000022,0.0300000000000011,0.060000000000002274,250.17
682,go,250.26,250.36,2,0.1000000000000227,0.05000000000001135,0.11999999999997613,250.31
683,home,250.48,250.64,4,0.1599999999999966,0.03999999999999915,0.700000000000017,250.56
684,grab,251.34,251.56,4,0.2199999999999988,0.0549999999999997,0.03999999999999204,251.45
685,that,251.6,251.8,4,0.200000000000017,0.05000000000000425,0.2599999999999909,251.7
686,rivers,252.06,252.34,6,0.2800000000000011,0.04666666666666685,0.020000000000010232,252.2
687,cuba,252.36,252.66,4,0.2999999999999829,0.07499999999999572,0.03999999999999204,252.51
688,from,252.7,252.88,4,0.1800000000000068,0.0450000000000017,0.03999999999999204,252.79
689,there,252.92,253.1,5,0.1800000000000068,0.03600000000000136,0.0800000000000125,253.01
690,your,253.18,253.3,4,0.1200000000000045,0.030000000000001126,0.03999999999999204,253.24
691,books,253.34,253.58,5,0.2400000000000091,0.04800000000000182,0.09999999999999432,253.46
692,offer,253.68,253.86,5,0.1800000000000068,0.03600000000000136,0.1599999999999966,253.77
693,out,254.02,254.16,3,0.1399999999999863,0.0466666666666621,0.09999999999999432,254.09
694,by,254.26,254.42,2,0.1599999999999966,0.0799999999999983,0.0800000000000125,254.33999999999997
695,one,254.5,254.76,3,0.2599999999999909,0.08666666666666363,0.30000000000001137,254.63
696,and,255.06,255.16,3,0.0999999999999943,0.03333333333333143,0.060000000000002274,255.11
697,start,255.22,255.46,5,0.2400000000000091,0.04800000000000182,0.060000000000002274,255.34
698,solving,255.52,255.92,7,0.3999999999999772,0.05714285714285389,0.020000000000010232,255.72
699,it,255.94,256.02,2,0.079999999999984,0.039999999999992,0.040000000000020464,255.98
700,today,256.06,256.32,5,0.2599999999999909,0.05199999999999818,1.0199999999999818,256.19
701,and,257.34,257.52,3,0.1800000000000068,0.06000000000000227,0.060000000000002274,257.42999999999995
702,now,257.58,257.74,3,0.160000000000025,0.05333333333334167,0.07999999999998408,257.65999999999997
703,i'm,257.82,257.96,3,0.1399999999999863,0.0466666666666621,0.28000000000002956,257.89
704,even,258.24,258.42,4,0.1800000000000068,0.0450000000000017,0.12000000000000455,258.33000000000004
705,open,258.54,258.84,4,0.2999999999999545,0.07499999999998863,0.36000000000001364,258.69
706,for,259.2,259.3,3,0.1000000000000227,0.033333333333340896,0.12000000000000455,259.25
707,questions,259.42,260.0,9,0.5799999999999841,0.06444444444444268,0.5600000000000023,259.71000000000004
708,open,260.56,260.84,4,0.2799999999999727,0.06999999999999318,0.0,260.7
709,there,260.84,260.96,5,0.1200000000000045,0.024000000000000903,0.5,260.9
710,too,261.46,261.56,3,0.1000000000000227,0.033333333333340896,0.12000000000000455,261.51
711,long,261.68,261.86,4,0.1800000000000068,0.0450000000000017,0.8799999999999955,261.77
712,oh,262.74,262.82,2,0.079999999999984,0.039999999999992,0.12000000000000455,262.78
713,wow,262.94,263.18,3,0.2400000000000091,0.08000000000000303,1.0400000000000205,263.06
714,okay,264.22,264.48,4,0.2599999999999909,0.06499999999999773,1.1399999999999864,264.35
715,what,265.62,265.78,4,0.1599999999999681,0.03999999999999203,0.12000000000000455,265.7
716,like,265.9,266.04,4,0.1400000000000432,0.0350000000000108,0.060000000000002274,265.97
717,how,266.1,266.28,3,0.1799999999999499,0.059999999999983296,0.2400000000000091,266.19
718,what,266.52,266.64,4,0.1200000000000045,0.030000000000001126,0.020000000000038654,266.58
719,could,266.66,266.76,5,0.0999999999999659,0.01999999999999318,0.040000000000020464,266.71000000000004
720,suffer,266.8,267.08,6,0.2799999999999727,0.04666666666666212,0.020000000000038654,266.94
721,is,267.1,267.14,2,0.0399999999999636,0.0199999999999818,0.020000000000038654,267.12
722,this,267.16,267.26,4,0.0999999999999659,0.024999999999991473,0.040000000000020464,267.21000000000004
723,talking,267.3,267.54,7,0.2400000000000091,0.034285714285715585,0.0,267.42
724,about,267.54,267.7,5,0.1599999999999681,0.031999999999993624,0.12000000000000455,267.62
725,software,267.82,268.16,8,0.3400000000000318,0.04250000000000397,0.47999999999996135,267.99
726,a,268.64,268.72,1,0.0800000000000409,0.0800000000000409,0.05999999999994543,268.68
727,twenty,268.78,269.06,6,0.2800000000000295,0.04666666666667158,0.07999999999998408,268.91999999999996
728,point,269.14,269.3,5,0.160000000000025,0.032000000000005004,0.0999999999999659,269.22
729,seven,269.4,269.66,5,0.2600000000000477,0.05200000000000954,0.060000000000002274,269.53
730,seconds,269.72,270.16,7,0.4399999999999977,0.06285714285714253,3.1999999999999886,269.94000000000005
731,is,273.36,273.46,2,0.0999999999999659,0.04999999999998295,0.040000000000020464,273.40999999999997
732,like,273.5,273.64,4,0.1399999999999863,0.034999999999996576,0.060000000000002274,273.57
733,forty,273.7,273.98,5,0.2800000000000295,0.0560000000000059,0.07999999999998408,273.84000000000003
734,seconds,274.06,274.48,7,0.4200000000000159,0.060000000000002274,1.4399999999999977,274.27
735,so,275.92,276.12,2,0.1999999999999886,0.0999999999999943,2.579999999999984,276.02
736,how,278.7,278.86,3,0.160000000000025,0.05333333333334167,0.03999999999996362,278.78
737,i,278.9,278.96,1,0.0600000000000022,0.0600000000000022,0.040000000000020464,278.92999999999995
738,don't,279.0,279.14,5,0.1399999999999863,0.02799999999999726,0.060000000000002274,279.07
739,think,279.2,279.38,5,0.1800000000000068,0.03600000000000136,0.040000000000020464,279.28999999999996
740,it,279.42,279.46,2,0.0399999999999636,0.0199999999999818,0.040000000000020464,279.44
741,would,279.5,279.56,5,0.0600000000000022,0.01200000000000044,0.040000000000020464,279.53
742,be,279.6,279.68,2,0.079999999999984,0.039999999999992,0.5,279.64
743,good,280.18,280.4,4,0.2199999999999704,0.0549999999999926,2.740000000000009,280.28999999999996
744,yeah,283.14,283.36,4,0.2200000000000272,0.0550000000000068,0.339999999999975,283.25
745,i,283.7,283.76,1,0.0600000000000022,0.0600000000000022,0.040000000000020464,283.73
746,was,283.8,283.88,3,0.079999999999984,0.026666666666661332,0.01999999999998181,283.84000000000003
747,going,283.9,284.04,5,0.1400000000000432,0.02800000000000864,0.0,283.97
748,to,284.04,284.08,2,0.0399999999999636,0.0199999999999818,0.060000000000002274,284.06
749,have,284.14,284.22,4,0.0800000000000409,0.020000000000010225,0.01999999999998181,284.18
750,a,284.24,284.28,1,0.0399999999999636,0.0399999999999636,0.060000000000002274,284.26
751,hand,284.34,284.56,4,0.2200000000000272,0.0550000000000068,0.040000000000020464,284.45
752,injury,284.6,284.92,6,0.3199999999999932,0.0533333333333322,0.060000000000002274,284.76
753,so,284.98,285.1,2,0.1200000000000045,0.06000000000000225,0.060000000000002274,285.04
754,i,285.16,285.16,1,0.0,0.0,0.0,285.16
755,was,285.16,285.26,3,0.0999999999999659,0.03333333333332197,0.040000000000020464,285.21000000000004
756,just,285.3,285.44,4,0.1399999999999863,0.034999999999996576,0.040000000000020464,285.37
757,doing,285.48,285.68,5,0.1999999999999886,0.03999999999999772,0.0,285.58000000000004
758,it,285.68,285.74,2,0.0600000000000022,0.0300000000000011,0.03999999999996362,285.71000000000004
759,for,285.78,285.86,3,0.0800000000000409,0.0266666666666803,0.07999999999998408,285.82
760,therapy,285.94,286.34,7,0.3999999999999772,0.05714285714285389,0.36000000000001364,286.14
761,i'd,286.7,286.82,3,0.1200000000000045,0.0400000000000015,0.060000000000002274,286.76
762,be,286.88,286.96,2,0.079999999999984,0.039999999999992,0.08000000000004093,286.91999999999996
763,faster,287.04,287.46,6,0.4199999999999591,0.06999999999999318,0.060000000000002274,287.25
764,if,287.52,287.6,2,0.0800000000000409,0.04000000000002045,0.07999999999998408,287.56
765,my,287.68,287.76,2,0.079999999999984,0.039999999999992,0.060000000000002274,287.72
766,hand,287.82,288.04,4,0.2200000000000272,0.0550000000000068,0.060000000000002274,287.93
767,i,288.1,288.16,1,0.0600000000000022,0.0600000000000022,0.060000000000002274,288.13
768,have,288.22,288.3,4,0.079999999999984,0.019999999999996,0.07999999999998408,288.26
769,sort,288.38,288.54,4,0.160000000000025,0.04000000000000625,0.0,288.46000000000004
770,of,288.54,288.54,2,0.0,0.0,0.21999999999997044,288.54
771,like,288.76,288.9,4,0.1399999999999863,0.034999999999996576,0.020000000000038654,288.83
772,a,288.92,288.98,1,0.0600000000000022,0.0600000000000022,0.03999999999996362,288.95000000000005
773,little,289.02,289.2,6,0.1800000000000068,0.030000000000001133,0.07999999999998408,289.11
774,gifty,289.28,289.54,5,0.2600000000000477,0.05200000000000954,0.060000000000002274,289.40999999999997
775,hand,289.6,289.8,4,0.1999999999999886,0.04999999999999715,0.03999999999996362,289.70000000000005
776,sort,289.84,290.06,4,0.2200000000000272,0.0550000000000068,0.0,289.95
777,of,290.06,290.14,2,0.079999999999984,0.039999999999992,1.0200000000000387,290.1
778,i'd,291.16,291.34,3,0.1799999999999499,0.059999999999983296,0.020000000000038654,291.25
779,be,291.36,291.42,2,0.0600000000000022,0.0300000000000011,0.07999999999998408,291.39
780,faster,291.5,291.98,6,0.4800000000000182,0.08000000000000303,0.060000000000002274,291.74
781,if,292.04,292.12,2,0.079999999999984,0.039999999999992,0.5,292.08000000000004
782,that,292.62,292.76,4,0.1399999999999863,0.034999999999996576,0.040000000000020464,292.69
783,works,292.8,292.96,5,0.1599999999999681,0.031999999999993624,0.040000000000020464,292.88
784,better,293.0,293.24,6,0.2400000000000091,0.040000000000001514,0.19999999999998863,293.12
785,yeah,293.44,293.66,4,0.2200000000000272,0.0550000000000068,0.8599999999999568,293.55
786,mm-hmm,294.52,294.52,6,0.0,0.0,0.4000000000000341,294.52
787,have,294.92,295.06,4,0.1399999999999863,0.034999999999996576,0.040000000000020464,294.99
788,you,295.1,295.16,3,0.0600000000000022,0.020000000000000732,0.03999999999996362,295.13
789,ever,295.2,295.4,4,0.1999999999999886,0.04999999999999715,0.060000000000002274,295.29999999999995
790,been,295.46,295.58,4,0.1200000000000045,0.030000000000001126,0.040000000000020464,295.52
791,in,295.62,295.7,2,0.079999999999984,0.039999999999992,0.040000000000020464,295.65999999999997
792,a,295.74,295.78,1,0.0399999999999636,0.0399999999999636,0.060000000000002274,295.76
793,rubies,295.84,296.24,6,0.4000000000000341,0.06666666666667236,0.07999999999998408,296.03999999999996
794,cute,296.32,296.6,4,0.2800000000000295,0.07000000000000738,0.07999999999998408,296.46000000000004
795,competition,296.68,297.26,11,0.5799999999999841,0.052727272727271284,0.19999999999998863,296.97
796,no,297.46,297.64,2,0.1800000000000068,0.0900000000000034,0.2599999999999909,297.54999999999995
797,no,297.9,298.0,2,0.1000000000000227,0.05000000000001135,0.07999999999998408,297.95
798,those,298.08,298.26,5,0.1800000000000068,0.03600000000000136,0.01999999999998181,298.16999999999996
799,guys,298.28,298.5,4,0.2200000000000272,0.0550000000000068,0.0,298.39
800,are,298.5,298.6,3,0.1000000000000227,0.033333333333340896,0.03999999999996362,298.55
801,good,298.64,298.84,4,0.1999999999999886,0.04999999999999715,0.040000000000020464,298.74
802,like,298.88,299.02,4,0.1399999999999863,0.034999999999996576,0.040000000000020464,298.95
803,the,299.06,299.18,3,0.1200000000000045,0.0400000000000015,0.37999999999999545,299.12
804,the,299.56,299.62,3,0.0600000000000022,0.020000000000000732,0.07999999999998408,299.59000000000003
805,fastest,299.7,300.08,7,0.3799999999999954,0.054285714285713625,0.040000000000020464,299.89
806,time,300.12,300.32,4,0.1999999999999886,0.04999999999999715,0.040000000000020464,300.22
807,is,300.36,300.44,2,0.079999999999984,0.039999999999992,0.040000000000020464,300.4
808,five,300.48,300.7,4,0.2199999999999704,0.0549999999999926,0.2599999999999909,300.59000000000003
809,point,300.96,301.24,5,0.2800000000000295,0.0560000000000059,0.12000000000000455,301.1
810,five,301.36,301.58,4,0.2199999999999704,0.0549999999999926,0.040000000000020464,301.47
811,five,301.62,301.8,4,0.1800000000000068,0.0450000000000017,0.060000000000002274,301.71000000000004
812,seconds,301.86,302.24,7,0.3799999999999954,0.054285714285713625,0.7199999999999704,302.05
813,yeah,302.96,303.18,4,0.2200000000000272,0.0550000000000068,8.699999999999989,303.07
814,yeah,311.88,312.08,4,0.1999999999999886,0.04999999999999715,0.08000000000004093,311.98
815,i,312.16,312.18,1,0.0199999999999818,0.0199999999999818,0.040000000000020464,312.17
816,used,312.22,312.36,4,0.1399999999999863,0.034999999999996576,0.0,312.29
817,to,312.36,312.42,2,0.0600000000000022,0.0300000000000011,0.060000000000002274,312.39
818,take,312.48,312.66,4,0.1800000000000068,0.0450000000000017,0.0,312.57000000000005
819,it,312.66,312.74,2,0.079999999999984,0.039999999999992,0.01999999999998181,312.70000000000005
820,apart,312.76,313.12,5,0.3600000000000136,0.07200000000000271,5.480000000000018,312.94
821,from,318.6,318.76,4,0.1599999999999681,0.03999999999999203,0.13999999999998636,318.68
822,the,318.9,318.96,3,0.0600000000000022,0.020000000000000732,0.060000000000002274,318.92999999999995
823,solvent,319.02,319.42,7,0.4000000000000341,0.05714285714286201,1.4399999999999977,319.22
824,no,320.86,321.14,2,0.2799999999999727,0.13999999999998636,1.0,321.0
825,i,322.14,322.22,1,0.0800000000000409,0.0800000000000409,0.05999999999994543,322.18
826,can,322.28,322.38,3,0.1000000000000227,0.033333333333340896,0.060000000000002274,322.33
827,do,322.44,322.58,2,0.1399999999999863,0.06999999999999315,0.28000000000002956,322.51
828,it,322.86,322.96,2,0.0999999999999659,0.04999999999998295,0.08000000000004093,322.90999999999997
829,if,323.04,323.18,2,0.1399999999999863,0.06999999999999315,0.01999999999998181,323.11
830,i,323.2,323.26,1,0.0600000000000022,0.0600000000000022,0.10000000000002274,323.23
831,see,323.36,323.48,3,0.1200000000000045,0.0400000000000015,0.03999999999996362,323.42
832,a,323.52,323.56,1,0.0400000000000204,0.0400000000000204,0.060000000000002274,323.53999999999996
833,pattern,323.62,324.12,7,0.5,0.07142857142857142,0.30000000000001137,323.87
834,i,324.42,324.48,1,0.0600000000000022,0.0600000000000022,0.07999999999998408,324.45000000000005
835,can,324.56,324.66,3,0.1000000000000227,0.033333333333340896,0.07999999999998408,324.61
836,do,324.74,324.9,2,0.1599999999999681,0.07999999999998406,1.0400000000000205,324.82
837,i,325.94,326.04,1,0.1000000000000227,0.1000000000000227,0.03999999999996362,325.99
838,have,326.08,326.12,4,0.0400000000000204,0.0100000000000051,0.01999999999998181,326.1
839,a,326.14,326.2,1,0.0600000000000022,0.0600000000000022,0.040000000000020464,326.16999999999996
840,few,326.24,326.42,3,0.1800000000000068,0.06000000000000227,0.07999999999998408,326.33000000000004
841,moves,326.5,326.9,5,0.3999999999999772,0.07999999999999544,0.18000000000000682,326.7
842,without,327.08,327.42,7,0.3400000000000318,0.04857142857143311,0.03999999999996362,327.25
843,looking,327.46,327.76,7,0.3000000000000113,0.042857142857144474,0.01999999999998181,327.61
844,at,327.78,327.98,2,0.2000000000000454,0.1000000000000227,0.01999999999998181,327.88
845,it,328.0,328.14,2,0.1399999999999863,0.06999999999999315,0.5400000000000205,328.07
846,but,328.68,328.8,3,0.1200000000000045,0.0400000000000015,0.339999999999975,328.74
847,no,329.14,329.3,2,0.160000000000025,0.0800000000000125,0.13999999999998636,329.22
848,i,329.44,329.5,1,0.0600000000000022,0.0600000000000022,0.13999999999998636,329.47
849,it,329.64,329.8,2,0.160000000000025,0.0800000000000125,0.12000000000000455,329.72
850,some,329.92,330.12,4,0.1999999999999886,0.04999999999999715,0.040000000000020464,330.02
851,people,330.16,330.38,6,0.2199999999999704,0.03666666666666173,0.07999999999998408,330.27
852,can,330.46,330.58,3,0.1200000000000045,0.0400000000000015,0.060000000000002274,330.52
853,do,330.64,330.74,2,0.1000000000000227,0.05000000000001135,0.07999999999998408,330.69
854,that,330.82,330.94,4,0.1200000000000045,0.030000000000001126,0.10000000000002274,330.88
855,the,331.04,331.1,3,0.0600000000000022,0.020000000000000732,0.060000000000002274,331.07000000000005
856,whole,331.16,331.3,5,0.1399999999999863,0.02799999999999726,0.060000000000002274,331.23
857,use,331.36,331.54,3,0.1800000000000068,0.06000000000000227,0.03999999999996362,331.45000000000005
858,like,331.58,331.72,4,0.1400000000000432,0.0350000000000108,0.01999999999998181,331.65
859,that,331.74,331.9,4,0.1599999999999681,0.03999999999999203,1.0600000000000023,331.82
860,they,332.96,333.06,4,0.1000000000000227,0.025000000000005674,0.10000000000002274,333.01
861,have,333.16,333.22,4,0.0600000000000022,0.01500000000000055,0.03999999999996362,333.19000000000005
862,done,333.26,333.34,4,0.079999999999984,0.019999999999996,0.040000000000020464,333.29999999999995
863,anymore,333.38,333.66,7,0.2800000000000295,0.04000000000000421,0.03999999999996362,333.52
864,like,333.7,333.76,4,0.0600000000000022,0.01500000000000055,0.060000000000002274,333.73
865,complex,333.82,334.22,7,0.4000000000000341,0.05714285714286201,0.4199999999999591,334.02
866,lately,334.64,334.86,6,0.2200000000000272,0.0366666666666712,0.12000000000000455,334.75
867,like,334.98,335.08,4,0.0999999999999659,0.024999999999991473,0.020000000000038654,335.03
868,a,335.1,335.14,1,0.0399999999999636,0.0399999999999636,0.040000000000020464,335.12
869,five,335.18,335.38,4,0.1999999999999886,0.04999999999999715,0.060000000000002274,335.28
870,i,335.44,335.5,1,0.0600000000000022,0.0600000000000022,0.10000000000002274,335.47
871,five,335.6,335.86,4,0.2599999999999909,0.06499999999999773,0.13999999999998636,335.73
872,yeah,336.0,336.3,4,0.3000000000000113,0.07500000000000283,0.19999999999998863,336.15
873,that's,336.5,336.72,6,0.2200000000000272,0.0366666666666712,0.05999999999994543,336.61
874,the,336.78,336.84,3,0.0600000000000022,0.020000000000000732,0.08000000000004093,336.80999999999995
875,eyes,336.92,337.18,4,0.2599999999999909,0.06499999999999773,0.040000000000020464,337.05
876,i've,337.22,337.34,4,0.1199999999999477,0.029999999999986926,0.020000000000038654,337.28
877,done,337.36,337.48,4,0.1200000000000045,0.030000000000001126,0.03999999999996362,337.42
878,as,337.52,337.6,2,0.0800000000000409,0.04000000000002045,0.03999999999996362,337.56
879,a,337.64,337.68,1,0.0400000000000204,0.0400000000000204,0.060000000000002274,337.65999999999997
880,five,337.74,337.92,4,0.1800000000000068,0.0450000000000017,0.01999999999998181,337.83000000000004
881,by,337.94,338.04,2,0.1000000000000227,0.05000000000001135,0.060000000000002274,337.99
882,five,338.1,338.46,4,0.3599999999999568,0.0899999999999892,0.6800000000000068,338.28
883,out,339.14,339.28,3,0.1399999999999863,0.0466666666666621,0.0,339.21
884,of,339.28,339.38,2,0.1000000000000227,0.05000000000001135,0.37999999999999545,339.33
885,four,339.76,339.94,4,0.1800000000000068,0.0450000000000017,0.040000000000020464,339.85
886,by,339.98,340.1,2,0.1200000000000045,0.06000000000000225,0.07999999999998408,340.04
887,four,340.18,340.36,4,0.1800000000000068,0.0450000000000017,0.060000000000002274,340.27
888,as,340.42,340.52,2,0.0999999999999659,0.04999999999998295,0.040000000000020464,340.47
889,well,340.56,340.84,4,0.2799999999999727,0.06999999999999318,0.3800000000000523,340.7
890,the,341.22,341.26,3,0.0399999999999636,0.0133333333333212,0.07999999999998408,341.24
891,four,341.34,341.48,4,0.1400000000000432,0.0350000000000108,0.03999999999996362,341.40999999999997
892,by,341.52,341.64,2,0.1200000000000045,0.06000000000000225,0.08000000000004093,341.58
893,four,341.72,341.92,4,0.1999999999999886,0.04999999999999715,0.01999999999998181,341.82000000000005
894,is,341.94,342.0,2,0.0600000000000022,0.0300000000000011,0.040000000000020464,341.97
895,a,342.04,342.12,1,0.079999999999984,0.079999999999984,0.12000000000000455,342.08000000000004
896,different,342.24,342.54,9,0.3000000000000113,0.03333333333333459,0.15999999999996817,342.39
897,five,342.7,342.88,4,0.1800000000000068,0.0450000000000017,0.040000000000020464,342.78999999999996
898,five,342.92,343.06,4,0.1399999999999863,0.034999999999996576,0.01999999999998181,342.99
899,five,343.08,343.3,4,0.2200000000000272,0.0550000000000068,0.01999999999998181,343.19
900,to,343.32,343.38,2,0.0600000000000022,0.0300000000000011,0.040000000000020464,343.35
901,center,343.42,343.66,6,0.2400000000000091,0.040000000000001514,0.03999999999996362,343.54
902,pieces,343.7,344.02,6,0.3199999999999932,0.0533333333333322,0.040000000000020464,343.86
903,like,344.06,344.18,4,0.1200000000000045,0.030000000000001126,0.01999999999998181,344.12
904,a,344.2,344.24,1,0.0400000000000204,0.0400000000000204,0.03999999999996362,344.22
905,three,344.28,344.42,5,0.1400000000000432,0.02800000000000864,0.03999999999996362,344.35
906,by,344.46,344.56,2,0.1000000000000227,0.05000000000001135,0.060000000000002274,344.51
907,three,344.62,344.76,5,0.1399999999999863,0.02799999999999726,0.10000000000002274,344.69
908,they,344.86,344.94,4,0.079999999999984,0.019999999999996,0.040000000000020464,344.9
909,don't,344.98,345.16,5,0.1800000000000068,0.03600000000000136,0.03999999999996362,345.07000000000005
910,move,345.2,345.5,4,0.3000000000000113,0.07500000000000283,0.4200000000000159,345.35
911,like,345.92,346.1,4,0.1800000000000068,0.0450000000000017,0.3599999999999568,346.01
912,this,346.46,346.6,4,0.1400000000000432,0.0350000000000108,0.060000000000002274,346.53
913,piece,346.66,346.86,5,0.1999999999999886,0.03999999999999772,0.03999999999996362,346.76
914,can,346.9,346.98,3,0.0800000000000409,0.0266666666666803,0.03999999999996362,346.94
915,never,347.02,347.22,5,0.2000000000000454,0.04000000000000908,0.05999999999994543,347.12
916,be,347.28,347.38,2,0.1000000000000227,0.05000000000001135,0.36000000000001364,347.33
917,turned,347.74,348.06,6,0.3199999999999932,0.0533333333333322,0.07999999999998408,347.9
918,you,348.14,348.2,3,0.0600000000000022,0.020000000000000732,0.040000000000020464,348.16999999999996
919,know,348.24,348.34,4,0.0999999999999659,0.024999999999991473,0.060000000000002274,348.28999999999996
920,it's,348.4,348.56,4,0.160000000000025,0.04000000000000625,0.07999999999998408,348.48
921,it's,348.64,348.8,4,0.160000000000025,0.04000000000000625,0.01999999999998181,348.72
922,always,348.82,349.04,6,0.2200000000000272,0.0366666666666712,0.03999999999996362,348.93
923,going,349.08,349.2,5,0.1200000000000045,0.024000000000000903,0.0,349.14
924,to,349.2,349.24,2,0.0400000000000204,0.0200000000000102,0.03999999999996362,349.22
925,stay,349.28,349.46,4,0.1800000000000068,0.0450000000000017,0.060000000000002274,349.37
926,there,349.52,349.68,5,0.160000000000025,0.032000000000005004,0.339999999999975,349.6
927,well,350.02,350.18,4,0.160000000000025,0.04000000000000625,0.060000000000002274,350.1
928,for,350.24,350.42,3,0.1800000000000068,0.06000000000000227,0.060000000000002274,350.33000000000004
929,by,350.48,350.62,2,0.1399999999999863,0.06999999999999315,0.10000000000002274,350.55
930,for,350.72,351.0,3,0.2799999999999727,0.09333333333332423,0.2599999999999909,350.86
931,the,351.26,351.32,3,0.0600000000000022,0.020000000000000732,0.060000000000002274,351.28999999999996
932,center,351.38,351.66,6,0.2800000000000295,0.04666666666667158,0.01999999999998181,351.52
933,pieces,351.68,352.0,6,0.3199999999999932,0.0533333333333322,0.040000000000020464,351.84000000000003
934,can,352.04,352.26,3,0.2199999999999704,0.07333333333332347,0.07999999999998408,352.15
935,move,352.34,352.58,4,0.2400000000000091,0.060000000000002274,0.28000000000002956,352.46
936,so,352.86,352.94,2,0.079999999999984,0.039999999999992,0.01999999999998181,352.9
937,you,352.96,353.02,3,0.0600000000000022,0.020000000000000732,0.040000000000020464,352.99
938,have,353.06,353.14,4,0.079999999999984,0.019999999999996,0.020000000000038654,353.1
939,to,353.16,353.22,2,0.0600000000000022,0.0300000000000011,0.05999999999994543,353.19000000000005
940,first,353.28,353.48,5,0.2000000000000454,0.04000000000000908,0.03999999999996362,353.38
941,get,353.52,353.62,3,0.1000000000000227,0.033333333333340896,0.01999999999998181,353.57
942,the,353.64,353.72,3,0.0800000000000409,0.0266666666666803,0.03999999999996362,353.68
943,center,353.76,354.02,6,0.2599999999999909,0.043333333333331815,0.020000000000038654,353.89
944,pieces,354.04,354.4,6,0.3599999999999568,0.0599999999999928,0.040000000000020464,354.22
945,right,354.44,354.7,5,0.2599999999999909,0.05199999999999818,0.18000000000000682,354.57
946,just,354.88,355.06,4,0.1800000000000068,0.0450000000000017,0.5199999999999818,354.97
947,more,355.58,355.74,4,0.160000000000025,0.04000000000000625,0.03999999999996362,355.65999999999997
948,difficult,355.78,356.2,9,0.4200000000000159,0.04666666666666844,0.060000000000002274,355.99
949,actually,356.26,356.48,8,0.2200000000000272,0.0275000000000034,1.079999999999984,356.37
950,any,357.56,357.72,3,0.160000000000025,0.05333333333334167,0.01999999999998181,357.64
951,other,357.74,357.88,5,0.1399999999999863,0.02799999999999726,0.060000000000002274,357.81
952,questions,357.94,358.32,9,0.3799999999999954,0.04222222222222171,3.680000000000007,358.13
953,yeah,362.0,362.0,4,0.0,0.0,0.0,362.0
