Unnamed: 0,Word,Start,End,time_spent,post_pause,speaker,length,std_time_spent,amplitude
4,i,12.68,12.78,0.1,0.1,0,1,0.4,0.3625207502367703
5,spend,12.88,13.1,0.22,0.04,0,5,0.176,0.26275253877595917
6,most,13.14,13.38,0.24,0.02,0,4,0.24,0.20157350985039285
7,of,13.4,13.46,0.06,0.02,0,2,0.12,0.2048257644514688
8,my,13.48,13.58,0.1,0.08,0,2,0.2,0.2789816646810744
9,day,13.66,13.86,0.2,0.04,0,3,0.26666666666666666,0.25377909114987823
10,in,13.9,13.96,0.06,0.06,0,2,0.12,0.14437099305264947
11,front,14.02,14.2,0.18,0.0,0,5,0.144,0.12989500965670278
12,of,14.2,14.26,0.06,0.04,0,2,0.12,0.07652664231683211
13,computers,14.3,14.92,0.62,0.76,0,9,0.27555555555555555,0.1111835466019326
14,so,15.68,15.78,0.1,0.04,0,2,0.2,0.1332048882937636
15,i,15.82,15.86,0.04,0.06,0,1,0.16,0.44990791887323595
16,tend,15.92,16.1,0.18,0.04,0,4,0.18,0.21884948233316043
17,to,16.14,16.2,0.06,0.04,0,2,0.12,0.19739010096434148
18,take,16.24,16.4,0.16,0.06,0,4,0.16,0.2445454601999515
19,shotgun,16.46,16.92,0.46,0.04,0,7,0.26285714285714284,0.20056390863954707
20,whenever,16.96,17.22,0.26,0.0,0,8,0.13,0.2684736955212372
21,i,17.22,17.28,0.06,0.06,0,1,0.24,0.2876805427864711
22,take,17.34,17.5,0.16,0.0,0,4,0.16,0.07659629865111504
23,a,17.5,17.54,0.04,0.06,0,1,0.16,0.17034662113414417
24,shared,17.6,17.86,0.26,0.02,0,6,0.17333333333333334,0.14848152960927852
25,ride,17.88,18.24,0.36,1.3,0,4,0.36,0.14697573707192338
26,this,19.54,19.7,0.16,0.08,0,4,0.16,0.18623271826699847
27,one,19.78,19.96,0.18,0.04,0,3,0.24,0.3508462685055782
28,time,20.0,20.4,0.4,0.66,0,4,0.4,0.29074287697129314
29,i,21.06,21.16,0.1,0.06,0,1,0.4,0.08092968600060117
30,happen,21.22,21.46,0.24,0.02,0,6,0.16,0.384094097991584
31,to,21.48,21.56,0.08,0.06,0,2,0.16,0.13319169917963147
32,mention,21.62,22.02,0.4,0.04,0,7,0.2285714285714286,0.3013358136470059
33,that,22.06,22.2,0.14,0.08,0,4,0.14,0.35973660518502965
34,i'm,22.28,22.42,0.14,0.04,0,3,0.18666666666666668,0.24625133610209365
35,on,22.46,22.56,0.1,0.06,0,2,0.2,0.5608265027402871
36,my,22.62,22.7,0.08,0.08,0,2,0.16,0.5138937822538986
37,way,22.78,22.96,0.18,0.02,0,3,0.24,0.44393483814261653
38,to,22.98,23.04,0.06,0.04,0,2,0.12,0.20481530363211428
39,give,23.08,23.2,0.12,0.04,0,4,0.12,0.2715564620133015
40,a,23.24,23.28,0.04,0.04,0,1,0.16,0.11449475161373454
41,talk,23.32,23.76,0.44,0.32,0,4,0.44,0.15130490989351356
42,about,24.08,24.34,0.26,0.06,0,5,0.20800000000000002,0.2901286354922095
43,artificial,24.4,24.96,0.56,0.06,0,10,0.22400000000000003,0.20161878621524387
44,intelligence,25.02,25.8,0.78,1.56,0,12,0.26,0.06856413195057154
45,the,27.36,27.42,0.06,0.06,0,3,0.08,0.0772577687722584
46,drivers,27.48,27.86,0.38,0.04,0,7,0.21714285714285714,0.5246244401548913
47,eyebrows,27.9,28.32,0.42,0.04,0,8,0.21,0.49013770578170096
48,go,28.36,28.46,0.1,0.08,0,2,0.2,0.24204383300065258
49,up,28.54,28.7,0.16,1.14,0,2,0.32,0.16143061034592943
50,yell,29.84,30.1,0.26,0.04,0,4,0.26,0.4458425856700962
51,make,30.14,30.34,0.2,0.1,0,4,0.2,0.19497286006387604
52,robots,30.44,31.12,0.68,1.48,0,6,0.45333333333333337,0.23555408037244865
53,we,32.6,32.68,0.08,0.06,0,2,0.16,0.35348340808028555
54,got,32.74,32.86,0.12,0.04,0,3,0.16,1.0
55,enough,32.9,33.18,0.28,0.18,0,6,0.18666666666666668,0.2908075805720882
56,trouble,33.36,34.04,0.68,0.38,0,7,0.3885714285714286,0.24487581794758345
57,without,34.42,34.9,0.48,0.28,0,7,0.2742857142857143,0.3425430520439428
58,robots,35.18,35.92,0.74,1.96,0,6,0.49333333333333335,0.15861735293107773
59,cause,37.88,38.06,0.18,0.04,0,5,0.144,0.4244527401150323
60,i,38.1,38.16,0.06,0.04,0,1,0.24,0.39835855608085313
61,don't,38.2,38.28,0.08,0.04,0,5,0.064,0.4774600207039406
62,know,38.32,38.4,0.08,0.06,0,4,0.08,0.8344937931765017
63,the,38.46,38.5,0.04,0.02,0,3,0.05333333333333334,0.31631237080947
64,exact,38.52,38.78,0.26,0.04,0,5,0.20800000000000002,0.37787920777351536
65,pattern,38.82,39.12,0.3,0.0,0,7,0.17142857142857143,0.26237825220159017
66,of,39.12,39.16,0.04,0.04,0,2,0.08,0.20032747076660418
67,electoral,39.2,39.52,0.32,0.02,0,9,0.14222222222222222,0.3012404682262743
68,magazine,39.54,39.84,0.3,0.04,0,8,0.15,0.35032388722916313
69,signals,39.88,40.16,0.28,0.04,0,7,0.16,0.26211316938464985
70,going,40.2,40.38,0.18,0.02,0,5,0.144,0.33464519233229484
71,through,40.4,40.5,0.1,0.02,0,7,0.05714285714285715,0.181896383510978
72,his,40.52,40.6,0.08,0.04,0,3,0.10666666666666667,0.4371965390520528
73,rain,40.64,40.8,0.16,0.02,0,4,0.16,0.411191295542791
74,at,40.82,40.86,0.04,0.02,0,2,0.08,0.51527673084505
75,that,40.88,41.0,0.12,0.04,0,4,0.12,0.5346402729199498
76,moment,41.04,41.32,0.28,0.04,0,6,0.18666666666666668,0.26499823509014
77,but,41.36,41.46,0.1,0.06,0,3,0.13333333333333333,0.459985165427256
78,i,41.52,41.58,0.06,0.08,0,1,0.24,0.3549198623488111
79,can,41.66,41.74,0.08,0.06,0,3,0.10666666666666667,0.29628654577949054
80,guess,41.8,42.14,0.34,0.52,0,5,0.272,0.3543658214331096
81,skynet,42.66,43.22,0.56,0.98,0,6,0.37333333333333335,0.2931135551088518
82,terminator,44.2,44.82,0.62,0.94,0,10,0.248,0.3004551458116388
83,health,45.76,46.22,0.46,0.04,0,6,0.3066666666666667,0.5101245314652586
84,care,46.26,46.58,0.32,0.08,0,4,0.32,0.3791482685435576
85,i,46.66,46.74,0.08,0.14,0,1,0.32,0.2544935933842763
86,say,46.88,47.14,0.26,1.28,0,3,0.3466666666666667,0.2295283260411648
87,i,48.42,48.52,0.1,0.14,0,1,0.4,0.029891461459867655
88,work,48.66,49.0,0.34,0.36,0,4,0.34,0.19848845373481863
89,in,49.36,49.48,0.12,0.08,0,2,0.24,0.10154397452799914
90,health,49.56,49.84,0.28,0.02,0,6,0.18666666666666668,0.18053980103131162
91,care,49.86,50.16,0.3,1.26,0,4,0.3,0.08499063261899288
92,we,51.42,51.52,0.1,0.12,0,2,0.2,0.23266980795961859
93,match,51.64,51.96,0.32,0.06,0,5,0.256,0.1741805290978764
94,patience,52.02,52.78,0.76,1.04,0,8,0.38,0.06670442399136292
95,to,53.82,53.94,0.12,0.06,0,2,0.24,0.0495040841253438
96,treatments,54.0,54.72,0.72,1.44,0,10,0.288,0.040177203452616994
97,yeah,56.16,56.16,0.0,3.46,0,4,0.0,
98,you,59.62,59.86,0.24,0.08,0,3,0.32,0.3732814275644569
99,decide,59.94,60.66,0.72,0.12,0,6,0.48,0.33082115028771736
100,who,60.78,60.9,0.12,1.08,0,3,0.16,0.026813153321166426
101,gets,61.98,62.5,0.52,0.56,0,4,0.52,0.24172987140720653
102,what,63.06,63.42,0.36,1.88,0,4,0.36,0.25772645777290004
103,and,65.3,65.54,0.24,0.06,0,3,0.32,0.4529987375864355
104,all,65.6,65.7,0.1,0.04,0,3,0.13333333333333333,0.6693740146744562
105,of,65.74,65.8,0.06,0.04,0,2,0.12,0.610747681408867
106,a,65.84,65.88,0.04,0.04,0,1,0.16,0.4363532415134129
107,sudden,65.92,66.18,0.26,0.04,0,6,0.17333333333333334,0.40579321915698185
108,despite,66.22,66.58,0.36,0.04,0,7,0.2057142857142857,0.2597732914265999
109,being,66.62,66.76,0.14,0.0,0,5,0.11200000000000002,0.2572316825583723
110,a,66.76,66.8,0.04,0.02,0,1,0.16,0.3374395504825713
111,generally,66.82,67.12,0.3,0.04,0,9,0.13333333333333333,0.3467423288620556
112,small,67.16,67.42,0.26,0.04,0,5,0.20800000000000002,0.32959380547829487
113,and,67.46,67.56,0.1,0.02,0,3,0.13333333333333333,0.17320768350008842
114,assuming,67.58,67.88,0.3,0.02,0,8,0.15,0.3590482105708276
115,female,67.9,68.26,0.36,0.06,0,6,0.24,0.2365307173242996
116,i,68.32,68.4,0.08,0.04,0,1,0.32,0.23385093341843982
117,have,68.44,68.52,0.08,0.02,0,4,0.08,0.27416382123741406
118,become,68.54,68.9,0.36,0.6,0,6,0.24,0.1765204836272392
119,the,69.5,69.6,0.1,0.08,0,3,0.13333333333333333,0.3499928729778047
120,man,69.68,70.0,0.32,2.32,0,3,0.4266666666666667,0.10742966972036207
121,what,72.32,72.48,0.16,0.02,0,4,0.16,0.4622519330958037
122,can,72.5,72.6,0.1,0.02,0,3,0.13333333333333333,0.3183086344121281
123,we,72.62,72.7,0.08,0.06,0,2,0.16,0.4564208391395986
124,do,72.76,72.84,0.08,0.92,0,2,0.16,0.37007349008321394
125,the,73.76,73.82,0.06,0.1,0,3,0.08,0.6162449833420877
126,thing,73.92,74.14,0.22,0.02,0,5,0.176,0.4485185704196292
127,is,74.16,74.32,0.16,0.04,0,2,0.32,0.4746123807001276
128,the,74.36,74.48,0.12,0.38,0,3,0.16,0.6775592382770615
129,thing,74.86,75.08,0.22,0.02,0,5,0.176,0.3974291624006093
130,is,75.1,75.3,0.2,0.3,0,2,0.4,0.23256989299854064
131,he,75.6,75.72,0.12,0.12,0,2,0.24,0.4020001934780373
132,does,75.84,76.14,0.3,0.08,0,4,0.3,0.5758109196535094
133,underscore,76.22,76.94,0.72,0.48,0,10,0.288,0.2877762922681304
134,a,77.42,77.48,0.06,0.08,0,1,0.24,0.3096853003859618
135,very,77.56,77.8,0.24,0.08,0,4,0.24,0.32396523766062724
136,legitimate,77.88,78.36,0.48,0.04,0,10,0.192,0.17621393921142484
137,concern,78.4,78.88,0.48,1.18,0,7,0.2742857142857143,0.12745457589458736
138,a,80.06,80.18,0.12,0.1,0,1,0.48,0.27784284899566947
139,eyes,80.28,80.62,0.34,0.02,0,4,0.34,0.331616083860669
140,while,80.64,80.92,0.28,0.08,0,5,0.22400000000000003,0.4145675148921443
141,extremely,81.0,81.6,0.6,0.06,0,9,0.26666666666666666,0.2589845079506232
142,powerful,81.66,82.34,0.68,1.04,0,8,0.34,0.2350941203074442
143,are,83.38,83.54,0.16,0.08,0,3,0.21333333333333335,0.19257027844674926
144,also,83.62,83.94,0.32,0.04,0,4,0.32,0.25378536764149096
145,extremely,83.98,84.56,0.58,0.06,0,9,0.2577777777777778,0.12733890731002856
146,literal,84.62,85.08,0.46,1.22,0,7,0.26285714285714284,0.15455062410782772
147,an,86.3,86.4,0.1,0.04,0,2,0.2,0.15777972784623465
148,extremely,86.44,87.1,0.66,0.08,0,9,0.29333333333333333,0.2814164396625316
149,literal,87.18,87.52,0.34,0.04,0,7,0.1942857142857143,0.3662802789060663
150,problem,87.56,87.96,0.4,0.04,0,7,0.2285714285714286,0.23449469789601352
151,solving,88.0,88.48,0.48,0.78,0,7,0.2742857142857143,0.35901590925701
152,combined,89.26,89.74,0.48,0.02,0,8,0.24,0.2650638625953472
153,with,89.76,89.86,0.1,0.04,0,4,0.1,0.20920404143860394
154,an,89.9,89.96,0.06,0.06,0,2,0.12,0.11471315655836596
155,inaccurate,90.02,90.68,0.66,0.04,0,10,0.264,0.1860565357081033
156,problem,90.72,91.14,0.42,0.02,0,7,0.24,0.18175073174744039
157,definition,91.16,91.82,0.66,0.96,0,10,0.264,0.23389072694071408
158,that,92.78,92.94,0.16,0.04,0,4,0.16,0.46448528268738637
159,was,92.98,93.12,0.14,0.02,0,3,0.18666666666666668,0.24747258627515328
160,a,93.14,93.2,0.06,0.04,0,1,0.24,0.27852676040157676
161,reason,93.24,93.6,0.36,0.06,0,6,0.24,0.19987393299053574
162,behind,93.66,94.14,0.48,0.04,0,6,0.32,0.14366251992562265
163,our,94.18,94.26,0.08,0.04,0,3,0.10666666666666667,0.11121486065882336
164,most,94.3,94.52,0.22,0.06,0,4,0.22,0.10740451363450644
165,recent,94.58,94.88,0.3,0.04,0,6,0.19999999999999998,0.1117802820811772
166,mortgage,94.92,95.28,0.36,0.04,0,8,0.18,0.08958485484458686
167,crisis,95.32,95.92,0.6,2.1,0,6,0.39999999999999997,0.035121475322338135
168,truth,98.02,98.34,0.32,0.04,0,5,0.256,0.2008169204883959
169,be,98.38,98.46,0.08,0.06,0,2,0.16,0.1643279745822823
170,told,98.52,99.02,0.5,0.78,0,4,0.5,0.30681318913298045
171,an,99.8,99.92,0.12,0.06,0,2,0.24,0.058405110496645304
172,ai,99.98,100.32,0.34,0.08,0,2,0.68,0.4107193363026446
173,task,100.4,100.8,0.4,0.04,0,4,0.4,0.19900347030613966
174,to,100.84,100.92,0.08,0.06,0,2,0.16,0.10559803679635618
175,find,100.98,101.2,0.22,0.04,0,4,0.22,0.24564061738590662
176,the,101.24,101.28,0.04,0.04,0,3,0.05333333333333334,0.1701010746041605
177,most,101.32,101.54,0.22,0.08,0,4,0.22,0.13691936846277236
178,cost,101.62,102.18,0.56,0.02,0,4,0.56,0.13120448681101715
179,effective,102.2,102.62,0.42,0.06,0,9,0.18666666666666665,0.21936606101865938
180,treatments,102.68,103.12,0.44,0.04,0,10,0.176,0.2171585307230045
181,to,103.16,103.24,0.08,0.06,0,2,0.16,0.06525291834477608
182,cancer,103.3,103.78,0.48,0.88,0,6,0.32,0.22702754592900487
183,would,104.66,104.8,0.14,0.04,0,5,0.11200000000000002,0.12515321583122632
184,probably,104.84,105.34,0.5,0.08,0,8,0.25,0.21219087112567417
185,choose,105.42,105.72,0.3,0.02,0,6,0.19999999999999998,0.11813723718546097
186,to,105.74,105.84,0.1,0.18,0,2,0.2,0.1429865460198067
187,end,106.02,106.3,0.28,0.04,0,3,0.37333333333333335,0.1628883800484872
188,lives,106.34,106.88,0.54,0.84,0,5,0.43200000000000005,0.1015259272585722
189,rather,107.72,108.12,0.4,0.02,0,6,0.26666666666666666,0.2083457736192932
190,than,108.14,108.28,0.14,0.06,0,4,0.14,0.0961101443230241
191,save,108.34,108.6,0.26,0.04,0,4,0.26,0.12519979086625557
192,them,108.64,108.88,0.24,2.96,0,4,0.24,0.06152406033216306
193,that,111.84,112.08,0.24,0.06,0,4,0.24,0.3176841517691484
194,said,112.14,112.48,0.34,0.72,0,4,0.34,0.15546320351494397
195,i,113.2,113.3,0.1,0.1,0,1,0.4,0.07393088894770614
196,see,113.4,113.52,0.12,0.1,0,3,0.16,0.24477732991544127
197,great,113.62,113.86,0.24,0.04,0,5,0.192,0.258970399980737
198,potential,113.9,114.5,0.6,0.06,0,9,0.26666666666666666,0.13487771467097404
199,for,114.56,114.68,0.12,0.08,0,3,0.16,0.1632226617912966
200,ais,114.76,115.32,0.56,0.14,0,3,0.7466666666666667,0.20188735462566024
201,to,115.46,115.58,0.12,0.06,0,2,0.24,0.027655532004052203
202,improve,115.64,116.08,0.44,0.04,0,7,0.25142857142857145,0.11515432298050489
203,our,116.12,116.2,0.08,0.08,0,3,0.10666666666666667,0.2057072298445103
204,lives,116.28,116.7,0.42,1.8,0,5,0.33599999999999997,0.07287933022806761
205,in,118.5,118.64,0.14,0.08,0,2,0.28,0.16524157973208578
206,health,118.72,119.02,0.3,0.02,0,6,0.19999999999999998,0.21866757716633084
207,care,119.04,119.32,0.28,0.44,0,4,0.28,0.20916926628237134
208,we,119.76,119.86,0.1,0.08,0,2,0.2,0.17635593776604117
209,have,119.94,120.08,0.14,0.06,0,4,0.14,0.46066816403579863
210,too,120.14,120.28,0.14,0.06,0,3,0.18666666666666668,0.07885512377091347
211,much,120.34,120.52,0.18,0.06,0,4,0.18,0.2717862230726376
212,data,120.58,120.88,0.3,0.68,0,4,0.3,0.15129011824354174
213,electronic,121.56,122.06,0.5,0.06,0,10,0.2,0.15389468131891332
214,health,122.12,122.38,0.26,0.06,0,6,0.17333333333333334,0.2829320702337382
215,records,122.44,123.06,0.62,0.38,0,7,0.35428571428571426,0.2597419469691879
216,social,123.44,123.78,0.34,0.1,0,6,0.22666666666666668,0.08451480004843687
217,media,123.88,124.38,0.5,1.28,0,5,0.4,0.38059168561826295
218,all,125.66,125.84,0.18,0.04,0,3,0.24,0.4116793257502445
219,of,125.88,125.94,0.06,0.04,0,2,0.12,0.22587745659030914
220,the,125.98,126.04,0.06,0.06,0,3,0.08,0.13038657392474912
221,published,126.1,126.5,0.4,0.04,0,9,0.17777777777777778,0.11164734485792066
222,literature,126.54,127.14,0.6,0.66,0,10,0.24,0.2669551716665221
223,it's,127.8,128.0,0.2,0.08,0,4,0.2,0.1383587360823393
224,far,128.08,128.32,0.24,0.1,0,3,0.32,0.2724898074158445
225,too,128.42,128.54,0.12,0.08,0,3,0.16,0.12129866642930347
226,much,128.62,128.84,0.22,0.08,0,4,0.22,0.23319920766618535
227,for,128.92,129.0,0.08,0.06,0,3,0.10666666666666667,0.1560754483297488
228,us,129.06,129.22,0.16,0.06,0,2,0.32,0.23421935923523307
229,humans,129.28,129.66,0.38,0.04,0,6,0.25333333333333335,0.11159227600974543
230,to,129.7,129.78,0.08,0.04,0,2,0.16,0.04330491775840474
231,be,129.82,129.88,0.06,0.06,0,2,0.12,0.13484288296977198
232,able,129.94,130.18,0.24,0.04,0,4,0.24,0.13971062734900175
233,to,130.22,130.28,0.06,0.06,0,2,0.12,0.04662566245376801
234,consume,130.34,130.9,0.56,1.78,0,7,0.32,0.08394329255797049
235,in,132.68,132.8,0.12,0.04,0,2,0.24,0.13538359424046137
236,my,132.84,133.04,0.2,0.08,0,2,0.4,0.4361419612349365
237,lab,133.12,133.52,0.4,0.28,0,3,0.5333333333333333,0.2543160280438546
238,we,133.8,133.92,0.12,0.12,0,2,0.24,0.26846670351827984
239,leverage,134.04,134.62,0.58,0.04,0,8,0.29,0.3010549684323653
240,these,134.66,134.86,0.2,0.04,0,5,0.16,0.12019185519662644
241,massive,134.9,135.28,0.38,0.04,0,7,0.21714285714285714,0.1300187340180015
242,data,135.32,135.66,0.34,0.9,0,4,0.34,0.09074788508162955
243,to,136.56,136.64,0.08,0.06,0,2,0.16,0.029704863060570925
244,understand,136.7,137.24,0.54,0.08,0,10,0.21600000000000003,0.2496846479198417
245,how,137.32,137.46,0.14,0.04,0,3,0.18666666666666668,0.3133480007842787
246,we,137.5,137.56,0.06,0.04,0,2,0.12,0.253708890570264
247,can,137.6,137.68,0.08,0.06,0,3,0.10666666666666667,0.1787200122589494
248,personalise,137.74,138.46,0.72,0.04,0,11,0.2618181818181818,0.21062051648457852
249,treatment,138.5,139.0,0.5,0.1,0,9,0.2222222222222222,0.10007169619405708
250,for,139.1,139.2,0.1,0.06,0,3,0.13333333333333333,0.08497649637662193
251,h,139.26,139.36,0.1,0.14,0,1,0.4,0.13361065499477975
252,i,139.5,139.56,0.06,0.08,0,1,0.24,0.32327475290201746
253,v,139.64,139.76,0.12,0.32,0,1,0.48,0.20758247307623057
254,and,140.08,140.2,0.12,0.06,0,3,0.16,0.0828772078395642
255,oppression,140.26,140.88,0.62,0.62,0,10,0.248,0.10182216209762517
256,to,141.5,141.58,0.08,0.06,0,2,0.16,0.09214683673068862
257,understand,141.64,142.12,0.48,0.04,0,10,0.192,0.27250175254064796
258,the,142.16,142.2,0.04,0.06,0,3,0.05333333333333334,0.3282771449898306
259,trajectories,142.26,143.06,0.8,0.18,0,12,0.26666666666666666,0.13752597711238695
260,of,143.24,143.34,0.1,0.04,0,2,0.2,0.10256441331978958
261,children,143.38,143.72,0.34,0.02,0,8,0.17,0.1677375364569187
262,with,143.74,143.82,0.08,0.06,0,4,0.08,0.18471533401089915
263,autism,143.88,144.5,0.62,1.4,0,6,0.41333333333333333,0.06380566581111037
264,all,145.9,146.1,0.2,0.06,0,3,0.26666666666666666,0.3000166477814322
265,of,146.16,146.22,0.06,0.06,0,2,0.12,0.6898487219446834
266,this,146.28,146.48,0.2,0.04,0,4,0.2,0.3209171952168422
267,would,146.52,146.64,0.12,0.02,0,5,0.096,0.17023141075882078
268,be,146.66,146.72,0.06,0.06,0,2,0.12,0.18876868946713765
269,impossible,146.78,147.46,0.68,0.7,0,10,0.272,0.1722615996800819
270,without,148.16,148.46,0.3,0.06,0,7,0.17142857142857143,0.2313597175616471
271,a,148.52,148.64,0.12,0.1,0,1,0.48,0.11833514457865447
272,i,148.74,148.84,0.1,1.94,0,1,0.4,0.1415880758345319
273,but,150.78,150.9,0.12,0.04,0,3,0.16,0.20594083124969045
274,if,150.94,151.02,0.08,0.02,0,2,0.16,0.2633065509656067
275,we're,151.04,151.14,0.1,0.04,0,5,0.08,0.32286061754551765
276,going,151.18,151.44,0.26,0.04,0,5,0.20800000000000002,0.4213835154182238
277,to,151.48,151.56,0.08,0.06,0,2,0.16,0.12815629896588204
278,reap,151.62,151.88,0.26,0.04,0,4,0.26,0.22013381432272552
279,the,151.92,151.96,0.04,0.06,0,3,0.05333333333333334,0.25042532419233643
280,benefits,152.02,152.74,0.72,0.62,0,8,0.36,0.10997063572613897
281,of,153.36,153.52,0.16,0.06,0,2,0.32,0.07611761014382826
282,what,153.58,153.76,0.18,0.06,0,4,0.18,0.3214499524951575
283,a,153.82,153.88,0.06,0.1,0,1,0.24,0.4475000927101896
284,eyes,153.98,154.24,0.26,0.08,0,4,0.26,0.33510178571152194
285,have,154.32,154.52,0.2,0.04,0,4,0.2,0.26457847350917657
286,to,154.56,154.64,0.08,0.06,0,2,0.16,0.12500893528319867
287,offer,154.7,155.08,0.38,1.4,0,5,0.304,0.16242163533740966
288,we,156.48,156.6,0.12,0.1,0,2,0.24,0.22445577469506126
289,must,156.7,157.14,0.44,0.24,0,4,0.44,0.18317248524183793
290,find,157.38,157.7,0.32,0.06,0,4,0.32,0.3436698165827265
291,ways,157.76,158.18,0.42,0.08,0,4,0.42,0.1977653576153947
292,to,158.26,158.36,0.1,0.08,0,2,0.2,0.09477409978405948
293,hold,158.44,158.82,0.38,0.08,0,4,0.38,0.2762375075515125
294,a,158.9,159.08,0.18,0.06,0,1,0.72,0.29375799610659614
295,is,159.14,159.64,0.5,0.3,0,2,1.0,0.15486346628108025
296,accountable,159.94,160.66,0.72,1.72,0,11,0.2618181818181818,0.06684588437675217
297,today,162.38,162.76,0.38,0.32,0,5,0.304,0.2297414273194783
298,i'll,163.08,163.26,0.18,0.04,0,4,0.18,0.1990976648011382
299,tell,163.3,163.46,0.16,0.04,0,4,0.16,0.23715192271508967
300,you,163.5,163.56,0.06,0.06,0,3,0.08,0.36823422358832775
301,one,163.62,163.8,0.18,0.04,0,3,0.24,0.2514157093328462
302,way,163.84,164.06,0.22,0.88,0,3,0.29333333333333333,0.07327551218958114
303,through,164.94,165.1,0.16,0.06,0,7,0.09142857142857143,0.16248012032015577
304,explanation,165.16,165.92,0.76,1.56,0,11,0.27636363636363637,0.0864614446525947
305,mm-hmm,167.48,167.48,0.0,1.06,0,6,0.0,
306,but,168.54,168.68,0.14,0.06,0,3,0.18666666666666668,0.2216397342416053
307,first,168.74,169.12,0.38,0.28,0,5,0.304,0.17728160867700218
308,let,169.4,169.56,0.16,0.02,0,3,0.21333333333333335,0.37514133297320473
309,me,169.58,169.64,0.06,0.06,0,2,0.12,0.32370081924707833
310,make,169.7,169.84,0.14,0.04,0,4,0.14,0.3840123299267839
311,the,169.88,169.94,0.06,0.06,0,3,0.08,0.26310807812271836
312,challenge,170.0,170.42,0.42,0.02,0,9,0.18666666666666665,0.21306561857244835
313,is,170.44,170.54,0.1,0.04,0,2,0.2,0.20037233919988964
314,a,170.58,170.62,0.04,0.04,0,1,0.16,0.2026510449251196
315,little,170.66,170.84,0.18,0.04,0,6,0.12,0.3141884475140405
316,more,170.88,171.04,0.16,0.04,0,4,0.16,0.16943197091213683
317,clear,171.08,171.46,0.38,2.22,0,5,0.304,0.0561821938239387
318,yeah,173.68,173.68,0.0,0.86,0,4,0.0,
319,where,174.54,174.7,0.16,0.02,0,5,0.128,0.5343307598932374
320,i,174.72,174.78,0.06,0.1,0,1,0.24,0.6563102041947226
321,work,174.88,175.18,0.3,0.32,0,4,0.3,0.2575497076224551
322,most,175.5,175.76,0.26,0.0,0,4,0.26,0.2671247065338738
323,of,175.76,175.82,0.06,0.02,0,2,0.12,0.2581063928470237
324,my,175.84,175.92,0.08,0.06,0,2,0.16,0.5437013922361024
325,data,175.98,176.2,0.22,0.06,0,4,0.22,0.28905427711782256
326,comes,176.26,176.56,0.3,0.04,0,5,0.24,0.1478156560486366
327,from,176.6,176.7,0.1,0.08,0,4,0.1,0.08149066864285053
328,electronic,176.78,177.32,0.54,0.04,0,10,0.21600000000000003,0.14389934517941022
329,health,177.36,177.58,0.22,0.04,0,6,0.14666666666666667,0.09906456757403795
330,records,177.62,178.1,0.48,1.38,0,7,0.2742857142857143,0.06053547756255558
331,these,179.48,179.7,0.22,0.06,0,5,0.176,0.3135406906189244
332,records,179.76,180.28,0.52,0.2,0,7,0.29714285714285715,0.29543445658549916
333,only,180.48,180.72,0.24,0.08,0,4,0.24,0.36711406774285255
334,contain,180.8,181.2,0.4,0.06,0,7,0.2285714285714286,0.2767756475141159
335,views,181.26,181.64,0.38,0.12,0,5,0.304,0.17177061690906434
336,of,181.76,181.86,0.1,0.04,0,2,0.2,0.23231086049333508
337,the,181.9,181.96,0.06,0.04,0,3,0.08,0.21028263673150854
338,patient,182.0,182.4,0.4,0.04,0,7,0.2285714285714286,0.08603862294716433
339,when,182.44,182.54,0.1,0.02,0,4,0.1,0.17360445955095663
340,they're,182.56,182.68,0.12,0.06,0,7,0.06857142857142857,0.29225432400559664
341,very,182.74,182.94,0.2,0.08,0,4,0.2,0.2676788059134918
342,sick,183.02,183.38,0.36,1.72,0,4,0.36,0.0904676160598457
343,they,185.1,185.22,0.12,0.04,0,4,0.12,0.5176400278446278
344,are,185.26,185.32,0.06,0.06,0,3,0.08,0.404348930147973
345,entered,185.38,185.74,0.36,0.04,0,7,0.2057142857142857,0.2866929848944355
346,by,185.78,185.88,0.1,0.06,0,2,0.2,0.468442992327743
347,overburden,185.94,186.5,0.56,0.04,0,10,0.22400000000000003,0.3150316878345565
348,conditions,186.54,187.2,0.66,0.04,0,10,0.264,0.19556799072724187
349,who,187.24,187.32,0.08,0.06,0,3,0.10666666666666667,0.13995080210688443
350,see,187.38,187.54,0.16,0.04,0,3,0.21333333333333335,0.13329273797197794
351,no,187.58,187.68,0.1,0.08,0,2,0.2,0.3273581478732942
352,benefit,187.76,188.2,0.44,0.06,0,7,0.25142857142857145,0.22582151562390843
353,for,188.26,188.36,0.1,0.04,0,3,0.13333333333333333,0.14855209773119438
354,their,188.4,188.54,0.14,0.04,0,5,0.11200000000000002,0.4128289388322033
355,labour,188.58,188.98,0.4,1.28,0,6,0.26666666666666666,0.2000571575399866
356,and,190.26,190.4,0.14,0.06,0,3,0.18666666666666668,0.11832104872554743
357,as,190.46,190.64,0.18,0.02,0,2,0.36,0.24011547990634458
358,a,190.66,190.72,0.06,0.04,0,1,0.24,0.22491308213576194
359,result,190.76,191.24,0.48,0.64,0,6,0.32,0.1842815280731402
360,values,191.88,192.28,0.4,0.02,0,6,0.26666666666666666,0.2838024767356325
361,often,192.3,192.58,0.28,0.04,0,5,0.22400000000000003,0.30413670408756655
362,go,192.62,192.72,0.1,0.06,0,2,0.2,0.2618880638611346
363,missing,192.78,193.24,0.46,1.16,0,7,0.26285714285714284,0.08492722112343214
364,or,194.4,194.54,0.14,0.06,0,2,0.28,0.09322804722843184
365,even,194.6,194.82,0.22,0.06,0,4,0.22,0.3430596321063485
366,worse,194.88,195.32,0.44,0.96,0,5,0.352,0.11947943484519577
367,are,196.28,196.4,0.12,0.12,0,3,0.16,0.26327403760815343
368,it,196.52,196.64,0.12,0.06,0,2,0.24,0.40037862511566397
369,left,196.7,196.96,0.26,0.04,0,4,0.26,0.3053801186459172
370,it,197.0,197.1,0.1,0.06,0,2,0.2,0.14331512883747738
371,incorrect,197.16,197.66,0.5,0.04,0,9,0.2222222222222222,0.16435498045970778
372,defaults,197.7,198.26,0.56,1.74,0,8,0.28,0.07266850836773664
373,and,200.0,200.1,0.1,0.04,0,3,0.13333333333333333,0.15588388810937986
374,that's,200.14,200.34,0.2,0.04,0,6,0.13333333333333333,0.31934111728241865
375,just,200.38,200.54,0.16,0.04,0,4,0.16,0.13902289915765434
376,the,200.58,200.64,0.06,0.04,0,3,0.08,0.18186370051861633
377,start,200.68,200.98,0.3,0.76,0,5,0.24,0.07772765746866926
378,couple,201.74,202.0,0.26,0.06,0,6,0.17333333333333334,0.17316347403317808
379,years,202.06,202.3,0.24,0.02,0,5,0.192,0.2588396397388056
380,ago,202.32,202.56,0.24,0.48,0,3,0.32,0.2027724752470862
381,my,203.04,203.16,0.12,0.04,0,2,0.24,0.1869239098377268
382,colleagues,203.2,203.58,0.38,0.02,0,10,0.152,0.24871027062712564
383,and,203.6,203.68,0.08,0.02,0,3,0.10666666666666667,0.40242944047763163
384,i,203.7,203.78,0.08,0.1,0,1,0.32,0.4086219628106563
385,designed,203.88,204.26,0.38,0.02,0,8,0.19,0.2552575084818756
386,a,204.28,204.32,0.04,0.02,0,1,0.16,0.23933544205231477
387,system,204.34,204.76,0.42,0.1,0,6,0.27999999999999997,0.12396678120366324
388,to,204.86,204.94,0.08,0.04,0,2,0.16,0.029983064310431507
389,identify,204.98,205.42,0.44,0.12,0,8,0.22,0.19641380066168496
390,who,205.54,205.8,0.26,0.06,0,3,0.3466666666666667,0.27098194337528037
391,is,205.86,205.96,0.1,0.04,0,2,0.2,0.38662587072773896
392,at,206.0,206.06,0.06,0.08,0,2,0.12,0.15881851548062262
393,high,206.14,206.44,0.3,0.06,0,4,0.3,0.2338994914109841
394,risk,206.5,206.8,0.3,0.02,0,4,0.3,0.12146513481946394
395,of,206.82,206.88,0.06,0.04,0,2,0.12,0.23511068465732832
396,dying,206.92,207.36,0.44,0.12,0,5,0.352,0.1484393907558836
397,in,207.48,207.58,0.1,0.02,0,2,0.2,0.07715276476392688
398,the,207.6,207.66,0.06,0.08,0,3,0.08,0.1383664827431586
399,icu,207.74,208.32,0.58,1.26,0,3,0.7733333333333333,0.07595166771937531
400,and,209.58,209.7,0.12,0.04,0,3,0.16,0.15645620801801075
401,we,209.74,209.84,0.1,0.08,0,2,0.2,0.4805359256814388
402,fed,209.92,210.12,0.2,0.04,0,3,0.26666666666666666,0.2983089331580502
403,it,210.16,210.22,0.06,0.18,0,2,0.12,0.2303049277008952
404,all,210.4,210.7,0.3,0.08,0,3,0.39999999999999997,0.20354111928976504
405,the,210.78,210.84,0.06,0.06,0,3,0.08,0.41859882790760006
406,volumes,210.9,211.44,0.54,0.02,0,7,0.3085714285714286,0.33291925138041584
407,of,211.46,211.52,0.06,0.04,0,2,0.12,0.23596338279714488
408,data,211.56,211.9,0.34,0.2,0,4,0.34,0.18282057444927025
409,that,212.1,212.22,0.12,0.02,0,4,0.12,0.26108588865155186
410,we,212.24,212.32,0.08,0.08,0,2,0.16,0.18485825142126963
411,had,212.4,212.58,0.18,0.02,0,3,0.24,0.24591595711761455
412,available,212.6,213.1,0.5,0.48,0,9,0.2222222222222222,0.1905211311613814
413,from,213.58,213.72,0.14,0.02,0,4,0.14,0.1607469816648696
414,the,213.74,213.78,0.04,0.06,0,3,0.05333333333333334,0.23467726746623455
415,physiological,213.84,214.62,0.78,0.06,0,13,0.24000000000000002,0.2532911754822346
416,monitors,214.68,215.52,0.84,1.02,0,8,0.42,0.33927556564171213
417,to,216.54,216.62,0.08,0.08,0,2,0.16,0.03702058053118062
418,all,216.7,216.86,0.16,0.04,0,3,0.21333333333333335,0.48972441254135385
419,of,216.9,216.94,0.04,0.04,0,2,0.08,0.39862686196105407
420,the,216.98,217.04,0.06,0.04,0,3,0.08,0.12729271591943983
421,clinicians,217.08,217.64,0.56,0.06,0,10,0.22400000000000003,0.2384839959796796
422,notes,217.7,217.94,0.24,0.1,0,5,0.192,0.3184296265105812
423,everything,218.04,218.64,0.6,0.6,0,10,0.24,0.11871399587419632
424,and,219.24,219.36,0.12,0.04,0,3,0.16,0.10738068764054666
425,we,219.4,219.48,0.08,0.08,0,2,0.16,0.4352584602229936
426,got,219.56,219.82,0.26,0.3,0,3,0.3466666666666667,0.3209867259560487
427,some,220.12,220.3,0.18,0.08,0,4,0.18,0.1344285025850711
428,rock,220.38,220.68,0.3,0.06,0,4,0.3,0.3164540159580271
429,awesome,220.74,221.26,0.52,0.26,0,7,0.29714285714285715,0.15232522828010675
430,aucs,221.52,222.12,0.6,1.12,0,4,0.6,0.08639173214534866
431,we,223.24,223.32,0.08,0.06,0,2,0.16,0.06298193100788063
432,were,223.38,223.48,0.1,0.04,0,4,0.1,0.3131748035427497
433,doing,223.52,223.72,0.2,0.08,0,5,0.16,0.25502963969498327
434,great,223.8,224.26,0.46,0.24,0,5,0.368,0.15294005128354204
435,at,224.5,224.62,0.12,0.04,0,2,0.24,0.06557996031202834
436,predicting,224.66,225.08,0.42,0.06,0,10,0.16799999999999998,0.0833689471277542
437,when,225.14,225.36,0.22,0.1,0,4,0.22,0.1655583674159922
438,patience,225.46,226.06,0.6,0.1,0,8,0.3,0.07979038968295567
439,were,226.16,226.28,0.12,0.04,0,4,0.12,0.09318408351465814
440,likely,226.32,226.62,0.3,0.06,0,6,0.19999999999999998,0.10479036258849111
441,to,226.68,226.74,0.06,0.06,0,2,0.12,0.08741522436549123
442,die,226.8,227.06,0.26,0.96,0,3,0.3466666666666667,0.05284221639882336
443,yeah,228.02,228.02,0.0,0.76,0,4,0.0,
444,our,228.78,228.92,0.14,0.04,0,3,0.18666666666666668,0.30013004871773213
445,conditions,228.96,229.36,0.4,0.02,0,10,0.16,0.30486540718715777
446,were,229.38,229.46,0.08,0.02,0,4,0.08,0.5419846869625725
447,like,229.48,229.6,0.12,0.06,0,4,0.12,0.4278744647017322
448,how,229.66,229.92,0.26,0.14,0,3,0.3466666666666667,0.4280651082411535
449,this,230.06,230.18,0.12,0.04,0,4,0.12,0.25917141734725213
450,is,230.22,230.3,0.08,0.04,0,2,0.16,0.31343472663122457
451,amazing,230.34,230.82,0.48,0.58,0,7,0.2742857142857143,0.2844268038799462
452,so,231.4,231.52,0.12,0.06,0,2,0.24,0.22346058323214535
453,we,231.58,231.64,0.06,0.06,0,2,0.12,0.42127877673628755
454,started,231.7,231.98,0.28,0.04,0,7,0.16,0.29988286642255985
455,digging,232.02,232.32,0.3,1.9,0,7,0.17142857142857143,0.12476668249768745
456,and,234.22,234.36,0.14,0.04,0,3,0.18666666666666668,0.23446849536104733
457,what,234.4,234.52,0.12,0.02,0,4,0.12,0.4929926410963089
458,we,234.54,234.6,0.06,0.06,0,2,0.12,0.3547021642162983
459,discovered,234.66,235.12,0.46,0.02,0,10,0.184,0.26487327685377304
460,is,235.14,235.22,0.08,0.0,0,2,0.16,0.24895819427786586
461,that,235.22,235.3,0.08,0.06,0,4,0.08,0.4024165058158622
462,often,235.36,235.66,0.3,0.02,0,5,0.24,0.22084987371859088
463,times,235.68,236.1,0.42,0.12,0,5,0.33599999999999997,0.28821012681495134
464,our,236.22,236.3,0.08,0.06,0,3,0.10666666666666667,0.3891139483387253
465,a,236.36,236.42,0.06,0.1,0,1,0.24,0.3305043099753761
466,eyes,236.52,236.76,0.24,0.02,0,4,0.24,0.27401058437011283
467,were,236.78,236.9,0.12,0.04,0,4,0.12,0.17711081310865068
468,not,236.94,237.14,0.2,0.08,0,3,0.26666666666666666,0.37278408628536164
469,actually,237.22,237.58,0.36,0.08,0,8,0.18,0.14313638076477733
470,using,237.66,237.96,0.3,0.04,0,5,0.24,0.2133361781735758
471,the,238.0,238.06,0.06,0.06,0,3,0.08,0.1498852584767153
472,volumes,238.12,238.6,0.48,0.02,0,7,0.2742857142857143,0.19556391049364844
473,of,238.62,238.7,0.08,0.04,0,2,0.16,0.145085438742078
474,data,238.74,239.06,0.32,0.44,0,4,0.32,0.1418021550889978
475,that,239.5,239.62,0.12,0.02,0,4,0.12,0.17477833311744154
476,we,239.64,239.7,0.06,0.06,0,2,0.12,0.12669927646470674
477,were,239.76,239.86,0.1,0.04,0,4,0.1,0.19691382268637897
478,making,239.9,240.14,0.24,0.04,0,6,0.16,0.0795485468484732
479,available,240.18,240.66,0.48,0.04,0,9,0.21333333333333332,0.21428944860974064
480,to,240.7,240.8,0.1,0.08,0,2,0.2,0.02962428647905643
481,them,240.88,241.08,0.2,1.42,0,4,0.2,0.0410915214729286
482,instead,242.5,243.16,0.66,0.52,0,7,0.37714285714285717,0.21558449868838586
483,our,243.68,243.8,0.12,0.06,0,3,0.16,0.14133848633923016
484,super,243.86,244.2,0.34,0.04,0,5,0.272,0.11782381174578661
485,fancy,244.24,244.62,0.38,0.04,0,5,0.304,0.2407907756445331
486,a,244.66,244.74,0.08,0.1,0,1,0.32,0.5194168828294462
487,i,244.84,244.92,0.08,0.16,0,1,0.32,0.48879332893759025
488,had,245.08,245.2,0.12,0.02,0,3,0.16,0.2540644170658938
489,discovered,245.22,245.84,0.62,0.64,0,10,0.248,0.17621719282720924
490,that,246.48,246.58,0.1,0.02,0,4,0.1,0.2357191650739441
491,when,246.6,246.72,0.12,0.02,0,4,0.12,0.3559970440174786
492,the,246.74,246.8,0.06,0.04,0,3,0.08,0.5500251695795415
493,clinician,246.84,247.26,0.42,0.04,0,9,0.18666666666666665,0.29419957192900115
494,writes,247.3,247.52,0.22,0.04,0,6,0.14666666666666667,0.26741302656533644
495,down,247.56,247.76,0.2,0.04,0,4,0.2,0.3161558826064234
496,the,247.8,247.84,0.04,0.06,0,3,0.05333333333333334,0.3942210193012955
497,word,247.9,248.22,0.32,1.06,0,4,0.32,0.43785694895501837
498,chaplain,249.28,249.94,0.66,1.26,0,8,0.33,0.14335991759376038
499,in,251.2,251.28,0.08,0.04,0,2,0.16,0.22628055154151716
500,the,251.32,251.38,0.06,0.04,0,3,0.08,0.42500056662771507
501,clinic,251.42,251.72,0.3,0.04,0,6,0.19999999999999998,0.22929820106420462
502,note,251.76,252.02,0.26,0.96,0,4,0.26,0.37154791103653817
503,it's,252.98,253.16,0.18,0.04,0,4,0.18,0.21601403483839238
504,often,253.2,253.46,0.26,0.02,0,5,0.20800000000000002,0.21873373913024002
505,a,253.48,253.52,0.04,0.04,0,1,0.16,0.21075026362914004
506,bad,253.56,253.78,0.22,0.06,0,3,0.29333333333333333,0.1552033899634487
507,sign,253.84,254.16,0.32,1.02,0,4,0.32,0.08984706447026529
508,yeah,255.18,255.38,0.2,0.72,0,4,0.2,0.24037411659676375
509,so,256.1,256.22,0.12,0.58,0,2,0.24,0.47912979365279895
510,in,256.8,256.9,0.1,0.04,0,2,0.2,0.49447024596637645
511,our,256.94,257.08,0.14,0.06,0,3,0.18666666666666668,0.6289427216893827
512,patients,257.14,257.54,0.4,0.02,0,8,0.2,0.26679038548920375
513,for,257.56,257.66,0.1,0.06,0,3,0.13333333333333333,0.4009708771260379
514,suffering,257.72,258.14,0.42,0.04,0,9,0.18666666666666665,0.19471023291418188
515,from,258.18,258.32,0.14,0.06,0,4,0.14,0.1560666333728989
516,sexus,258.38,258.96,0.58,0.7,0,5,0.46399999999999997,0.22884396167555504
517,nra,259.66,260.36,0.7,0.1,0,3,0.9333333333333332,0.4197536296636633
518,had,260.46,260.58,0.12,0.02,0,3,0.16,0.28431767208884234
519,a,260.6,260.62,0.02,0.04,0,1,0.08,0.2902250664132447
520,really,260.66,260.86,0.2,0.06,0,6,0.13333333333333333,0.24584840472740446
521,bad,260.92,261.14,0.22,0.04,0,3,0.29333333333333333,0.28100240197461546
522,case,261.18,261.48,0.3,0.02,0,4,0.3,0.11053748019689148
523,of,261.5,261.66,0.16,0.38,0,2,0.32,0.1966214781260262
524,causality,262.04,262.66,0.62,0.08,0,9,0.27555555555555555,0.23406975561022508
525,leakage,262.74,263.3,0.56,0.84,0,7,0.32,0.06570036070776504
526,you,264.14,264.22,0.08,0.06,0,3,0.10666666666666667,0.13010052706037264
527,see,264.28,264.38,0.1,0.06,0,3,0.13333333333333333,0.2379600422145894
528,what,264.44,264.56,0.12,0.04,0,4,0.12,0.4921887129926722
529,it,264.6,264.66,0.06,0.08,0,2,0.12,0.2748561437075321
530,happened,264.74,265.32,0.58,0.5,0,8,0.29,0.27197296445921354
531,is,265.82,265.96,0.14,0.04,0,2,0.28,0.4256100810094871
532,that,266.0,266.12,0.12,0.06,0,4,0.12,0.47906476693789246
533,the,266.18,266.22,0.04,0.08,0,3,0.05333333333333334,0.13874490995142932
534,clinician,266.3,266.98,0.68,0.06,0,9,0.3022222222222222,0.25694436877782034
535,realized,267.04,267.48,0.44,0.0,0,8,0.22,0.4136955694321956
536,that,267.48,267.54,0.06,0.02,0,4,0.06,0.1281030053321435
537,the,267.56,267.62,0.06,0.04,0,3,0.08,0.17992901438772615
538,situation,267.66,268.1,0.44,0.04,0,9,0.19555555555555557,0.2014465214149486
539,looked,268.14,268.28,0.14,0.06,0,6,0.09333333333333334,0.13301579383795678
540,grim,268.34,268.6,0.26,0.66,0,4,0.26,0.34196280007223695
541,as,269.26,269.52,0.26,0.0,0,2,0.52,0.25894732528357456
542,for,269.52,269.64,0.12,0.04,0,3,0.16,0.11963567887678321
543,the,269.68,269.74,0.06,0.06,0,3,0.08,0.044779186475272625
544,chaplain,269.8,270.38,0.58,0.52,0,8,0.29,0.2962361378890222
545,and,270.9,271.02,0.12,0.0,0,3,0.16,0.16421262284453525
546,then,271.02,271.12,0.1,0.02,0,4,0.1,0.385228079082098
547,an,271.14,271.2,0.06,0.08,0,2,0.12,0.23582230309828267
548,unfortunate,271.28,271.96,0.68,0.02,0,11,0.24727272727272728,0.26642197089825004
549,event,271.98,272.24,0.26,0.06,0,5,0.20800000000000002,0.1763952800159628
550,occurred,272.3,272.72,0.42,1.72,0,8,0.21,0.08442116823132095
551,meanwhile,274.44,274.84,0.4,0.06,0,9,0.17777777777777778,0.49520294154470584
552,are,274.9,275.06,0.16,0.02,0,3,0.21333333333333335,0.3369584234734755
553,a,275.08,275.14,0.06,0.1,0,1,0.24,0.3090505831035055
554,i,275.24,275.36,0.12,0.62,0,1,0.48,0.5867255406606158
555,noticed,275.98,276.4,0.42,0.04,0,7,0.24,0.4002040627170145
556,the,276.44,276.5,0.06,0.12,0,3,0.08,0.09666174050033913
557,action,276.62,277.04,0.42,0.04,0,6,0.27999999999999997,0.1980957417942361
558,of,277.08,277.14,0.06,0.02,0,2,0.12,0.18386341336441298
559,the,277.16,277.22,0.06,0.04,0,3,0.08,0.15890305021000098
560,clinician,277.26,277.7,0.44,0.02,0,9,0.19555555555555557,0.18784095358259012
561,had,277.72,277.8,0.08,0.04,0,3,0.10666666666666667,0.12030050635548965
562,taken,277.84,278.3,0.46,1.08,0,5,0.368,0.12644798324488968
563,and,279.38,279.52,0.14,0.04,0,3,0.18666666666666668,0.27508042529006344
564,you,279.56,279.6,0.04,0.08,0,3,0.05333333333333334,0.5600438072726914
565,was,279.68,279.78,0.1,0.06,0,3,0.13333333333333333,0.5737291035120222
566,using,279.84,280.14,0.3,0.06,0,5,0.24,0.3640017760774915
567,that,280.2,280.32,0.12,0.06,0,4,0.12,0.37907516650019674
568,action,280.38,280.7,0.32,0.04,0,6,0.21333333333333335,0.21463278259632546
569,to,280.74,280.8,0.06,0.06,0,2,0.12,0.03394997664457156
570,make,280.86,280.98,0.12,0.26,0,4,0.12,0.2209242586259469
571,excellent,281.24,281.8,0.56,0.04,0,9,0.2488888888888889,0.29320852036563677
572,predictions,281.84,282.48,0.64,1.18,0,11,0.23272727272727273,0.1070010235110685
573,about,283.66,283.92,0.26,0.04,0,5,0.20800000000000002,0.41004929376583626
574,what,283.96,284.1,0.14,0.02,0,4,0.14,0.28480038437654687
575,the,284.12,284.16,0.04,0.04,0,3,0.05333333333333334,0.22838508462449453
576,clinician,284.2,284.58,0.38,0.06,0,9,0.1688888888888889,0.14102460223757426
577,already,284.64,284.92,0.28,0.04,0,7,0.16,0.17832188518720316
578,knew,284.96,285.18,0.22,1.98,0,4,0.22,0.07851445501677828
579,it,287.16,287.28,0.12,0.04,0,2,0.24,0.2401937946890797
580,was,287.32,287.42,0.1,0.08,0,3,0.13333333333333333,0.4072295570733587
581,situation,287.5,288.3,0.8,0.06,0,9,0.35555555555555557,0.24537404191028322
582,such,288.36,288.6,0.24,0.0,0,4,0.24,0.1973930695752394
583,as,288.6,288.7,0.1,0.06,0,2,0.2,0.2559140312901955
584,these,288.76,289.1,0.34,0.02,0,5,0.272,0.1308268264048011
585,that,289.12,289.22,0.1,0.04,0,4,0.1,0.18617457590212672
586,brought,289.26,289.48,0.22,0.04,0,7,0.12571428571428572,0.3147193448055566
587,me,289.52,289.58,0.06,0.06,0,2,0.12,0.35381780089357073
588,to,289.64,289.72,0.08,0.08,0,2,0.16,0.10160992009865967
589,realise,289.8,290.44,0.64,0.04,0,7,0.3657142857142857,0.29016662188619224
590,the,290.48,290.56,0.08,0.06,0,3,0.10666666666666667,0.15436446823437913
591,value,290.62,291.2,0.58,0.64,0,5,0.46399999999999997,0.23681028020302305
592,of,291.84,292.0,0.16,0.06,0,2,0.32,0.15600409564638137
593,a,292.06,292.18,0.12,0.06,0,1,0.48,0.3252649944654255
594,i,292.24,292.3,0.06,0.12,0,1,0.24,0.4133285540268571
595,systems,292.42,292.9,0.48,0.02,0,7,0.2742857142857143,0.125168462778355
596,that,292.92,293.0,0.08,0.04,0,4,0.08,0.2610480742032095
597,can,293.04,293.12,0.08,0.06,0,3,0.10666666666666667,0.17980609976031062
598,provide,293.18,293.62,0.44,0.1,0,7,0.25142857142857145,0.2732890255805458
599,explanation,293.72,294.54,0.82,0.1,0,11,0.29818181818181816,0.14466960565734813
600,for,294.64,294.74,0.1,0.06,0,3,0.13333333333333333,0.10042531712421522
601,their,294.8,294.92,0.12,0.04,0,5,0.096,0.20570291829058715
602,decisions,294.96,295.6,0.64,0.94,0,9,0.28444444444444444,0.0570673183647176
603,because,296.54,296.8,0.26,0.02,0,7,0.14857142857142858,0.24671690936099833
604,while,296.82,297.04,0.22,0.08,0,5,0.176,0.4636846251961891
605,explanation,297.12,297.8,0.68,0.04,0,11,0.24727272727272728,0.23484138924016146
606,alone,297.84,298.28,0.44,0.06,0,5,0.352,0.25530683855674846
607,cannot,298.34,298.7,0.36,0.08,0,6,0.24,0.27271563388772063
608,guarantee,298.78,299.22,0.44,0.04,0,9,0.19555555555555557,0.2130724498656772
609,causality,299.26,299.94,0.68,0.12,0,9,0.3022222222222222,0.3084116000020279
610,or,300.06,300.16,0.1,0.08,0,2,0.2,0.23256463431637864
611,fairness,300.24,300.88,0.64,0.04,0,8,0.32,0.3442100772606903
612,or,300.92,300.98,0.06,0.08,0,2,0.12,0.1982261183381603
613,safety,301.06,301.54,0.48,0.18,0,6,0.32,0.15978299595698758
614,or,301.72,301.8,0.08,0.04,0,2,0.16,0.2951760732600395
615,any,301.84,302.0,0.16,0.04,0,3,0.21333333333333335,0.3286708039992561
616,other,302.04,302.26,0.22,0.38,0,5,0.176,0.3331117784340888
617,hard,302.64,302.92,0.28,0.02,0,4,0.28,0.2877464580651837
618,to,302.94,303.0,0.06,0.06,0,2,0.12,0.047150399770578215
619,explain,303.06,303.5,0.44,0.02,0,7,0.25142857142857145,0.22660993241432537
620,to,303.52,303.6,0.08,0.06,0,2,0.16,0.039972227938238
621,a,303.66,303.68,0.02,0.08,0,1,0.08,0.33132421203289203
622,literal,303.76,304.16,0.4,0.06,0,7,0.2285714285714286,0.40475445653286884
623,computer,304.22,304.62,0.4,0.04,0,8,0.2,0.11701429650023867
624,objective,304.66,305.34,0.68,1.18,0,9,0.3022222222222222,0.202069296974371
625,having,306.52,306.76,0.24,0.04,0,6,0.16,0.37701261805706116
626,some,306.8,306.92,0.12,0.06,0,4,0.12,0.20325126977619076
627,insides,306.98,307.48,0.5,0.04,0,7,0.2857142857142857,0.2924753074008365
628,into,307.52,307.7,0.18,0.04,0,4,0.18,0.24045390154870547
629,an,307.74,307.8,0.06,0.06,0,2,0.12,0.1912006886046384
630,ais,307.86,308.22,0.36,0.08,0,3,0.48,0.21296927671491822
631,logic,308.3,308.9,0.6,0.8,0,5,0.48,0.25319560360977433
632,can,309.7,309.82,0.12,0.06,0,3,0.16,0.25598892510227694
633,help,309.88,310.06,0.18,0.02,0,4,0.18,0.4461742074174089
634,us,310.08,310.18,0.1,0.04,0,2,0.2,0.22589492898587962
635,identify,310.22,310.74,0.52,0.06,0,8,0.26,0.319183572123404
636,when,310.8,310.94,0.14,0.02,0,4,0.14,0.2445143958073413
637,its,310.96,311.06,0.1,0.04,0,3,0.13333333333333333,0.11879677770952068
638,recommendations,311.1,311.82,0.72,0.02,0,15,0.192,0.14603883404838378
639,are,311.84,311.94,0.1,0.04,0,3,0.13333333333333333,0.17150912916176278
640,sensible,311.98,312.5,0.52,0.84,0,8,0.26,0.2249119077402419
641,and,313.34,313.46,0.12,0.04,0,3,0.16,0.10338041377441112
642,when,313.5,313.66,0.16,0.04,0,4,0.16,0.25957172039059195
643,they,313.7,313.76,0.06,0.04,0,4,0.06,0.26507527761106175
644,are,313.8,313.88,0.08,0.04,0,3,0.10666666666666667,0.18454421479699862
645,not,313.92,314.22,0.3,2.48,0,3,0.39999999999999997,0.0947509163465711
646,unfortunately,316.7,317.52,0.82,0.48,0,13,0.2523076923076923,0.2659928024896732
647,ais,318.0,318.46,0.46,0.02,0,3,0.6133333333333334,0.3054231741415774
648,are,318.48,318.54,0.06,0.06,0,3,0.08,0.39423473145639537
649,astoundingly,318.6,319.28,0.68,0.06,0,12,0.22666666666666668,0.1622354282012919
650,complex,319.34,320.0,0.66,1.34,0,7,0.37714285714285717,0.06125114732206216
651,moderny,321.34,321.74,0.4,0.08,0,7,0.2285714285714286,0.3689082678970601
652,eyes,321.82,322.08,0.26,0.04,0,4,0.26,0.29708882103017314
653,have,322.12,322.22,0.1,0.1,0,4,0.1,0.23850643625471193
654,millions,322.32,322.84,0.52,0.02,0,8,0.26,0.36122053781000635
655,upon,322.86,323.16,0.3,0.08,0,4,0.3,0.19089404523512746
656,millions,323.24,323.66,0.42,0.0,0,8,0.21,0.3090803096017485
657,of,323.66,323.72,0.06,0.06,0,2,0.12,0.2864554960226033
658,parameters,323.78,324.48,0.7,0.92,0,10,0.27999999999999997,0.17251222884255366
659,operating,325.4,325.86,0.46,0.02,0,9,0.20444444444444446,0.30502866234796544
660,on,325.88,325.96,0.08,0.08,0,2,0.16,0.38017440070696296
661,tens,326.04,326.5,0.46,0.02,0,4,0.46,0.3072324410716754
662,of,326.52,326.58,0.06,0.08,0,2,0.12,0.3800046244360876
663,thousands,326.66,327.16,0.5,0.0,0,9,0.2222222222222222,0.2482188490111251
664,of,327.16,327.24,0.08,0.06,0,2,0.16,0.09137478585359839
665,compute,327.3,327.76,0.46,0.02,0,7,0.26285714285714284,0.11576581491961598
666,nodes,327.78,328.22,0.44,1.08,0,5,0.352,0.24596523691526168
667,terrabytes,329.3,330.0,0.7,0.04,0,10,0.27999999999999997,0.31237252736000715
668,of,330.04,330.1,0.06,0.08,0,2,0.12,0.12168317222179371
669,memory,330.18,330.66,0.48,0.74,0,6,0.32,0.32315303985520344
670,patabites,331.4,332.08,0.68,0.08,0,9,0.3022222222222222,0.21082739761986538
671,of,332.16,332.26,0.1,0.06,0,2,0.2,0.1202746370319508
672,data,332.32,332.66,0.34,2.54,0,4,0.34,0.13026333915302107
673,and,335.2,335.34,0.14,0.06,0,3,0.18666666666666668,0.1859556984031075
674,as,335.4,335.56,0.16,0.04,0,2,0.32,0.3429497163963495
675,humans,335.6,336.1,0.5,1.56,0,6,0.3333333333333333,0.17284992347816402
676,yeah,337.66,337.66,0.0,0.34,0,4,0.0,
677,seven,338.0,338.4,0.4,1.98,0,5,0.32,0.2624457386226692
678,plus,340.38,340.72,0.34,0.22,0,4,0.34,0.23144237965468314
679,reminders,340.94,341.4,0.46,0.02,0,9,0.20444444444444446,0.32476232812529104
680,to,341.42,341.54,0.12,0.0,0,2,0.24,0.05196124577426486
681,you,341.54,341.64,0.1,1.26,0,3,0.13333333333333333,0.14838398953691886
682,seven,342.9,343.24,0.34,0.04,0,5,0.272,0.31428114245862276
683,discrete,343.28,343.8,0.52,0.24,0,8,0.26,0.1352136657331298
684,ideas,344.04,344.5,0.46,0.02,0,5,0.368,0.23883347023191412
685,or,344.52,344.6,0.08,0.06,0,2,0.16,0.3463776138088847
686,thoughts,344.66,345.08,0.42,1.0,0,8,0.21,0.18044397750266844
687,that's,346.08,346.32,0.24,0.02,0,6,0.16,0.20822022965079665
688,about,346.34,346.56,0.22,0.08,0,5,0.176,0.32169534909529784
689,all,346.64,346.82,0.18,0.06,0,3,0.24,0.32866433666837136
690,that,346.88,347.0,0.12,0.12,0,4,0.12,0.22014450349676448
691,our,347.12,347.34,0.22,0.06,0,3,0.29333333333333333,0.2589357533357987
692,memories,347.4,347.96,0.56,0.1,0,8,0.28,0.11936957421146578
693,can,348.06,348.18,0.12,0.08,0,3,0.16,0.0841596477474581
694,hold,348.26,348.62,0.36,0.06,0,4,0.36,0.13162095060858175
695,at,348.68,348.78,0.1,0.04,0,2,0.2,0.10764514846282268
696,one,348.82,349.0,0.18,0.06,0,3,0.24,0.09363187255216239
697,time,349.06,349.44,0.38,2.62,0,4,0.38,0.03852967276511024
698,so,352.06,352.24,0.18,0.64,0,2,0.36,0.10881184081818311
699,well,352.88,353.1,0.22,1.28,0,4,0.22,0.09782846883886197
700,i,354.38,354.44,0.06,0.06,0,1,0.24,0.008286759519475195
701,guess,354.5,354.64,0.14,0.02,0,5,0.11200000000000002,0.16798227401370447
702,there,354.66,354.78,0.12,0.04,0,5,0.096,0.39295412926000967
703,goes,354.82,355.0,0.18,0.02,0,4,0.18,0.47499206839000974
704,the,355.02,355.04,0.02,0.04,0,3,0.02666666666666667,0.2923845187978332
705,explainability,355.08,355.68,0.6,0.06,0,14,0.17142857142857143,0.3416680681180284
706,plan,355.74,356.0,0.26,0.36,0,4,0.26,0.27520461295600895
707,if,356.36,356.5,0.14,0.02,0,2,0.28,0.08322419200587551
708,we,356.52,356.6,0.08,0.06,0,2,0.16,0.13230217612843853
709,wanted,356.66,356.92,0.26,0.04,0,6,0.17333333333333334,0.44270401364276435
710,a,356.96,357.0,0.04,0.08,0,1,0.16,0.5756697268647082
711,eyes,357.08,357.36,0.28,0.02,0,4,0.28,0.33324254051189584
712,that,357.38,357.5,0.12,0.02,0,4,0.12,0.2279214158747269
713,were,357.52,357.66,0.14,0.58,0,4,0.14,0.2924594004931354
714,explainable,358.24,358.86,0.62,0.04,0,11,0.22545454545454546,0.250948511082564
715,we'd,358.9,359.02,0.12,0.06,0,4,0.12,0.23214603190728966
716,have,359.08,359.26,0.18,0.02,0,4,0.18,0.2917616759589685
717,to,359.28,359.34,0.06,0.06,0,2,0.12,0.04454706937554139
718,make,359.4,359.54,0.14,0.02,0,4,0.14,0.17328263789606563
719,them,359.56,359.7,0.14,0.1,0,4,0.14,0.14528488092730035
720,so,359.8,359.96,0.16,0.12,0,2,0.32,0.231664339448499
721,simple,360.08,360.56,0.48,0.8,0,6,0.32,0.1991745188388283
722,that,361.36,361.5,0.14,0.04,0,4,0.14,0.3525328164620501
723,it,361.54,361.62,0.08,0.04,0,2,0.16,0.3134991878964362
724,would,361.66,361.88,0.22,0.3,0,5,0.176,0.3767004705488161
725,defeat,362.18,362.46,0.28,0.04,0,6,0.18666666666666668,0.20795728544538072
726,the,362.5,362.56,0.06,0.04,0,3,0.08,0.2343100078894369
727,purpose,362.6,362.98,0.38,0.02,0,7,0.21714285714285714,0.18651782767530195
728,of,363.0,363.08,0.08,0.04,0,2,0.16,0.2504302011959544
729,a,363.12,363.16,0.04,0.06,0,1,0.16,0.1968486828815335
730,tool,363.22,363.52,0.3,0.06,0,4,0.3,0.22814875492453673
731,that,363.58,363.74,0.16,0.22,0,4,0.16,0.34566779773883266
732,we,363.96,364.06,0.1,0.06,0,2,0.2,0.17553846714221302
733,could,364.12,364.3,0.18,0.14,0,5,0.144,0.4049595215767829
734,give,364.44,364.56,0.12,0.06,0,4,0.12,0.3425411789918287
735,large,364.62,364.84,0.22,0.02,0,5,0.176,0.35556180196600606
736,amounts,364.86,365.12,0.26,0.0,0,7,0.14857142857142858,0.2601779613001952
737,of,365.12,365.2,0.08,0.04,0,2,0.16,0.12200554922906356
738,data,365.24,365.54,0.3,0.22,0,4,0.3,0.21514821826565556
739,in,365.76,365.86,0.1,0.04,0,2,0.2,0.10053473164016649
740,the,365.9,365.94,0.04,0.06,0,3,0.05333333333333334,0.24208904070375492
741,first,366.0,366.22,0.22,0.04,0,5,0.176,0.1108895086150909
742,place,366.26,366.62,0.36,1.26,0,5,0.288,0.04892181230208378
743,and,367.88,368.0,0.12,0.02,0,3,0.16,0.13067382236972713
744,even,368.02,368.22,0.2,0.02,0,4,0.2,0.3639867351156088
745,if,368.24,368.32,0.08,0.04,0,2,0.16,0.42609054159572823
746,we,368.36,368.42,0.06,0.08,0,2,0.12,0.3392701938696112
747,could,368.5,368.76,0.26,0.04,0,5,0.20800000000000002,0.2727858148940762
748,magically,368.8,369.26,0.46,0.04,0,9,0.20444444444444446,0.19578374442799776
749,understand,369.3,369.7,0.4,0.02,0,10,0.16,0.19674121916702947
750,all,369.72,369.8,0.08,0.04,0,3,0.10666666666666667,0.37980968565379203
751,those,369.84,369.98,0.14,0.04,0,5,0.11200000000000002,0.2604163356289671
752,bits,370.02,370.3,0.28,0.04,0,4,0.28,0.1305319146909546
753,and,370.34,370.4,0.06,0.02,0,3,0.08,0.08969879295809684
754,all,370.42,370.52,0.1,0.02,0,3,0.13333333333333333,0.22388000554329185
755,those,370.54,370.7,0.16,0.04,0,5,0.128,0.23406064457401304
756,registers,370.74,371.38,0.64,1.5,0,9,0.28444444444444444,0.14622363596687918
757,forcing,372.88,373.22,0.34,0.06,0,7,0.1942857142857143,0.25554256077625864
758,companies,373.28,373.72,0.44,0.04,0,9,0.19555555555555557,0.26875025083798254
759,to,373.76,373.84,0.08,0.04,0,2,0.16,0.10138706223768143
760,reveal,373.88,374.28,0.4,0.08,0,6,0.26666666666666666,0.3131304440141896
761,such,374.36,374.66,0.3,0.22,0,4,0.3,0.1807485206304557
762,detailed,374.88,375.36,0.48,0.02,0,8,0.24,0.16791285496634706
763,information,375.38,376.1,0.72,1.16,0,11,0.2618181818181818,0.112837748403818
764,would,377.26,377.36,0.1,0.04,0,5,0.08,0.22030020007023826
765,destroy,377.4,377.76,0.36,0.06,0,7,0.2057142857142857,0.22906456667445887
766,trade,377.82,378.12,0.3,0.02,0,5,0.24,0.15388852922623347
767,secrets,378.14,378.74,0.6,0.82,0,7,0.34285714285714286,0.043466636371128575
768,and,379.56,379.7,0.14,0.04,0,3,0.18666666666666668,0.07878508878728131
769,hamper,379.74,380.12,0.38,0.04,0,6,0.25333333333333335,0.18357778686724385
770,innovation,380.16,380.78,0.62,1.82,0,10,0.248,0.07501801341084642
771,so,382.6,382.74,0.14,0.14,0,2,0.28,0.07114642885970694
772,faced,382.88,383.12,0.24,0.04,0,5,0.192,0.1387281585042197
773,with,383.16,383.24,0.08,0.04,0,4,0.08,0.23722772831480393
774,these,383.28,383.42,0.14,0.04,0,5,0.11200000000000002,0.27406128299364474
775,realities,383.46,384.1,0.64,0.8,0,9,0.28444444444444444,0.2424800491677358
776,must,384.9,385.12,0.22,0.04,0,4,0.22,0.11828844357431258
777,we,385.16,385.22,0.06,0.08,0,2,0.12,0.13166307661084722
778,choose,385.3,385.68,0.38,0.06,0,6,0.25333333333333335,0.16373469881035563
779,between,385.74,386.18,0.44,0.26,0,7,0.25142857142857145,0.14024039588298307
780,accountability,386.44,387.22,0.78,0.88,0,14,0.22285714285714286,0.15431510012640667
781,in,388.1,388.22,0.12,0.04,0,2,0.24,0.05788956173737623
782,progress,388.26,388.9,0.64,2.74,0,8,0.32,0.10291160296648107
783,well,391.64,391.82,0.18,0.06,0,4,0.18,0.27763843893098533
784,now,391.88,392.08,0.2,1.36,0,3,0.26666666666666666,0.11053699956465088
785,i've,393.44,393.62,0.18,0.0,0,4,0.18,0.21403646877231022
786,been,393.62,393.72,0.1,0.02,0,4,0.1,0.3339527049393492
787,working,393.74,394.02,0.28,0.02,0,7,0.16,0.37203834699425015
788,with,394.04,394.12,0.08,0.06,0,4,0.08,0.26794436936267274
789,being,394.18,394.38,0.2,0.08,0,5,0.16,0.23703069736863747
790,him,394.46,394.76,0.3,0.56,0,3,0.39999999999999997,0.4060183072820449
791,sam,395.32,395.54,0.22,0.06,0,3,0.29333333333333333,0.2262739396354264
792,gershmin,395.6,396.12,0.52,0.12,0,8,0.26,0.2003091697697501
793,and,396.24,396.36,0.12,0.08,0,3,0.16,0.14688554784559663
794,colleagues,396.44,396.9,0.46,0.02,0,10,0.184,0.21601171157768967
795,of,396.92,396.96,0.04,0.02,0,2,0.08,0.09141846684252466
796,the,396.98,397.04,0.06,0.04,0,3,0.08,0.12763764023329138
797,berkman,397.08,397.4,0.32,0.06,0,7,0.18285714285714286,0.1602999406701908
798,klein,397.46,397.8,0.34,0.02,0,5,0.272,0.24478925425165296
799,center,397.82,398.3,0.48,0.6,0,6,0.32,0.1108865464297577
800,to,398.9,398.98,0.08,0.08,0,2,0.16,0.036003831298648994
801,understand,399.06,399.7,0.64,0.14,0,10,0.256,0.22350484734106943
802,how,399.84,400.06,0.22,0.08,0,3,0.29333333333333333,0.27739781438357264
803,we,400.14,400.22,0.08,0.04,0,2,0.16,0.2566907895359953
804,can,400.26,400.36,0.1,0.06,0,3,0.13333333333333333,0.16862669279735365
805,have,400.42,400.6,0.18,0.06,0,4,0.18,0.18682071526841876
806,both,400.66,401.0,0.34,1.7,0,4,0.34,0.038517945373451656
807,and,402.7,402.84,0.14,0.02,0,3,0.18666666666666668,0.1560207107798252
808,the,402.86,402.92,0.06,0.08,0,3,0.08,0.3979771602616845
809,key,403.0,403.28,0.28,0.06,0,3,0.37333333333333335,0.23830945377566212
810,point,403.34,403.94,0.6,1.0,0,5,0.48,0.10031047429119351
811,is,404.94,405.08,0.14,0.02,0,2,0.28,0.12447588787533753
812,that,405.1,405.22,0.12,0.12,0,4,0.12,0.28963035469669823
813,explanation,405.34,406.44,1.1,0.68,0,11,0.4,0.1601151533163087
814,is,407.12,407.28,0.16,0.08,0,2,0.32,0.13950317799220785
815,distinct,407.36,408.04,0.68,0.8,0,8,0.34,0.1117155829944763
816,from,408.84,409.0,0.16,0.04,0,4,0.16,0.11755008835858297
817,transparency,409.04,409.86,0.82,1.2,0,12,0.2733333333333333,0.09140397547016244
818,yeah,411.06,411.06,0.0,1.1,0,4,0.0,
819,when,412.16,412.3,0.14,0.04,0,4,0.14,0.3941346872496728
820,i,412.34,412.38,0.04,0.08,0,1,0.16,0.5777698070313387
821,ask,412.46,412.7,0.24,0.02,0,3,0.32,0.3211589108251433
822,another,412.72,412.98,0.26,0.06,0,7,0.14857142857142858,0.4057661428158252
823,human,413.04,413.28,0.24,0.06,0,5,0.192,0.22012499548229256
824,for,413.34,413.4,0.06,0.04,0,3,0.08,0.19414159246749385
825,explanation,413.44,414.1,0.66,0.54,0,11,0.24000000000000002,0.11282910387742265
826,i,414.64,414.74,0.1,0.04,0,1,0.4,0.17446739233024977
827,am,414.78,414.84,0.06,0.04,0,2,0.12,0.3702579680461551
828,not,414.88,415.04,0.16,0.06,0,3,0.21333333333333335,0.5770717593830605
829,looking,415.1,415.44,0.34,0.08,0,7,0.1942857142857143,0.18975490025842967
830,for,415.52,415.6,0.08,0.04,0,3,0.10666666666666667,0.13697773829263504
831,the,415.64,415.72,0.08,0.06,0,3,0.10666666666666667,0.3430548900395895
832,flow,415.78,416.06,0.28,0.04,0,4,0.28,0.35663925350839154
833,of,416.1,416.16,0.06,0.06,0,2,0.12,0.3818242415540782
834,electricity,416.22,416.82,0.6,0.1,0,11,0.21818181818181817,0.20347173861220832
835,through,416.92,417.04,0.12,0.04,0,7,0.06857142857142857,0.07796005729324791
836,their,417.08,417.18,0.1,0.04,0,5,0.08,0.14109884875855758
837,new,417.22,417.36,0.14,0.06,0,3,0.18666666666666668,0.11636794509031105
838,ones,417.42,417.76,0.34,1.48,0,4,0.34,0.04269221143686369
839,and,419.24,419.44,0.2,0.16,0,3,0.26666666666666666,0.12334519850983273
840,similarly,419.6,420.12,0.52,0.1,0,9,0.23111111111111113,0.25661967336283675
841,when,420.22,420.34,0.12,0.04,0,4,0.12,0.28464662244881467
842,i,420.38,420.42,0.04,0.06,0,1,0.16,0.3267924154536082
843,ask,420.48,420.72,0.24,0.04,0,3,0.32,0.19244453657085955
844,in,420.76,420.8,0.04,0.04,0,2,0.08,0.2079076066507628
845,a,420.84,420.9,0.06,0.08,0,1,0.24,0.27492484584545496
846,i,420.98,421.06,0.08,0.14,0,1,0.32,0.5345977228304132
847,for,421.2,421.3,0.1,0.04,0,3,0.13333333333333333,0.13362677031108264
848,explanation,421.34,422.08,0.74,0.98,0,11,0.2690909090909091,0.10737855574237287
849,i,423.06,423.14,0.08,0.06,0,1,0.32,0.2733194634805964
850,am,423.2,423.28,0.08,0.06,0,2,0.16,0.35582182529329054
851,not,423.34,423.5,0.16,0.06,0,3,0.21333333333333335,0.5672835070999513
852,looking,423.56,423.9,0.34,0.04,0,7,0.1942857142857143,0.1922427957613525
853,for,423.94,424.02,0.08,0.04,0,3,0.10666666666666667,0.19897357215352504
854,the,424.06,424.12,0.06,0.02,0,3,0.08,0.2712347211369384
855,flow,424.14,424.36,0.22,0.0,0,4,0.22,0.23488252570546095
856,of,424.36,424.42,0.06,0.04,0,2,0.12,0.18996320194748417
857,bits,424.46,424.7,0.24,0.04,0,4,0.24,0.09202993000628074
858,to,424.74,424.84,0.1,0.06,0,2,0.2,0.041618492316033415
859,its,424.9,425.0,0.1,0.06,0,3,0.13333333333333333,0.07683503858039707
860,registers,425.06,425.68,0.62,2.1,0,9,0.27555555555555555,0.07531747374520166
861,i'm,427.78,427.98,0.2,0.04,0,3,0.26666666666666666,0.2168713696657066
862,looking,428.02,428.32,0.3,0.08,0,7,0.17142857142857143,0.2620534578968749
863,for,428.4,428.48,0.08,0.06,0,3,0.10666666666666667,0.19585907523435417
864,something,428.54,428.86,0.32,0.04,0,9,0.14222222222222222,0.1332720637175104
865,that,428.9,428.98,0.08,0.04,0,4,0.08,0.2443246167535111
866,i,429.02,429.08,0.06,0.06,0,1,0.24,0.1633678410004464
867,can,429.14,429.22,0.08,0.04,0,3,0.10666666666666667,0.09183704097912893
868,understand,429.26,429.84,0.58,1.3,0,10,0.23199999999999998,0.1144982466777966
869,and,431.14,431.26,0.12,0.02,0,3,0.16,0.11015845926644119
870,utilize,431.28,431.86,0.58,2.28,0,7,0.3314285714285714,0.15802907946269926
871,let's,434.14,434.32,0.18,0.04,0,5,0.144,0.17083036334807855
872,talk,434.36,434.56,0.2,0.0,0,4,0.2,0.3855985617221563
873,a,434.56,434.6,0.04,0.04,0,1,0.16,0.18663835774183332
874,bit,434.64,434.76,0.12,0.06,0,3,0.16,0.3185870335693819
875,about,434.82,435.04,0.22,0.04,0,5,0.176,0.3123721374200228
876,what,435.08,435.2,0.12,0.02,0,4,0.12,0.1970126632930367
877,that,435.22,435.36,0.14,0.06,0,4,0.14,0.14110265342721856
878,looks,435.42,435.64,0.22,0.02,0,5,0.176,0.06142605119357927
879,like,435.66,435.96,0.3,0.52,0,4,0.3,0.0342213359531246
880,so,436.48,436.58,0.1,0.06,0,2,0.2,0.08244401682834837
881,for,436.64,436.74,0.1,0.04,0,3,0.13333333333333333,0.23225691659244746
882,now,436.78,436.9,0.12,0.02,0,3,0.16,0.6031449275369148
883,i'm,436.92,436.98,0.06,0.02,0,3,0.08,0.33958656297387335
884,gonna,437.0,437.14,0.14,0.04,0,5,0.11200000000000002,0.3623192966662049
885,focus,437.18,437.5,0.32,0.02,0,5,0.256,0.21180830835969786
886,on,437.52,437.6,0.08,0.04,0,2,0.16,0.25821941210477956
887,the,437.64,437.68,0.04,0.04,0,3,0.05333333333333334,0.216272728073781
888,case,437.72,437.96,0.24,0.04,0,4,0.24,0.12100880277948683
889,called,438.0,438.22,0.22,0.08,0,6,0.14666666666666667,0.15029292200443506
890,local,438.3,438.82,0.52,0.22,0,5,0.41600000000000004,0.30370171171518
891,explanation,439.04,439.88,0.84,0.6,0,11,0.3054545454545454,0.07231424403660429
892,so,440.48,440.56,0.08,0.04,0,2,0.16,0.010098248298102441
893,that's,440.6,440.74,0.14,0.06,0,6,0.09333333333333334,0.3605263768516635
894,explanation,440.8,441.42,0.62,0.06,0,11,0.22545454545454546,0.22689124405206013
895,for,441.48,441.64,0.16,0.12,0,3,0.21333333333333335,0.17815162929381884
896,a,441.76,441.82,0.06,0.08,0,1,0.24,0.16992338203755747
897,specific,441.9,442.8,0.9,0.32,0,8,0.45,0.09788107622228903
898,decision,443.12,443.7,0.58,1.72,0,8,0.29,0.06865295029885828
899,in,445.42,445.52,0.1,0.06,0,2,0.2,0.18113099080404452
900,my,445.58,445.72,0.14,0.08,0,2,0.28,0.49651638223211925
901,world,445.8,446.12,0.32,0.02,0,5,0.256,0.4146021764535721
902,in,446.14,446.22,0.08,0.06,0,2,0.16,0.169637335173181
903,health,446.28,446.54,0.26,0.02,0,6,0.17333333333333334,0.19611174969270256
904,care,446.56,446.8,0.24,0.06,0,4,0.24,0.3321040378432863
905,this,446.86,446.98,0.12,0.04,0,4,0.12,0.20959773578863528
906,corresponds,447.02,447.62,0.6,0.04,0,11,0.21818181818181817,0.20297188108197103
907,to,447.66,447.76,0.1,0.08,0,2,0.2,0.08241721451281302
908,why,447.84,448.08,0.24,0.46,0,3,0.32,0.40293283206846164
909,this,448.54,448.74,0.2,0.06,0,4,0.2,0.26149527423061497
910,patient,448.8,449.38,0.58,0.3,0,7,0.3314285714285714,0.11257397262059758
911,got,449.68,449.9,0.22,0.1,0,3,0.29333333333333333,0.15479333612565532
912,this,450.0,450.22,0.22,0.04,0,4,0.22,0.13615678244250598
913,drug,450.26,450.58,0.32,0.98,0,4,0.32,0.06210587272754603
914,rather,451.56,451.84,0.28,0.02,0,6,0.18666666666666668,0.3782839408200619
915,than,451.86,451.94,0.08,0.02,0,4,0.08,0.36073657267840376
916,trying,451.96,452.16,0.2,0.0,0,6,0.13333333333333333,0.24983041456839672
917,to,452.16,452.18,0.02,0.04,0,2,0.04,0.3736795041496233
918,explain,452.22,452.58,0.36,0.06,0,7,0.2057142857142857,0.17371651283215048
919,all,452.64,452.76,0.12,0.04,0,3,0.16,0.3910844698440259
920,the,452.8,452.84,0.04,0.06,0,3,0.05333333333333334,0.19585928727798974
921,hairy,452.9,453.14,0.24,0.04,0,5,0.192,0.3249466462872314
922,process,453.18,453.74,0.56,0.04,0,7,0.32,0.2213283330168049
923,of,453.78,453.84,0.06,0.06,0,2,0.12,0.17526207533137592
924,how,453.9,454.02,0.12,0.08,0,3,0.16,0.3389583483629077
925,drugs,454.1,454.4,0.3,0.02,0,5,0.24,0.21696704375407333
926,are,454.42,454.48,0.06,0.04,0,3,0.08,0.18348597569310823
927,being,454.52,454.66,0.14,0.04,0,5,0.11200000000000002,0.15355700607014963
928,recommended,454.7,455.2,0.5,0.06,0,11,0.18181818181818182,0.10056981213923427
929,overall,455.26,455.72,0.46,2.26,0,7,0.26285714285714284,0.05973946114500232
930,yeah,457.98,457.98,0.0,0.58,0,4,0.0,
931,this,458.56,458.74,0.18,0.1,0,4,0.18,0.18558586737650712
932,notion,458.84,459.32,0.48,0.12,0,6,0.32,0.29043647391790245
933,of,459.44,459.54,0.1,0.08,0,2,0.2,0.24459090115105298
934,contacts,459.62,460.52,0.9,1.26,0,8,0.45,0.09969279589287501
935,is,461.78,461.92,0.14,0.04,0,2,0.28,0.22022194991032543
936,extremely,461.96,462.36,0.4,0.04,0,9,0.17777777777777778,0.23627921472419694
937,important,462.4,463.0,0.6,1.62,0,9,0.26666666666666666,0.09627223047804957
938,positive,464.62,465.1,0.48,0.04,0,8,0.24,0.2703359741875984
939,science,465.14,465.52,0.38,0.04,0,7,0.21714285714285714,0.30686794728142863
940,research,465.56,465.96,0.4,0.04,0,8,0.2,0.1577476244398102
941,shows,466.0,466.4,0.4,0.08,0,5,0.32,0.24242296702104185
942,that,466.48,466.58,0.1,0.06,0,4,0.1,0.19244903189593351
943,humans,466.64,467.1,0.46,0.08,0,6,0.3066666666666667,0.3308494555521517
944,naturally,467.18,467.72,0.54,0.06,0,9,0.24000000000000002,0.2383771304750511
945,give,467.78,467.92,0.14,0.06,0,4,0.14,0.24782191301877174
946,explanations,467.98,468.68,0.7,0.08,0,12,0.2333333333333333,0.0978644843126719
947,tailored,468.76,469.24,0.48,0.04,0,8,0.24,0.24290028431281865
948,to,469.28,469.36,0.08,0.04,0,2,0.16,0.03543958318441195
949,the,469.4,469.44,0.04,0.06,0,3,0.05333333333333334,0.18915107482327226
950,context,469.5,470.14,0.64,0.04,0,7,0.3657142857142857,0.08986246413929816
951,at,470.18,470.26,0.08,0.06,0,2,0.16,0.07439708808485818
952,hand,470.32,470.7,0.38,1.74,0,4,0.38,0.04407740388295744
953,a,472.44,472.54,0.1,0.08,0,1,0.4,0.052525847294561175
954,clinician,472.62,473.2,0.58,0.04,0,9,0.2577777777777778,0.25346012195193307
955,might,473.24,473.44,0.2,0.06,0,5,0.16,0.273656655269871
956,give,473.5,473.64,0.14,0.08,0,4,0.14,0.221068791606874
957,one,473.72,473.94,0.22,0.06,0,3,0.29333333333333333,0.3497878923229739
958,reason,474.0,474.46,0.46,1.1,0,6,0.3066666666666667,0.15371207450276678
959,why,475.56,475.72,0.16,0.04,0,3,0.21333333333333335,0.27338657529125254
960,an,475.76,475.82,0.06,0.08,0,2,0.12,0.15116600203552466
961,elderly,475.9,476.34,0.44,0.06,0,7,0.25142857142857145,0.2917567925297858
962,patient,476.4,476.9,0.5,0.1,0,7,0.2857142857142857,0.1033700095000261
963,was,477.0,477.14,0.14,0.04,0,3,0.18666666666666668,0.15899731875198336
964,given,477.18,477.42,0.24,0.02,0,5,0.192,0.18044385633487667
965,a,477.44,477.48,0.04,0.04,0,1,0.16,0.19505818642282718
966,drug,477.52,477.86,0.34,1.62,0,4,0.34,0.17131239258205508
967,and,479.48,479.6,0.12,0.04,0,3,0.16,0.18522600576655027
968,that,479.64,479.76,0.12,0.04,0,4,0.12,0.4531414429531704
969,explanation,479.8,480.34,0.54,0.04,0,11,0.19636363636363638,0.2451710713862805
970,might,480.38,480.5,0.12,0.02,0,5,0.096,0.37275244937493546
971,be,480.52,480.6,0.08,0.06,0,2,0.16,0.21106493638431767
972,completely,480.66,481.24,0.58,0.06,0,10,0.23199999999999998,0.2578288642873173
973,different,481.3,481.74,0.44,0.58,0,9,0.19555555555555557,0.1202614903265458
974,for,482.32,482.42,0.1,0.08,0,3,0.13333333333333333,0.2111244782371842
975,why,482.5,482.72,0.22,0.18,0,3,0.29333333333333333,0.42959016758716667
976,a,482.9,482.98,0.08,0.12,0,1,0.32,0.29320915649654344
977,different,483.1,483.44,0.34,0.04,0,9,0.1511111111111111,0.19071129189375563
978,drug,483.48,483.82,0.34,0.16,0,4,0.34,0.10241307902440272
979,was,483.98,484.14,0.16,0.04,0,3,0.21333333333333335,0.20286192232068848
980,given,484.18,484.4,0.22,0.04,0,5,0.176,0.26192711073278907
981,to,484.44,484.52,0.08,0.04,0,2,0.16,0.03857698081622381
982,a,484.56,484.6,0.04,0.06,0,1,0.16,0.4192408960360893
983,younger,484.66,485.0,0.34,0.06,0,7,0.1942857142857143,0.33156160111948396
984,patient,485.06,485.64,0.58,0.58,0,7,0.3314285714285714,0.0453157494900111
985,with,486.22,486.34,0.12,0.04,0,4,0.12,0.25106937139475755
986,maybe,486.38,486.58,0.2,0.04,0,5,0.16,0.24980479969722055
987,some,486.62,486.74,0.12,0.04,0,4,0.12,0.10632541714755415
988,unlucky,486.78,487.16,0.38,0.04,0,7,0.21714285714285714,0.14501847759400502
989,genetics,487.2,487.8,0.6,1.16,0,8,0.3,0.05141485173414233
990,yeah,488.96,488.96,0.0,0.4,0,4,0.0,
991,as,489.36,489.52,0.16,0.06,0,2,0.32,0.11926329491212607
992,humans,489.58,490.12,0.54,0.58,0,6,0.36000000000000004,0.18148418953176385
993,we,490.7,490.78,0.08,0.06,0,2,0.16,0.16235851329515955
994,don't,490.84,491.0,0.16,0.02,0,5,0.128,0.391588815631216
995,expect,491.02,491.4,0.38,0.04,0,6,0.25333333333333335,0.1453400250270515
996,these,491.44,491.6,0.16,0.04,0,5,0.128,0.13204199858760093
997,explanations,491.64,492.3,0.66,0.04,0,12,0.22,0.12340190797377329
998,to,492.34,492.42,0.08,0.04,0,2,0.16,0.049338195321120534
999,be,492.46,492.52,0.06,0.08,0,2,0.12,0.07822497047527979
1000,the,492.6,492.66,0.06,0.06,0,3,0.08,0.11961588813746385
1001,same,492.72,493.08,0.36,1.14,0,4,0.36,0.15496770881715607
1002,or,494.22,494.34,0.12,0.04,0,2,0.24,0.11509737962600877
1003,even,494.38,494.58,0.2,0.06,0,4,0.2,0.21796017132560302
1004,consistent,494.64,495.26,0.62,1.98,0,10,0.248,0.11464409873434471
1005,yeah,497.24,497.24,0.0,1.14,0,4,0.0,
1006,what,498.38,498.54,0.16,0.04,0,4,0.16,0.3310726222592948
1007,we,498.58,498.66,0.08,0.2,0,2,0.16,0.24843296219257266
1008,do,498.86,499.04,0.18,0.18,0,2,0.36,0.23046363058191321
1009,expect,499.22,499.84,0.62,0.32,0,6,0.41333333333333333,0.0782667955123851
1010,is,500.16,500.3,0.14,0.02,0,2,0.28,0.10726412422488207
1011,that,500.32,500.4,0.08,0.04,0,4,0.08,0.3442580256277823
1012,the,500.44,500.48,0.04,0.1,0,3,0.05333333333333334,0.15333563251462032
1013,explanation,500.58,501.2,0.62,0.08,0,11,0.22545454545454546,0.2036646408635869
1014,hold,501.28,501.72,0.44,0.42,0,4,0.44,0.14733414222054506
1015,for,502.14,502.3,0.16,0.1,0,3,0.21333333333333335,0.09935801668896503
1016,similar,502.4,503.0,0.6,0.06,0,7,0.34285714285714286,0.20452155251564563
1017,circumstances,503.06,504.14,1.08,1.98,0,13,0.3323076923076923,0.05351775600785982
1018,something,506.12,506.44,0.32,0.04,0,9,0.14222222222222222,0.32125929581628015
1019,that,506.48,506.56,0.08,0.04,0,4,0.08,0.2072695673513493
1020,i'm,506.6,506.76,0.16,0.04,0,3,0.21333333333333335,0.3132312707629005
1021,going,506.8,506.96,0.16,0.02,0,5,0.128,0.3653836149736168
1022,to,506.98,507.04,0.06,0.06,0,2,0.12,0.16869239805189387
1023,call,507.1,507.4,0.3,0.84,0,4,0.3,0.2678859584091959
1024,local,508.24,508.7,0.46,0.66,0,5,0.368,0.3240937822002218
1025,counterfactual,509.36,510.42,1.06,0.64,0,14,0.3028571428571429,0.15464007695073317
1026,faithfulness,511.06,511.9,0.84,2.4,0,12,0.27999999999999997,0.05366187612075579
1027,for,514.3,514.4,0.1,0.04,0,3,0.13333333333333333,0.1452316640331633
1028,example,514.44,514.72,0.28,0.04,0,7,0.16,0.3707681450333231
1029,suppose,514.76,515.2,0.44,0.04,0,7,0.25142857142857145,0.3334070973883477
1030,that,515.24,515.32,0.08,0.02,0,4,0.08,0.23864757249854363
1031,you,515.34,515.4,0.06,0.06,0,3,0.08,0.18302739599059414
1032,were,515.46,515.54,0.08,0.04,0,4,0.08,0.39307216688380725
1033,denied,515.58,515.94,0.36,0.04,0,6,0.24,0.2864794333930181
1034,alone,515.98,516.36,0.38,0.4,0,5,0.304,0.08334484961745084
1035,and,516.76,517.04,0.28,0.04,0,3,0.37333333333333335,0.19054704895203695
1036,you,517.08,517.16,0.08,0.04,0,3,0.10666666666666667,0.26268377880795385
1037,were,517.2,517.28,0.08,0.04,0,4,0.08,0.3673735384715716
1038,told,517.32,517.54,0.22,0.02,0,4,0.22,0.30979314706412286
1039,it,517.56,517.62,0.06,0.02,0,2,0.12,0.42940259250203344
1040,was,517.64,517.78,0.14,0.04,0,3,0.18666666666666668,0.2811354221794506
1041,because,517.82,518.34,0.52,0.02,0,7,0.29714285714285715,0.2147446763917079
1042,you,518.36,518.42,0.06,0.08,0,3,0.08,0.08743190513148896
1043,hadn't,518.5,518.72,0.22,0.04,0,6,0.14666666666666667,0.2661358299182492
1044,paid,518.76,518.96,0.2,0.02,0,4,0.2,0.10662445521866955
1045,your,518.98,519.06,0.08,0.04,0,4,0.08,0.22637215439208105
1046,last,519.1,519.36,0.26,0.06,0,4,0.26,0.11779927225246899
1047,three,519.42,519.66,0.24,0.92,0,5,0.192,0.03310045915928845
1048,but,520.58,520.68,0.1,0.02,0,3,0.13333333333333333,0.23525538323423748
1049,then,520.7,520.8,0.1,0.02,0,4,0.1,0.38992221626876994
1050,it,520.82,520.84,0.02,0.04,0,2,0.04,0.4438286278416027
1051,turns,520.88,521.04,0.16,0.02,0,5,0.128,0.4215144278966115
1052,out,521.06,521.18,0.12,0.0,0,3,0.16,0.5363627740528518
1053,there's,521.18,521.32,0.14,0.0,0,7,0.08,0.17695596067079272
1054,a,521.32,521.36,0.04,0.04,0,1,0.16,0.2950134357915615
1055,book,521.4,521.54,0.14,0.02,0,4,0.14,0.1566826504261616
1056,keeping,521.56,521.82,0.26,0.06,0,7,0.14857142857142858,0.06515001193733175
1057,error,521.88,522.1,0.22,0.08,0,5,0.176,0.08869748435757314
1058,right,522.18,522.38,0.2,0.08,0,5,0.16,0.17629877080189296
1059,it's,522.46,522.56,0.1,0.02,0,4,0.1,0.12254553955139202
1060,all,522.58,522.7,0.12,0.06,0,3,0.16,0.8286628052421146
1061,good,522.76,523.0,0.24,0.8,0,4,0.24,0.19069828655077434
1062,you,523.8,523.88,0.08,0.24,0,3,0.10666666666666667,0.145965207786035
1063,actually,524.12,524.44,0.32,0.06,0,8,0.16,0.24113855510733723
1064,did,524.5,524.64,0.14,0.04,0,3,0.18666666666666668,0.18082484826140613
1065,pay,524.68,524.84,0.16,0.02,0,3,0.21333333333333335,0.16662271080636099
1066,your,524.86,524.96,0.1,0.04,0,4,0.1,0.2819509541186107
1067,last,525.0,525.22,0.22,0.04,0,4,0.22,0.1495143748814189
1068,three,525.26,525.4,0.14,0.02,0,5,0.11200000000000002,0.0724778205554683
1069,loans,525.42,525.72,0.3,0.42,0,5,0.24,0.05331521506855583
1070,well,526.14,526.34,0.2,0.22,0,4,0.2,0.11448813585230494
1071,you,526.56,526.62,0.06,0.04,0,3,0.08,0.12034616641834787
1072,would,526.66,526.76,0.1,0.02,0,5,0.08,0.17962565062644525
1073,expect,526.78,527.06,0.28,0.04,0,6,0.18666666666666668,0.10382065675110688
1074,to,527.1,527.16,0.06,0.04,0,2,0.12,0.0739057829812553
1075,get,527.2,527.3,0.1,0.02,0,3,0.13333333333333333,0.1681199933258088
1076,the,527.32,527.38,0.06,0.04,0,3,0.08,0.06982719433238463
1077,loan,527.42,527.68,0.26,0.92,0,4,0.26,0.11224744791982677
1078,uhhuh,528.6,528.78,0.18,1.36,0,5,0.144,0.0
1079,but,530.14,530.24,0.1,0.02,0,3,0.13333333333333333,0.10860918364755295
1080,then,530.26,530.36,0.1,0.04,0,4,0.1,0.46441365434729276
1081,suppose,530.4,530.68,0.28,0.02,0,7,0.16,0.2469845829938756
1082,that,530.7,530.78,0.08,0.04,0,4,0.08,0.2411867950344281
1083,you,530.82,531.0,0.18,0.08,0,3,0.24,0.39820692132102053
1084,had,531.08,531.18,0.1,0.04,0,3,0.13333333333333333,0.37461419249519146
1085,been,531.22,531.34,0.12,0.02,0,4,0.12,0.24637995571303747
1086,denied,531.36,531.68,0.32,0.02,0,6,0.21333333333333335,0.18786868792628725
1087,your,531.7,531.78,0.08,0.04,0,4,0.08,0.2020770428036466
1088,loan,531.82,532.1,0.28,0.36,0,4,0.28,0.18158396447672692
1089,because,532.46,532.7,0.24,0.0,0,7,0.13714285714285715,0.24692243401402325
1090,of,532.7,532.78,0.08,0.08,0,2,0.16,0.2395661455278089
1091,insufficient,532.86,533.5,0.64,0.04,0,12,0.21333333333333335,0.27149008352021836
1092,income,533.54,533.96,0.42,0.68,0,6,0.27999999999999997,0.06748114354849936
1093,then,534.64,534.78,0.14,0.04,0,4,0.14,0.17665388936595716
1094,you,534.82,534.92,0.1,0.08,0,3,0.13333333333333333,0.2806055796596813
1095,wouldn't,535.0,535.22,0.22,0.04,0,8,0.11,0.32586913891097224
1096,expect,535.26,535.6,0.34,0.06,0,6,0.22666666666666668,0.08989227653897189
1097,no,535.66,535.78,0.12,0.04,0,2,0.24,0.2536691677292016
1098,one,535.82,535.94,0.12,0.02,0,3,0.16,0.261338503302721
1099,in,535.96,536.02,0.06,0.04,0,2,0.12,0.19852241397825574
1100,this,536.06,536.2,0.14,0.08,0,4,0.14,0.16123855939600387
1101,room,536.28,536.52,0.24,0.04,0,4,0.24,0.3402618512719343
1102,would,536.56,536.66,0.1,0.04,0,5,0.08,0.18573318587033572
1103,expect,536.7,537.26,0.56,1.62,0,6,0.37333333333333335,0.06326237386188861
1104,that,538.88,539.06,0.18,0.12,0,4,0.18,0.3535569401010185
1105,if,539.18,539.36,0.18,0.04,0,2,0.36,0.21210347899050455
1106,your,539.4,539.58,0.18,0.28,0,4,0.18,0.44622245912470176
1107,prior,539.86,540.14,0.28,0.02,0,5,0.22400000000000003,0.29236240567583865
1108,payment,540.16,540.46,0.3,0.04,0,7,0.17142857142857143,0.21397524941868237
1109,history,540.5,540.78,0.28,0.08,0,7,0.16,0.12010924299621051
1110,changed,540.86,541.44,0.58,0.32,0,7,0.3314285714285714,0.13533959153015698
1111,the,541.76,541.84,0.08,0.04,0,3,0.10666666666666667,0.1263132156855557
1112,decision,541.88,542.3,0.42,0.06,0,8,0.21,0.1681233941018306
1113,the,542.36,542.42,0.06,0.04,0,3,0.08,0.20151251196456216
1114,loan,542.46,542.64,0.18,0.04,0,4,0.18,0.24152505175396133
1115,decision,542.68,543.08,0.4,0.04,0,8,0.2,0.09073042765384508
1116,would,543.12,543.22,0.1,0.04,0,5,0.08,0.07983520157127161
1117,change,543.26,543.66,0.4,1.14,0,6,0.26666666666666666,0.043588716960244224
1118,right,544.8,545.04,0.24,0.04,0,5,0.192,0.24042690132577693
1119,so,545.08,545.18,0.1,0.36,0,2,0.2,0.20278268161407803
1120,here's,545.54,545.78,0.24,0.06,0,6,0.16,0.3058510566864733
1121,how,545.84,546.08,0.24,0.56,0,3,0.32,0.3930086244743497
1122,we,546.64,546.74,0.1,0.1,0,2,0.2,0.18030809186314592
1123,have,546.84,547.04,0.2,0.08,0,4,0.2,0.3284496636917259
1124,expectations,547.12,548.18,1.06,0.26,0,12,0.35333333333333333,0.14506418636864182
1125,where,548.44,548.6,0.16,0.02,0,5,0.128,0.4779032979240881
1126,we,548.62,548.68,0.06,0.08,0,2,0.12,0.3148710395373265
1127,only,548.76,548.92,0.16,0.04,0,4,0.16,0.420931413920627
1128,expect,548.96,549.24,0.28,0.06,0,6,0.18666666666666668,0.16408212513281928
1129,to,549.3,549.4,0.1,0.52,0,2,0.2,0.21889290886972404
1130,produce,549.92,550.24,0.32,0.06,0,7,0.18285714285714286,0.11505073002618457
1131,outcomes,550.3,550.78,0.48,0.04,0,8,0.24,0.1578560847594014
1132,for,550.82,550.92,0.1,0.06,0,3,0.13333333333333333,0.08268184496999748
1133,similar,550.98,551.4,0.42,0.06,0,7,0.24,0.23643048463434546
1134,related,551.46,551.8,0.34,0.04,0,7,0.1942857142857143,0.15894955013196477
1135,circumstances,551.84,552.72,0.88,1.02,0,13,0.27076923076923076,0.03471003741790533
1136,yeah,553.74,553.74,0.0,1.28,0,4,0.0,
1137,these,555.02,555.32,0.3,0.08,0,5,0.24,0.3438571783391112
1138,notions,555.4,556.02,0.62,0.1,0,7,0.35428571428571426,0.29806903930098366
1139,these,556.12,556.28,0.16,0.06,0,5,0.128,0.17178099030691998
1140,human,556.34,556.66,0.32,0.06,0,5,0.256,0.2678096156322715
1141,notions,556.72,557.3,0.58,0.38,0,7,0.3314285714285714,0.22335083237111697
1142,of,557.68,557.8,0.12,0.06,0,2,0.24,0.17450451410271595
1143,what,557.86,558.0,0.14,0.02,0,4,0.14,0.3510423314557195
1144,we,558.02,558.1,0.08,0.08,0,2,0.16,0.18756986543286802
1145,want,558.18,558.42,0.24,0.06,0,4,0.24,0.1750542018873109
1146,from,558.48,558.62,0.14,0.08,0,4,0.14,0.1044743569876042
1147,systems,558.7,559.38,0.68,1.5,0,7,0.3885714285714286,0.14403382704122858
1148,are,560.88,561.02,0.14,0.08,0,3,0.18666666666666668,0.20889397305951282
1149,good,561.1,561.32,0.22,0.06,0,4,0.22,0.473449118953768
1150,for,561.38,561.46,0.08,0.06,0,3,0.10666666666666667,0.1329891975076674
1151,designers,561.52,562.2,0.68,0.38,0,9,0.3022222222222222,0.18343265711305964
1152,of,562.58,562.68,0.1,0.06,0,2,0.2,0.07988948474197613
1153,explainable,562.74,563.34,0.6,0.06,0,11,0.21818181818181817,0.12108594425410518
1154,ais,563.4,563.96,0.56,2.12,0,3,0.7466666666666667,0.07837908580907124
1155,in,566.08,566.18,0.1,0.04,0,2,0.2,0.3019134205102835
1156,particular,566.22,566.86,0.64,0.52,0,10,0.256,0.23141396892580626
1157,ideas,567.38,567.92,0.54,0.04,0,5,0.43200000000000005,0.1970763392114499
1158,such,567.96,568.16,0.2,0.02,0,4,0.2,0.10262836568027581
1159,as,568.18,568.26,0.08,0.08,0,2,0.16,0.16422746589902476
1160,local,568.34,568.74,0.4,0.08,0,5,0.32,0.2843779207538274
1161,explanation,568.82,569.58,0.76,1.24,0,11,0.27636363636363637,0.111204124554749
1162,and,570.82,570.96,0.14,0.06,0,3,0.18666666666666668,0.14602860883306876
1163,local,571.02,571.34,0.32,0.06,0,5,0.256,0.2950584950641189
1164,counterfactual,571.4,572.28,0.88,0.08,0,14,0.25142857142857145,0.1269111787378475
1165,faithfulness,572.36,573.14,0.78,0.8,0,12,0.26,0.14379680063560607
1166,just,573.94,574.12,0.18,0.06,0,4,0.18,0.20944812722354256
1167,mean,574.18,574.38,0.2,0.02,0,4,0.2,0.4387484016032949
1168,that,574.4,574.5,0.1,0.04,0,4,0.1,0.42869804218226454
1169,we,574.54,574.6,0.06,0.08,0,2,0.12,0.3020090380536807
1170,have,574.68,574.8,0.12,0.04,0,4,0.12,0.28361679719208993
1171,to,574.84,574.9,0.06,0.16,0,2,0.12,0.11973378439883771
1172,explain,575.06,575.52,0.46,0.12,0,7,0.26285714285714284,0.16364471467276256
1173,a,575.64,575.7,0.06,0.08,0,1,0.24,0.16935878051726114
1174,small,575.78,576.18,0.4,0.06,0,5,0.32,0.44592260115152893
1175,part,576.24,576.8,0.56,1.2,0,4,0.56,0.1986132797247531
1176,of,578.0,578.16,0.16,0.04,0,2,0.32,0.20325282476285159
1177,an,578.2,578.28,0.08,0.06,0,2,0.16,0.22228776988383828
1178,ais,578.34,578.8,0.46,0.02,0,3,0.6133333333333334,0.22003441904584867
1179,decision,578.82,579.24,0.42,0.02,0,8,0.21,0.09757175100565398
1180,making,579.26,579.52,0.26,0.06,0,6,0.17333333333333334,0.08554358587557553
1181,logic,579.58,580.04,0.46,0.54,0,5,0.368,0.11441854497497038
1182,the,580.58,580.66,0.08,0.04,0,3,0.10666666666666667,0.12242094271113434
1183,part,580.7,580.94,0.24,0.02,0,4,0.24,0.17010729455080373
1184,that's,580.96,581.1,0.14,0.02,0,6,0.09333333333333334,0.10842139780389706
1185,relevant,581.12,581.48,0.36,0.04,0,8,0.18,0.10032184925422134
1186,for,581.52,581.6,0.08,0.04,0,3,0.10666666666666667,0.05106698708187764
1187,the,581.64,581.7,0.06,0.04,0,3,0.08,0.1251332635348513
1188,context,581.74,582.3,0.56,0.02,0,7,0.32,0.028123047831207934
1189,at,582.32,582.4,0.08,0.04,0,2,0.16,0.034385302228385414
1190,hand,582.44,582.84,0.4,1.92,0,4,0.4,0.039524900684651205
1191,even,584.76,585.04,0.28,0.06,0,4,0.28,0.27443514621509285
1192,better,585.1,585.48,0.38,0.44,0,6,0.25333333333333335,0.2245110474027317
1193,simple,585.92,586.26,0.34,0.06,0,6,0.22666666666666668,0.26401532552721346
1194,local,586.32,586.62,0.3,0.04,0,5,0.24,0.3021014890787868
1195,boundaries,586.66,587.24,0.58,0.96,0,10,0.23199999999999998,0.1193504192548698
1196,the,588.2,588.26,0.06,0.06,0,3,0.08,0.09435668481932964
1197,kinds,588.32,588.68,0.36,0.0,0,5,0.288,0.28016863783215634
1198,that,588.68,588.78,0.1,0.0,0,4,0.1,0.2922325259198606
1199,are,588.78,588.86,0.08,0.08,0,3,0.10666666666666667,0.31010903425103153
1200,easiest,588.94,589.48,0.54,0.06,0,7,0.3085714285714286,0.19029279629183118
1201,to,589.54,589.62,0.08,0.08,0,2,0.16,0.03321736588369633
1202,explain,589.7,590.2,0.5,1.2,0,7,0.2857142857142857,0.08585249104386586
1203,are,591.4,591.54,0.14,0.1,0,3,0.18666666666666668,0.24420493326720893
1204,often,591.64,591.98,0.34,0.06,0,5,0.272,0.29837347924071606
1205,also,592.04,592.38,0.34,0.08,0,4,0.34,0.22346435012496535
1206,the,592.46,592.52,0.06,0.06,0,3,0.08,0.1693404034021789
1207,best,592.58,592.86,0.28,0.06,0,4,0.28,0.10371542252397103
1208,predictors,592.92,593.56,0.64,3.1,0,10,0.256,0.04506055954451519
1209,yeah,596.66,596.66,0.0,0.98,0,4,0.0,
1210,knowing,597.64,597.94,0.3,0.02,0,7,0.17142857142857143,0.3058164370289068
1211,what,597.96,598.1,0.14,0.02,0,4,0.14,0.5004862025932614
1212,we,598.12,598.2,0.08,0.08,0,2,0.16,0.19361565357008212
1213,want,598.28,598.56,0.28,0.06,0,4,0.28,0.2045915471100139
1214,from,598.62,598.76,0.14,0.04,0,4,0.14,0.21987662170383473
1215,explanation,598.8,599.42,0.62,0.06,0,11,0.22545454545454546,0.217505727614002
1216,though,599.48,599.62,0.14,,0,6,0.09333333333333334,0.42822573013001863
